#
# There is insufficient memory for the Java Runtime Environment to continue.
# Native memory allocation (mmap) failed to map 22740992 bytes. Error detail: G1 virtual space
# Possible reasons:
#   The system is out of physical RAM or swap space
#   This process is running with CompressedOops enabled, and the Java Heap may be blocking the growth of the native heap
# Possible solutions:
#   Reduce memory load on the system
#   Increase physical memory or swap space
#   Check if swap backing store is full
#   Decrease Java heap size (-Xmx/-Xms)
#   Decrease number of Java threads
#   Decrease Java thread stack sizes (-Xss)
#   Set larger code cache with -XX:ReservedCodeCacheSize=
#   JVM is running with Zero Based Compressed Oops mode in which the Java heap is
#     placed in the first 32GB address space. The Java Heap base address is the
#     maximum limit for the native heap growth. Please use -XX:HeapBaseMinAddress
#     to set the Java Heap base and to place the Java Heap above 32GB virtual address.
# This output file may be truncated or incomplete.
#
#  Out of Memory Error (os_windows.cpp:3898), pid=13404, tid=20204
#
# JRE version: OpenJDK Runtime Environment (21.0.7) (build 21.0.7+-13880790-b1038.58)
# Java VM: OpenJDK 64-Bit Server VM (21.0.7+-13880790-b1038.58, mixed mode, tiered, compressed oops, compressed class ptrs, g1 gc, windows-amd64)
# No core dump will be written. Minidumps are not enabled by default on client versions of Windows
#

---------------  S U M M A R Y ------------

Command Line: --add-opens=java.base/java.lang=ALL-UNNAMED --add-opens=java.base/java.lang.invoke=ALL-UNNAMED --add-opens=java.base/java.util=ALL-UNNAMED --add-opens=java.prefs/java.util.prefs=ALL-UNNAMED --add-exports=jdk.compiler/com.sun.tools.javac.api=ALL-UNNAMED --add-exports=jdk.compiler/com.sun.tools.javac.util=ALL-UNNAMED --add-opens=java.base/java.util=ALL-UNNAMED --add-opens=java.prefs/java.util.prefs=ALL-UNNAMED --add-opens=java.base/java.nio.charset=ALL-UNNAMED --add-opens=java.base/java.net=ALL-UNNAMED --add-opens=java.base/java.util.concurrent.atomic=ALL-UNNAMED --add-opens=java.xml/javax.xml.namespace=ALL-UNNAMED -XX:MaxMetaspaceSize=4G -XX:ReservedCodeCacheSize=512m -XX:+HeapDumpOnOutOfMemoryError -Xmx8G -Dfile.encoding=UTF-8 -Duser.country=US -Duser.language=en -Duser.variant -javaagent:C:\Users\hasen\.gradle\wrapper\dists\gradle-8.12-all\ejduaidbjup3bmmkhw3rie4zb\gradle-8.12\lib\agents\gradle-instrumentation-agent-8.12.jar org.gradle.launcher.daemon.bootstrap.GradleDaemon 8.12

Host: 12th Gen Intel(R) Core(TM) i7-1255U, 12 cores, 7G,  Windows 11 , 64 bit Build 26100 (10.0.26100.8697)
Time: Thu Jun 25 00:04:02 2026 Sri Lanka Standard Time elapsed time: 616.275531 seconds (0d 0h 10m 16s)

---------------  T H R E A D  ---------------

Current thread (0x000001877ba1ea80):  VMThread "VM Thread"          [id=20204, stack(0x000000205b600000,0x000000205b700000) (1024K)]

Stack: [0x000000205b600000,0x000000205b700000]
Native frames: (J=compiled Java code, j=interpreted, Vv=VM code, C=native code)
V  [jvm.dll+0x6d25c9]
V  [jvm.dll+0x860923]
V  [jvm.dll+0x862e7e]
V  [jvm.dll+0x863563]
V  [jvm.dll+0x27f156]
V  [jvm.dll+0x6ceee5]
V  [jvm.dll+0x6c29aa]
V  [jvm.dll+0x355ebb]
V  [jvm.dll+0x35db16]
V  [jvm.dll+0x3afb2b]
V  [jvm.dll+0x3afde8]
V  [jvm.dll+0x32855c]
V  [jvm.dll+0x3285e7]
V  [jvm.dll+0x36e47c]
V  [jvm.dll+0x36cc2e]
V  [jvm.dll+0x327cb1]
V  [jvm.dll+0x36c330]
V  [jvm.dll+0x8692e8]
V  [jvm.dll+0x86a664]
V  [jvm.dll+0x86aba0]
V  [jvm.dll+0x86ae33]
V  [jvm.dll+0x808d08]
V  [jvm.dll+0x6d0e1d]
C  [ucrtbase.dll+0x2cd30]
C  [KERNEL32.DLL+0x2ccb7]
C  [ntdll.dll+0xaad6c]

VM_Operation (0x00000020680fb530): G1CollectForAllocation, mode: safepoint, requested by thread 0x00000187178d7200


---------------  P R O C E S S  ---------------

Threads class SMR info:
_java_thread_list=0x00000187173d4970, length=229, elements={
0x0000018753befea0, 0x000001877e6c25b0, 0x000001877e6c5b50, 0x000001877e6c65b0,
0x000001877e6e2ff0, 0x000001877e6e3a50, 0x000001877e6e44b0, 0x000001877e6f5300,
0x000001877e6f7420, 0x000001877e6f7ec0, 0x000001877e9b2c10, 0x000001870c6c7490,
0x000001870c249090, 0x000001870c5c5a50, 0x000001870c5be6b0, 0x000001870c5bf910,
0x000001870d2009f0, 0x000001870d0ac390, 0x000001870d0abd00, 0x000001870d0addd0,
0x000001870d0ae460, 0x000001870d0aeaf0, 0x000001870d0af180, 0x000001870d0aca20,
0x000001870d0ad740, 0x000001870fb5b610, 0x000001870fb5c330, 0x000001870fb5c9c0,
0x000001870fb5d050, 0x000001870fb5a8f0, 0x000001870fb5dd70, 0x000001870fb5d6e0,
0x000001870fb5af80, 0x000001870fb5fe40, 0x000001870fb60b60, 0x000001870fdaa610,
0x000001870fda8bd0, 0x000001870fdab9c0, 0x000001870fdaaca0, 0x000001870fdac050,
0x000001870fdab330, 0x000001870fda9260, 0x000001870fda98f0, 0x000001870fda9f80,
0x000001870dfa4410, 0x000001870dfa2340, 0x000001870dfa3060, 0x000001870dfa1620,
0x000001870dfa29d0, 0x000001870dfa1cb0, 0x000001870dfa36f0, 0x000001870dfa3d80,
0x000001870dfa0f90, 0x000001870dfa64e0, 0x000001870dfa6b70, 0x000001870dfa7200,
0x000001870dfa4aa0, 0x000001870dfa7890, 0x000001870dfa57c0, 0x000001870dfa5130,
0x000001870dfa7f20, 0x000001870dfa85b0, 0x000001870dfa5e50, 0x000001870e404c20,
0x000001870e405fd0, 0x000001870e4052b0, 0x000001870e405940, 0x000001870e406cf0,
0x000001870e409450, 0x000001870e409ae0, 0x000001870e407a10, 0x000001870e40a170,
0x000001870e407380, 0x00000187100e53b0, 0x00000187100e4d20, 0x00000187100e4690,
0x00000187100e60d0, 0x00000187100e5a40, 0x00000187100e32e0, 0x00000187100e4000,
0x00000187100e3970, 0x00000187100e6760, 0x00000187110c7fe0, 0x00000187110ca740,
0x00000187110ca0b0, 0x00000187110c8670, 0x00000187110cadd0, 0x00000187110c7950,
0x00000187110c8d00, 0x00000187110cb460, 0x00000187110cbaf0, 0x00000187110cc180,
0x00000187110c9a20, 0x00000187110cc810, 0x00000187110c9390, 0x00000187110ccea0,
0x00000187110cd530, 0x00000187110cdbc0, 0x00000187110ce250, 0x00000187110ce8e0,
0x00000187110cef70, 0x0000018711d23d10, 0x0000018711d250c0, 0x0000018711d24a30,
0x0000018711d25750, 0x0000018711d25de0, 0x0000018711d22ff0, 0x0000018711d22960,
0x0000018711d26b00, 0x0000018711d23680, 0x0000018711d27820, 0x0000018711d243a0,
0x0000018711d27eb0, 0x0000018711d29260, 0x0000018711d27190, 0x0000018711d26470,
0x0000018711d28540, 0x0000018711d28bd0, 0x0000018711d29f80, 0x000001870e3a1400,
0x000001870e3a2120, 0x000001870e3a3b60, 0x000001870e3a27b0, 0x000001870e3a2e40,
0x000001870e3a34d0, 0x000001870e3a41f0, 0x000001870e3a0d70, 0x000001870e3a4880,
0x000001870e3a4f10, 0x000001870e3a1a90, 0x000001870e3a55a0, 0x000001870e3a7670,
0x000001870e3a6950, 0x000001870e3a7d00, 0x000001870e3a8390, 0x000001870e3a5c30,
0x000001870e3a62c0, 0x000001870e3a6fe0, 0x00000187119bae80, 0x00000187119bb510,
0x00000187119bc230, 0x00000187119ba7f0, 0x00000187119bbba0, 0x00000187119bcf50,
0x00000187119bd5e0, 0x00000187119bdc70, 0x00000187119bc8c0, 0x00000187119c1780,
0x00000187119bf020, 0x000001870ef47c30, 0x000001870f4d0f20, 0x000001870f4d22d0,
0x000001870f4cee50, 0x000001870f4d2960, 0x000001870f4d2ff0, 0x000001870f4cfb70,
0x000001870f4d3680, 0x000001870f4d0200, 0x000001870f4d6470, 0x000001870f4d6b00,
0x000001870f4d5de0, 0x000001870f4d3d10, 0x000001870f4d5750, 0x000001870f4d7820,
0x000001870f4d50c0, 0x000001870f4d43a0, 0x000001870f4d7eb0, 0x000001870f4d4a30,
0x000001870f4d98f0, 0x000001870f4d9f80, 0x000001870f4dc050, 0x000001870f4dc6e0,
0x000001870f4dcd70, 0x000001870f4dda90, 0x00000187171dae30, 0x00000187171d93f0,
0x00000187171dc870, 0x00000187171dcf00, 0x00000187171d9a80, 0x000001870e406660,
0x00000187171de940, 0x00000187178d5e50, 0x00000187178d4410, 0x00000187178d5130,
0x00000187178d36f0, 0x00000187178d6b70, 0x00000187178d7200, 0x00000187178d7f20,
0x00000187178d7890, 0x00000187178d4aa0, 0x00000187178da680, 0x00000187178dc750,
0x00000187178dad10, 0x00000187178dcde0, 0x00000187178dc0c0, 0x00000187178d9960,
0x00000187178dfbd0, 0x00000187178e0260, 0x00000187178dd470, 0x00000187178e08f0,
0x00000187178e0f80, 0x00000187178e2330, 0x00000187191aa5b0, 0x00000187191a9890,
0x00000187191ae0c0, 0x00000187191b0190, 0x00000187191a84e0, 0x00000187191b1bd0,
0x00000187191b2260, 0x00000187191afb00, 0x00000187191b1540, 0x00000187191aede0,
0x00000187191b0eb0, 0x00000187191b28f0, 0x00000187191af470, 0x00000187191b2f80,
0x00000187191b3610, 0x00000187191b3ca0, 0x00000187191b4330, 0x00000187178d57c0,
0x00000187178db3a0, 0x00000187178deeb0, 0x00000187178df540, 0x00000187171defd0,
0x0000018717fbb220, 0x0000018717fbcc60, 0x0000018717fb9e70, 0x0000018717fc4910,
0x0000018717fc3560
}

Java Threads: ( => current thread )
  0x0000018753befea0 JavaThread "main"                              [_thread_blocked, id=15004, stack(0x000000205af00000,0x000000205b000000) (1024K)]
  0x000001877e6c25b0 JavaThread "Common-Cleaner"             daemon [_thread_blocked, id=2564, stack(0x000000205b700000,0x000000205b800000) (1024K)]
  0x000001877e6c5b50 JavaThread "Reference Handler"          daemon [_thread_blocked, id=20732, stack(0x000000205b800000,0x000000205b900000) (1024K)]
  0x000001877e6c65b0 JavaThread "Finalizer"                  daemon [_thread_blocked, id=15480, stack(0x000000205b900000,0x000000205ba00000) (1024K)]
  0x000001877e6e2ff0 JavaThread "Signal Dispatcher"          daemon [_thread_blocked, id=9380, stack(0x000000205ba00000,0x000000205bb00000) (1024K)]
  0x000001877e6e3a50 JavaThread "Attach Listener"            daemon [_thread_blocked, id=17964, stack(0x000000205bb00000,0x000000205bc00000) (1024K)]
  0x000001877e6e44b0 JavaThread "Service Thread"             daemon [_thread_blocked, id=18212, stack(0x000000205bc00000,0x000000205bd00000) (1024K)]
  0x000001877e6f5300 JavaThread "Monitor Deflation Thread"   daemon [_thread_blocked, id=13680, stack(0x000000205bd00000,0x000000205be00000) (1024K)]
  0x000001877e6f7420 JavaThread "C2 CompilerThread0"         daemon [_thread_blocked, id=8560, stack(0x000000205be00000,0x000000205bf00000) (1024K)]
  0x000001877e6f7ec0 JavaThread "C1 CompilerThread0"         daemon [_thread_blocked, id=12356, stack(0x000000205bf00000,0x000000205c000000) (1024K)]
  0x000001877e9b2c10 JavaThread "Notification Thread"        daemon [_thread_blocked, id=1756, stack(0x000000205c000000,0x000000205c100000) (1024K)]
  0x000001870c6c7490 JavaThread "Daemon health stats"               [_thread_blocked, id=11480, stack(0x000000205c500000,0x000000205c600000) (1024K)]
  0x000001870c249090 JavaThread "Incoming local TCP Connector on port 56766"        [_thread_in_native, id=4432, stack(0x000000205c600000,0x000000205c700000) (1024K)]
  0x000001870c5c5a50 JavaThread "Daemon periodic checks"            [_thread_blocked, id=21960, stack(0x000000205c700000,0x000000205c800000) (1024K)]
  0x000001870c5be6b0 JavaThread "Daemon"                            [_thread_blocked, id=15532, stack(0x000000205c800000,0x000000205c900000) (1024K)]
  0x000001870c5bf910 JavaThread "Handler for socket connection from /127.0.0.1:56766 to /127.0.0.1:56767"        [_thread_in_native, id=19364, stack(0x000000205c900000,0x000000205ca00000) (1024K)]
  0x000001870d2009f0 JavaThread "Cancel handler"                    [_thread_blocked, id=20264, stack(0x000000205ca00000,0x000000205cb00000) (1024K)]
  0x000001870d0ac390 JavaThread "Daemon worker"                     [_thread_blocked, id=20736, stack(0x000000205cb00000,0x000000205cc00000) (1024K)]
  0x000001870d0abd00 JavaThread "Asynchronous log dispatcher for DefaultDaemonConnection: socket connection from /127.0.0.1:56766 to /127.0.0.1:56767"        [_thread_blocked, id=8952, stack(0x000000205cc00000,0x000000205cd00000) (1024K)]
  0x000001870d0addd0 JavaThread "Stdin handler"                     [_thread_blocked, id=18604, stack(0x000000205cd00000,0x000000205ce00000) (1024K)]
  0x000001870d0ae460 JavaThread "Daemon client event forwarder"        [_thread_blocked, id=10696, stack(0x000000205ce00000,0x000000205cf00000) (1024K)]
  0x000001870d0aeaf0 JavaThread "Cache worker for journal cache (C:\Users\hasen\.gradle\caches\journal-1)"        [_thread_blocked, id=1972, stack(0x000000205d600000,0x000000205d700000) (1024K)]
  0x000001870d0af180 JavaThread "File lock request listener"        [_thread_in_native, id=15032, stack(0x000000205d700000,0x000000205d800000) (1024K)]
  0x000001870d0aca20 JavaThread "Cache worker for file hash cache (C:\Users\hasen\.gradle\caches\8.12\fileHashes)"        [_thread_blocked, id=3748, stack(0x000000205d800000,0x000000205d900000) (1024K)]
  0x000001870d0ad740 JavaThread "Cache worker for file hash cache (E:\1.PROFESSIONAL APPLICATIONS\Tamil-and-Sinhala-Converter\mobile\android\.gradle\8.12\fileHashes)"        [_thread_blocked, id=19552, stack(0x000000205d900000,0x000000205da00000) (1024K)]
  0x000001870fb5b610 JavaThread "Cache worker for Build Output Cleanup Cache (E:\1.PROFESSIONAL APPLICATIONS\Tamil-and-Sinhala-Converter\mobile\android\.gradle\buildOutputCleanup)"        [_thread_blocked, id=6288, stack(0x000000205da00000,0x000000205db00000) (1024K)]
  0x000001870fb5c330 JavaThread "File watcher server"        daemon [_thread_blocked, id=19916, stack(0x000000205db00000,0x000000205dc00000) (1024K)]
  0x000001870fb5c9c0 JavaThread "File watcher consumer"      daemon [_thread_blocked, id=408, stack(0x000000205dc00000,0x000000205dd00000) (1024K)]
  0x000001870fb5d050 JavaThread "Cache worker for checksums cache (E:\1.PROFESSIONAL APPLICATIONS\Tamil-and-Sinhala-Converter\mobile\android\.gradle\8.12\checksums)"        [_thread_blocked, id=12988, stack(0x000000205de00000,0x000000205df00000) (1024K)]
  0x000001870fb5a8f0 JavaThread "Cache worker for file content cache (C:\Users\hasen\.gradle\caches\8.12\fileContent)"        [_thread_blocked, id=19760, stack(0x000000205df00000,0x000000205e000000) (1024K)]
  0x000001870fb5dd70 JavaThread "Cache worker for cache directory md-rule (C:\Users\hasen\.gradle\caches\8.12\md-rule)"        [_thread_blocked, id=15504, stack(0x000000205e000000,0x000000205e100000) (1024K)]
  0x000001870fb5d6e0 JavaThread "Cache worker for cache directory md-supplier (C:\Users\hasen\.gradle\caches\8.12\md-supplier)"        [_thread_blocked, id=15124, stack(0x000000205e100000,0x000000205e200000) (1024K)]
  0x000001870fb5af80 JavaThread "Cache worker for Build Output Cleanup Cache (C:\flutter\packages\flutter_tools\gradle\.gradle\buildOutputCleanup)"        [_thread_blocked, id=21636, stack(0x000000205e300000,0x000000205e400000) (1024K)]
  0x000001870fb5fe40 JavaThread "Unconstrained build operations"        [_thread_blocked, id=16288, stack(0x000000205e200000,0x000000205e300000) (1024K)]
  0x000001870fb60b60 JavaThread "Unconstrained build operations Thread 2"        [_thread_blocked, id=2736, stack(0x000000205e400000,0x000000205e500000) (1024K)]
  0x000001870fdaa610 JavaThread "Unconstrained build operations Thread 3"        [_thread_blocked, id=13500, stack(0x000000205e500000,0x000000205e600000) (1024K)]
  0x000001870fda8bd0 JavaThread "Unconstrained build operations Thread 4"        [_thread_blocked, id=16140, stack(0x000000205e600000,0x000000205e700000) (1024K)]
  0x000001870fdab9c0 JavaThread "Unconstrained build operations Thread 5"        [_thread_blocked, id=9780, stack(0x000000205e700000,0x000000205e800000) (1024K)]
  0x000001870fdaaca0 JavaThread "Unconstrained build operations Thread 6"        [_thread_blocked, id=20892, stack(0x000000205e800000,0x000000205e900000) (1024K)]
  0x000001870fdac050 JavaThread "Unconstrained build operations Thread 7"        [_thread_blocked, id=3772, stack(0x000000205e900000,0x000000205ea00000) (1024K)]
  0x000001870fdab330 JavaThread "Unconstrained build operations Thread 8"        [_thread_blocked, id=22136, stack(0x000000205ea00000,0x000000205eb00000) (1024K)]
  0x000001870fda9260 JavaThread "Unconstrained build operations Thread 9"        [_thread_blocked, id=21564, stack(0x000000205eb00000,0x000000205ec00000) (1024K)]
  0x000001870fda98f0 JavaThread "Unconstrained build operations Thread 10"        [_thread_blocked, id=10856, stack(0x000000205ec00000,0x000000205ed00000) (1024K)]
  0x000001870fda9f80 JavaThread "Unconstrained build operations Thread 11"        [_thread_blocked, id=17300, stack(0x000000205ed00000,0x000000205ee00000) (1024K)]
  0x000001870dfa4410 JavaThread "Unconstrained build operations Thread 12"        [_thread_blocked, id=6952, stack(0x000000205dd00000,0x000000205de00000) (1024K)]
  0x000001870dfa2340 JavaThread "Unconstrained build operations Thread 13"        [_thread_blocked, id=8720, stack(0x000000205ee00000,0x000000205ef00000) (1024K)]
  0x000001870dfa3060 JavaThread "Unconstrained build operations Thread 14"        [_thread_blocked, id=17948, stack(0x000000205ef00000,0x000000205f000000) (1024K)]
  0x000001870dfa1620 JavaThread "Unconstrained build operations Thread 15"        [_thread_blocked, id=21660, stack(0x000000205f000000,0x000000205f100000) (1024K)]
  0x000001870dfa29d0 JavaThread "Unconstrained build operations Thread 16"        [_thread_blocked, id=18264, stack(0x000000205f100000,0x000000205f200000) (1024K)]
  0x000001870dfa1cb0 JavaThread "Unconstrained build operations Thread 17"        [_thread_blocked, id=12316, stack(0x000000205f200000,0x000000205f300000) (1024K)]
  0x000001870dfa36f0 JavaThread "Unconstrained build operations Thread 18"        [_thread_blocked, id=4652, stack(0x000000205f300000,0x000000205f400000) (1024K)]
  0x000001870dfa3d80 JavaThread "Unconstrained build operations Thread 19"        [_thread_blocked, id=20704, stack(0x000000205f400000,0x000000205f500000) (1024K)]
  0x000001870dfa0f90 JavaThread "Unconstrained build operations Thread 20"        [_thread_blocked, id=14896, stack(0x000000205f500000,0x000000205f600000) (1024K)]
  0x000001870dfa64e0 JavaThread "Unconstrained build operations Thread 21"        [_thread_blocked, id=4252, stack(0x000000205f600000,0x000000205f700000) (1024K)]
  0x000001870dfa6b70 JavaThread "Unconstrained build operations Thread 22"        [_thread_blocked, id=19652, stack(0x000000205f700000,0x000000205f800000) (1024K)]
  0x000001870dfa7200 JavaThread "Unconstrained build operations Thread 23"        [_thread_blocked, id=18104, stack(0x000000205f800000,0x000000205f900000) (1024K)]
  0x000001870dfa4aa0 JavaThread "Unconstrained build operations Thread 24"        [_thread_blocked, id=12980, stack(0x000000205f900000,0x000000205fa00000) (1024K)]
  0x000001870dfa7890 JavaThread "Unconstrained build operations Thread 25"        [_thread_blocked, id=5820, stack(0x000000205fa00000,0x000000205fb00000) (1024K)]
  0x000001870dfa57c0 JavaThread "Unconstrained build operations Thread 26"        [_thread_blocked, id=15028, stack(0x000000205fb00000,0x000000205fc00000) (1024K)]
  0x000001870dfa5130 JavaThread "Unconstrained build operations Thread 27"        [_thread_blocked, id=14092, stack(0x000000205fc00000,0x000000205fd00000) (1024K)]
  0x000001870dfa7f20 JavaThread "Unconstrained build operations Thread 28"        [_thread_blocked, id=21584, stack(0x000000205fd00000,0x000000205fe00000) (1024K)]
  0x000001870dfa85b0 JavaThread "Unconstrained build operations Thread 29"        [_thread_blocked, id=21696, stack(0x000000205fe00000,0x000000205ff00000) (1024K)]
  0x000001870dfa5e50 JavaThread "Unconstrained build operations Thread 30"        [_thread_blocked, id=6260, stack(0x000000205ff00000,0x0000002060000000) (1024K)]
  0x000001870e404c20 JavaThread "Unconstrained build operations Thread 31"        [_thread_blocked, id=17248, stack(0x0000002060000000,0x0000002060100000) (1024K)]
  0x000001870e405fd0 JavaThread "Unconstrained build operations Thread 32"        [_thread_blocked, id=5056, stack(0x0000002060100000,0x0000002060200000) (1024K)]
  0x000001870e4052b0 JavaThread "Unconstrained build operations Thread 33"        [_thread_blocked, id=16768, stack(0x0000002060200000,0x0000002060300000) (1024K)]
  0x000001870e405940 JavaThread "Memory manager"                    [_thread_blocked, id=1032, stack(0x0000002060400000,0x0000002060500000) (1024K)]
  0x000001870e406cf0 JavaThread "build event listener"              [_thread_blocked, id=16756, stack(0x0000002060500000,0x0000002060600000) (1024K)]
  0x000001870e409450 JavaThread "included builds"                   [_thread_blocked, id=9568, stack(0x0000002060600000,0x0000002060700000) (1024K)]
  0x000001870e409ae0 JavaThread "Execution worker"                  [_thread_blocked, id=5956, stack(0x0000002060700000,0x0000002060800000) (1024K)]
  0x000001870e407a10 JavaThread "Execution worker Thread 2"         [_thread_blocked, id=6304, stack(0x0000002060800000,0x0000002060900000) (1024K)]
  0x000001870e40a170 JavaThread "Execution worker Thread 3"         [_thread_blocked, id=15520, stack(0x0000002060900000,0x0000002060a00000) (1024K)]
  0x000001870e407380 JavaThread "Execution worker Thread 4"         [_thread_blocked, id=21060, stack(0x0000002060a00000,0x0000002060b00000) (1024K)]
  0x00000187100e53b0 JavaThread "Execution worker Thread 5"         [_thread_blocked, id=18304, stack(0x0000002060b00000,0x0000002060c00000) (1024K)]
  0x00000187100e4d20 JavaThread "Execution worker Thread 6"         [_thread_blocked, id=3968, stack(0x0000002060c00000,0x0000002060d00000) (1024K)]
  0x00000187100e4690 JavaThread "Execution worker Thread 7"         [_thread_blocked, id=16684, stack(0x0000002060d00000,0x0000002060e00000) (1024K)]
  0x00000187100e60d0 JavaThread "Execution worker Thread 8"         [_thread_blocked, id=15772, stack(0x0000002060e00000,0x0000002060f00000) (1024K)]
  0x00000187100e5a40 JavaThread "Execution worker Thread 9"         [_thread_blocked, id=18712, stack(0x0000002060f00000,0x0000002061000000) (1024K)]
  0x00000187100e32e0 JavaThread "Execution worker Thread 10"        [_thread_blocked, id=1916, stack(0x0000002061000000,0x0000002061100000) (1024K)]
  0x00000187100e4000 JavaThread "Execution worker Thread 11"        [_thread_blocked, id=20156, stack(0x0000002061100000,0x0000002061200000) (1024K)]
  0x00000187100e3970 JavaThread "Cache worker for execution history cache (C:\flutter\packages\flutter_tools\gradle\.gradle\8.12\executionHistory)"        [_thread_blocked, id=14580, stack(0x0000002061200000,0x0000002061300000) (1024K)]
  0x00000187100e6760 JavaThread "Unconstrained build operations Thread 34"        [_thread_blocked, id=16316, stack(0x0000002060300000,0x0000002060400000) (1024K)]
  0x00000187110c7fe0 JavaThread "Unconstrained build operations Thread 35"        [_thread_blocked, id=8052, stack(0x0000002061300000,0x0000002061400000) (1024K)]
  0x00000187110ca740 JavaThread "Unconstrained build operations Thread 36"        [_thread_blocked, id=2544, stack(0x0000002061400000,0x0000002061500000) (1024K)]
  0x00000187110ca0b0 JavaThread "Unconstrained build operations Thread 37"        [_thread_blocked, id=20712, stack(0x0000002061500000,0x0000002061600000) (1024K)]
  0x00000187110c8670 JavaThread "Unconstrained build operations Thread 38"        [_thread_blocked, id=21192, stack(0x0000002061600000,0x0000002061700000) (1024K)]
  0x00000187110cadd0 JavaThread "Unconstrained build operations Thread 39"        [_thread_blocked, id=18268, stack(0x0000002061700000,0x0000002061800000) (1024K)]
  0x00000187110c7950 JavaThread "Unconstrained build operations Thread 40"        [_thread_blocked, id=16356, stack(0x0000002061800000,0x0000002061900000) (1024K)]
  0x00000187110c8d00 JavaThread "Unconstrained build operations Thread 41"        [_thread_blocked, id=4260, stack(0x0000002061900000,0x0000002061a00000) (1024K)]
  0x00000187110cb460 JavaThread "Unconstrained build operations Thread 42"        [_thread_blocked, id=2332, stack(0x0000002061a00000,0x0000002061b00000) (1024K)]
  0x00000187110cbaf0 JavaThread "Unconstrained build operations Thread 43"        [_thread_blocked, id=21356, stack(0x0000002061b00000,0x0000002061c00000) (1024K)]
  0x00000187110cc180 JavaThread "Unconstrained build operations Thread 44"        [_thread_blocked, id=14988, stack(0x0000002061c00000,0x0000002061d00000) (1024K)]
  0x00000187110c9a20 JavaThread "Unconstrained build operations Thread 45"        [_thread_blocked, id=4416, stack(0x0000002061e00000,0x0000002061f00000) (1024K)]
  0x00000187110cc810 JavaThread "Unconstrained build operations Thread 46"        [_thread_blocked, id=15636, stack(0x0000002061f00000,0x0000002062000000) (1024K)]
  0x00000187110c9390 JavaThread "Unconstrained build operations Thread 47"        [_thread_blocked, id=1136, stack(0x0000002062000000,0x0000002062100000) (1024K)]
  0x00000187110ccea0 JavaThread "Unconstrained build operations Thread 48"        [_thread_blocked, id=21932, stack(0x0000002062100000,0x0000002062200000) (1024K)]
  0x00000187110cd530 JavaThread "Unconstrained build operations Thread 49"        [_thread_blocked, id=15396, stack(0x0000002062200000,0x0000002062300000) (1024K)]
  0x00000187110cdbc0 JavaThread "Unconstrained build operations Thread 50"        [_thread_blocked, id=3864, stack(0x0000002062300000,0x0000002062400000) (1024K)]
  0x00000187110ce250 JavaThread "Unconstrained build operations Thread 51"        [_thread_blocked, id=6992, stack(0x0000002062400000,0x0000002062500000) (1024K)]
  0x00000187110ce8e0 JavaThread "Unconstrained build operations Thread 52"        [_thread_blocked, id=19480, stack(0x0000002062500000,0x0000002062600000) (1024K)]
  0x00000187110cef70 JavaThread "Unconstrained build operations Thread 53"        [_thread_blocked, id=20128, stack(0x0000002062600000,0x0000002062700000) (1024K)]
  0x0000018711d23d10 JavaThread "Unconstrained build operations Thread 54"        [_thread_blocked, id=12512, stack(0x0000002062700000,0x0000002062800000) (1024K)]
  0x0000018711d250c0 JavaThread "Unconstrained build operations Thread 55"        [_thread_blocked, id=16252, stack(0x0000002062800000,0x0000002062900000) (1024K)]
  0x0000018711d24a30 JavaThread "Unconstrained build operations Thread 56"        [_thread_blocked, id=19596, stack(0x0000002062900000,0x0000002062a00000) (1024K)]
  0x0000018711d25750 JavaThread "Unconstrained build operations Thread 57"        [_thread_blocked, id=18516, stack(0x0000002062a00000,0x0000002062b00000) (1024K)]
  0x0000018711d25de0 JavaThread "Unconstrained build operations Thread 58"        [_thread_blocked, id=21488, stack(0x0000002062b00000,0x0000002062c00000) (1024K)]
  0x0000018711d22ff0 JavaThread "Unconstrained build operations Thread 59"        [_thread_blocked, id=8188, stack(0x0000002062c00000,0x0000002062d00000) (1024K)]
  0x0000018711d22960 JavaThread "Unconstrained build operations Thread 60"        [_thread_blocked, id=16092, stack(0x0000002062d00000,0x0000002062e00000) (1024K)]
  0x0000018711d26b00 JavaThread "Unconstrained build operations Thread 61"        [_thread_blocked, id=18924, stack(0x0000002062e00000,0x0000002062f00000) (1024K)]
  0x0000018711d23680 JavaThread "Unconstrained build operations Thread 62"        [_thread_blocked, id=18500, stack(0x0000002062f00000,0x0000002063000000) (1024K)]
  0x0000018711d27820 JavaThread "Unconstrained build operations Thread 63"        [_thread_blocked, id=14968, stack(0x0000002063000000,0x0000002063100000) (1024K)]
  0x0000018711d243a0 JavaThread "Unconstrained build operations Thread 64"        [_thread_blocked, id=3412, stack(0x0000002063100000,0x0000002063200000) (1024K)]
  0x0000018711d27eb0 JavaThread "Unconstrained build operations Thread 65"        [_thread_blocked, id=21780, stack(0x0000002063200000,0x0000002063300000) (1024K)]
  0x0000018711d29260 JavaThread "Unconstrained build operations Thread 66"        [_thread_blocked, id=19036, stack(0x0000002063300000,0x0000002063400000) (1024K)]
  0x0000018711d27190 JavaThread "Unconstrained build operations Thread 67"        [_thread_blocked, id=20728, stack(0x0000002063400000,0x0000002063500000) (1024K)]
  0x0000018711d26470 JavaThread "Unconstrained build operations Thread 68"        [_thread_blocked, id=2304, stack(0x0000002063500000,0x0000002063600000) (1024K)]
  0x0000018711d28540 JavaThread "Unconstrained build operations Thread 69"        [_thread_blocked, id=9648, stack(0x0000002063600000,0x0000002063700000) (1024K)]
  0x0000018711d28bd0 JavaThread "Unconstrained build operations Thread 70"        [_thread_blocked, id=18416, stack(0x0000002063700000,0x0000002063800000) (1024K)]
  0x0000018711d29f80 JavaThread "Unconstrained build operations Thread 71"        [_thread_blocked, id=21732, stack(0x0000002063800000,0x0000002063900000) (1024K)]
  0x000001870e3a1400 JavaThread "Unconstrained build operations Thread 72"        [_thread_blocked, id=7180, stack(0x0000002063900000,0x0000002063a00000) (1024K)]
  0x000001870e3a2120 JavaThread "Unconstrained build operations Thread 73"        [_thread_blocked, id=16364, stack(0x0000002063a00000,0x0000002063b00000) (1024K)]
  0x000001870e3a3b60 JavaThread "Unconstrained build operations Thread 74"        [_thread_blocked, id=21412, stack(0x0000002063b00000,0x0000002063c00000) (1024K)]
  0x000001870e3a27b0 JavaThread "Unconstrained build operations Thread 75"        [_thread_blocked, id=19400, stack(0x0000002063c00000,0x0000002063d00000) (1024K)]
  0x000001870e3a2e40 JavaThread "Unconstrained build operations Thread 76"        [_thread_blocked, id=16132, stack(0x0000002063d00000,0x0000002063e00000) (1024K)]
  0x000001870e3a34d0 JavaThread "Unconstrained build operations Thread 77"        [_thread_blocked, id=19384, stack(0x0000002063e00000,0x0000002063f00000) (1024K)]
  0x000001870e3a41f0 JavaThread "Unconstrained build operations Thread 78"        [_thread_blocked, id=13344, stack(0x0000002063f00000,0x0000002064000000) (1024K)]
  0x000001870e3a0d70 JavaThread "Unconstrained build operations Thread 79"        [_thread_blocked, id=4476, stack(0x0000002064000000,0x0000002064100000) (1024K)]
  0x000001870e3a4880 JavaThread "Unconstrained build operations Thread 80"        [_thread_blocked, id=11576, stack(0x0000002064100000,0x0000002064200000) (1024K)]
  0x000001870e3a4f10 JavaThread "Unconstrained build operations Thread 81"        [_thread_blocked, id=21508, stack(0x0000002064200000,0x0000002064300000) (1024K)]
  0x000001870e3a1a90 JavaThread "Unconstrained build operations Thread 82"        [_thread_blocked, id=20460, stack(0x0000002064300000,0x0000002064400000) (1024K)]
  0x000001870e3a55a0 JavaThread "Unconstrained build operations Thread 83"        [_thread_blocked, id=22508, stack(0x0000002064400000,0x0000002064500000) (1024K)]
  0x000001870e3a7670 JavaThread "Unconstrained build operations Thread 84"        [_thread_blocked, id=22340, stack(0x0000002064500000,0x0000002064600000) (1024K)]
  0x000001870e3a6950 JavaThread "Unconstrained build operations Thread 85"        [_thread_blocked, id=11124, stack(0x0000002064600000,0x0000002064700000) (1024K)]
  0x000001870e3a7d00 JavaThread "Unconstrained build operations Thread 86"        [_thread_blocked, id=8596, stack(0x0000002064700000,0x0000002064800000) (1024K)]
  0x000001870e3a8390 JavaThread "Unconstrained build operations Thread 87"        [_thread_blocked, id=9248, stack(0x0000002064800000,0x0000002064900000) (1024K)]
  0x000001870e3a5c30 JavaThread "Unconstrained build operations Thread 88"        [_thread_blocked, id=12524, stack(0x0000002064900000,0x0000002064a00000) (1024K)]
  0x000001870e3a62c0 JavaThread "Unconstrained build operations Thread 89"        [_thread_blocked, id=11516, stack(0x0000002064a00000,0x0000002064b00000) (1024K)]
  0x000001870e3a6fe0 JavaThread "Unconstrained build operations Thread 90"        [_thread_blocked, id=5492, stack(0x0000002064b00000,0x0000002064c00000) (1024K)]
  0x00000187119bae80 JavaThread "Unconstrained build operations Thread 91"        [_thread_blocked, id=18868, stack(0x0000002064c00000,0x0000002064d00000) (1024K)]
  0x00000187119bb510 JavaThread "Unconstrained build operations Thread 92"        [_thread_blocked, id=380, stack(0x0000002064d00000,0x0000002064e00000) (1024K)]
  0x00000187119bc230 JavaThread "Unconstrained build operations Thread 93"        [_thread_blocked, id=832, stack(0x0000002064e00000,0x0000002064f00000) (1024K)]
  0x00000187119ba7f0 JavaThread "Unconstrained build operations Thread 94"        [_thread_blocked, id=7044, stack(0x0000002064f00000,0x0000002065000000) (1024K)]
  0x00000187119bbba0 JavaThread "Unconstrained build operations Thread 95"        [_thread_blocked, id=18236, stack(0x0000002065000000,0x0000002065100000) (1024K)]
  0x00000187119bcf50 JavaThread "Unconstrained build operations Thread 96"        [_thread_blocked, id=21072, stack(0x0000002065100000,0x0000002065200000) (1024K)]
  0x00000187119bd5e0 JavaThread "Unconstrained build operations Thread 97"        [_thread_blocked, id=13748, stack(0x0000002065200000,0x0000002065300000) (1024K)]
  0x00000187119bdc70 JavaThread "Unconstrained build operations Thread 98"        [_thread_blocked, id=2804, stack(0x0000002065300000,0x0000002065400000) (1024K)]
  0x00000187119bc8c0 JavaThread "Unconstrained build operations Thread 99"        [_thread_blocked, id=17388, stack(0x0000002065400000,0x0000002065500000) (1024K)]
  0x00000187119c1780 JavaThread "Unconstrained build operations Thread 100"        [_thread_blocked, id=6264, stack(0x0000002065500000,0x0000002065600000) (1024K)]
  0x00000187119bf020 JavaThread "Unconstrained build operations Thread 101"        [_thread_blocked, id=22188, stack(0x0000002065600000,0x0000002065700000) (1024K)]
  0x000001870ef47c30 JavaThread "build event listener"              [_thread_blocked, id=18848, stack(0x0000002065700000,0x0000002065800000) (1024K)]
  0x000001870f4d0f20 JavaThread "Unconstrained build operations Thread 102"        [_thread_blocked, id=15456, stack(0x0000002061d00000,0x0000002061e00000) (1024K)]
  0x000001870f4d22d0 JavaThread "Unconstrained build operations Thread 103"        [_thread_blocked, id=16876, stack(0x0000002065800000,0x0000002065900000) (1024K)]
  0x000001870f4cee50 JavaThread "Unconstrained build operations Thread 104"        [_thread_blocked, id=14376, stack(0x0000002065900000,0x0000002065a00000) (1024K)]
  0x000001870f4d2960 JavaThread "Unconstrained build operations Thread 105"        [_thread_blocked, id=2960, stack(0x0000002065a00000,0x0000002065b00000) (1024K)]
  0x000001870f4d2ff0 JavaThread "Unconstrained build operations Thread 106"        [_thread_blocked, id=12804, stack(0x0000002065b00000,0x0000002065c00000) (1024K)]
  0x000001870f4cfb70 JavaThread "Unconstrained build operations Thread 107"        [_thread_blocked, id=21528, stack(0x0000002065c00000,0x0000002065d00000) (1024K)]
  0x000001870f4d3680 JavaThread "Unconstrained build operations Thread 108"        [_thread_blocked, id=20432, stack(0x0000002065d00000,0x0000002065e00000) (1024K)]
  0x000001870f4d0200 JavaThread "Unconstrained build operations Thread 109"        [_thread_blocked, id=8056, stack(0x0000002065e00000,0x0000002065f00000) (1024K)]
  0x000001870f4d6470 JavaThread "Unconstrained build operations Thread 110"        [_thread_blocked, id=14108, stack(0x0000002065f00000,0x0000002066000000) (1024K)]
  0x000001870f4d6b00 JavaThread "Unconstrained build operations Thread 111"        [_thread_blocked, id=17120, stack(0x0000002066000000,0x0000002066100000) (1024K)]
  0x000001870f4d5de0 JavaThread "Unconstrained build operations Thread 112"        [_thread_blocked, id=14680, stack(0x0000002066100000,0x0000002066200000) (1024K)]
  0x000001870f4d3d10 JavaThread "Unconstrained build operations Thread 113"        [_thread_blocked, id=18484, stack(0x0000002066200000,0x0000002066300000) (1024K)]
  0x000001870f4d5750 JavaThread "Unconstrained build operations Thread 114"        [_thread_blocked, id=17672, stack(0x0000002066300000,0x0000002066400000) (1024K)]
  0x000001870f4d7820 JavaThread "Unconstrained build operations Thread 115"        [_thread_blocked, id=8096, stack(0x0000002066400000,0x0000002066500000) (1024K)]
  0x000001870f4d50c0 JavaThread "Unconstrained build operations Thread 116"        [_thread_blocked, id=1420, stack(0x0000002066500000,0x0000002066600000) (1024K)]
  0x000001870f4d43a0 JavaThread "Unconstrained build operations Thread 117"        [_thread_blocked, id=12336, stack(0x0000002066600000,0x0000002066700000) (1024K)]
  0x000001870f4d7eb0 JavaThread "Unconstrained build operations Thread 118"        [_thread_blocked, id=21016, stack(0x0000002066700000,0x0000002066800000) (1024K)]
  0x000001870f4d4a30 JavaThread "Unconstrained build operations Thread 119"        [_thread_blocked, id=6816, stack(0x0000002066800000,0x0000002066900000) (1024K)]
  0x000001870f4d98f0 JavaThread "Unconstrained build operations Thread 120"        [_thread_blocked, id=14732, stack(0x0000002066900000,0x0000002066a00000) (1024K)]
  0x000001870f4d9f80 JavaThread "jar transforms"                    [_thread_blocked, id=16120, stack(0x0000002066a00000,0x0000002066b00000) (1024K)]
  0x000001870f4dc050 JavaThread "jar transforms Thread 2"           [_thread_blocked, id=11500, stack(0x0000002066c00000,0x0000002066d00000) (1024K)]
  0x000001870f4dc6e0 JavaThread "Problems report writer"            [_thread_blocked, id=5452, stack(0x0000002066d00000,0x0000002066e00000) (1024K)]
  0x000001870f4dcd70 JavaThread "jar transforms Thread 3"           [_thread_blocked, id=20272, stack(0x0000002066e00000,0x0000002066f00000) (1024K)]
  0x000001870f4dda90 JavaThread "jar transforms Thread 4"           [_thread_blocked, id=11088, stack(0x0000002066f00000,0x0000002067000000) (1024K)]
  0x00000187171dae30 JavaThread "jar transforms Thread 5"           [_thread_blocked, id=18020, stack(0x0000002067000000,0x0000002067100000) (1024K)]
  0x00000187171d93f0 JavaThread "jar transforms Thread 6"           [_thread_blocked, id=21084, stack(0x0000002067300000,0x0000002067400000) (1024K)]
  0x00000187171dc870 JavaThread "pool-3-thread-1"                   [_thread_blocked, id=21184, stack(0x000000205ac00000,0x000000205ad00000) (1024K)]
  0x00000187171dcf00 JavaThread "build event listener"              [_thread_blocked, id=7328, stack(0x000000205ad00000,0x000000205ae00000) (1024K)]
  0x00000187171d9a80 JavaThread "Cache worker for execution history cache (E:\1.PROFESSIONAL APPLICATIONS\Tamil-and-Sinhala-Converter\mobile\android\.gradle\8.12\executionHistory)"        [_thread_blocked, id=10072, stack(0x000000205ae00000,0x000000205af00000) (1024K)]
  0x000001870e406660 JavaThread "WorkerExecutor Queue"              [_thread_blocked, id=11000, stack(0x0000002067100000,0x0000002067200000) (1024K)]
  0x00000187171de940 JavaThread "WorkerExecutor Queue Thread 2"        [_thread_blocked, id=1960, stack(0x0000002067600000,0x0000002067700000) (1024K)]
  0x00000187178d5e50 JavaThread "WorkerExecutor Queue Thread 3"        [_thread_blocked, id=23240, stack(0x0000002067700000,0x0000002067800000) (1024K)]
  0x00000187178d4410 JavaThread "WorkerExecutor Queue Thread 4"        [_thread_blocked, id=13516, stack(0x0000002067900000,0x0000002067a00000) (1024K)]
  0x00000187178d5130 JavaThread "WorkerExecutor Queue Thread 6"        [_thread_blocked, id=7004, stack(0x0000002067b00000,0x0000002067c00000) (1024K)]
  0x00000187178d36f0 JavaThread "WorkerExecutor Queue Thread 8"        [_thread_blocked, id=23080, stack(0x0000002067d00000,0x0000002067e00000) (1024K)]
  0x00000187178d6b70 JavaThread "WorkerExecutor Queue Thread 10"        [_thread_blocked, id=23176, stack(0x0000002067f00000,0x0000002068000000) (1024K)]
  0x00000187178d7200 JavaThread "WorkerExecutor Queue Thread 11"        [_thread_blocked, id=23516, stack(0x0000002068000000,0x0000002068100000) (1024K)]
  0x00000187178d7f20 JavaThread "WorkerExecutor Queue Thread 12"        [_thread_blocked, id=17668, stack(0x0000002067800000,0x0000002067900000) (1024K)]
  0x00000187178d7890 JavaThread "WorkerExecutor Queue Thread 13"        [_thread_blocked, id=22740, stack(0x0000002067e00000,0x0000002067f00000) (1024K)]
  0x00000187178d4aa0 JavaThread "Cache worker for Java compile cache (C:\Users\hasen\.gradle\caches\8.12\javaCompile)"        [_thread_blocked, id=21056, stack(0x0000002068100000,0x0000002068200000) (1024K)]
  0x00000187178da680 JavaThread "Build operations"                  [_thread_blocked, id=9636, stack(0x0000002068200000,0x0000002068300000) (1024K)]
  0x00000187178dc750 JavaThread "Build operations Thread 2"         [_thread_blocked, id=17648, stack(0x0000002068300000,0x0000002068400000) (1024K)]
  0x00000187178dad10 JavaThread "Build operations Thread 3"         [_thread_blocked, id=14528, stack(0x0000002068400000,0x0000002068500000) (1024K)]
  0x00000187178dcde0 JavaThread "Build operations Thread 4"         [_thread_blocked, id=12500, stack(0x0000002068500000,0x0000002068600000) (1024K)]
  0x00000187178dc0c0 JavaThread "Build operations Thread 5"         [_thread_blocked, id=23044, stack(0x0000002068600000,0x0000002068700000) (1024K)]
  0x00000187178d9960 JavaThread "Build operations Thread 6"         [_thread_blocked, id=23040, stack(0x0000002068700000,0x0000002068800000) (1024K)]
  0x00000187178dfbd0 JavaThread "Build operations Thread 7"         [_thread_blocked, id=9336, stack(0x0000002068800000,0x0000002068900000) (1024K)]
  0x00000187178e0260 JavaThread "Build operations Thread 8"         [_thread_blocked, id=21704, stack(0x0000002068900000,0x0000002068a00000) (1024K)]
  0x00000187178dd470 JavaThread "Build operations Thread 9"         [_thread_blocked, id=11052, stack(0x0000002068a00000,0x0000002068b00000) (1024K)]
  0x00000187178e08f0 JavaThread "Build operations Thread 10"        [_thread_blocked, id=3140, stack(0x0000002068b00000,0x0000002068c00000) (1024K)]
  0x00000187178e0f80 JavaThread "Build operations Thread 11"        [_thread_blocked, id=17148, stack(0x0000002068c00000,0x0000002068d00000) (1024K)]
  0x00000187178e2330 JavaThread "Build operations Thread 12"        [_thread_blocked, id=23500, stack(0x0000002068d00000,0x0000002068e00000) (1024K)]
  0x00000187191aa5b0 JavaThread "RMI Scheduler(0)"           daemon [_thread_blocked, id=22820, stack(0x0000002069c00000,0x0000002069d00000) (1024K)]
  0x00000187191a9890 JavaThread "RMI GC Daemon"              daemon [_thread_blocked, id=17920, stack(0x0000002069e00000,0x0000002069f00000) (1024K)]
  0x00000187191ae0c0 JavaThread "RMI TCP Accept-0"           daemon [_thread_in_native, id=22236, stack(0x000000206a000000,0x000000206a100000) (1024K)]
  0x00000187191b0190 JavaThread "RMI Reaper"                        [_thread_blocked, id=11224, stack(0x000000206a100000,0x000000206a200000) (1024K)]
  0x00000187191a84e0 JavaThread "WorkerExecutor Queue Thread 15"        [_thread_blocked, id=12552, stack(0x0000002066b00000,0x0000002066c00000) (1024K)]
  0x00000187191b1bd0 JavaThread "pool-4-thread-1"                   [_thread_blocked, id=15312, stack(0x0000002067500000,0x0000002067600000) (1024K)]
  0x00000187191b2260 JavaThread "stderr"                            [_thread_in_native, id=4852, stack(0x0000002067200000,0x0000002067300000) (1024K)]
  0x00000187191afb00 JavaThread "stdout"                            [_thread_in_native, id=22100, stack(0x0000002067a00000,0x0000002067b00000) (1024K)]
  0x00000187191b1540 JavaThread "stderr"                            [_thread_in_native, id=1640, stack(0x0000002068f00000,0x0000002069000000) (1024K)]
  0x00000187191aede0 JavaThread "stdout"                            [_thread_in_native, id=22232, stack(0x0000002069000000,0x0000002069100000) (1024K)]
  0x00000187191b0eb0 JavaThread "stderr"                            [_thread_in_native, id=19352, stack(0x0000002069100000,0x0000002069200000) (1024K)]
  0x00000187191b28f0 JavaThread "stdout"                            [_thread_in_native, id=23284, stack(0x0000002069200000,0x0000002069300000) (1024K)]
  0x00000187191af470 JavaThread "stderr"                            [_thread_in_native, id=18336, stack(0x0000002069300000,0x0000002069400000) (1024K)]
  0x00000187191b2f80 JavaThread "stdout"                            [_thread_in_native, id=15524, stack(0x0000002069400000,0x0000002069500000) (1024K)]
  0x00000187191b3610 JavaThread "stderr"                            [_thread_in_native, id=23088, stack(0x0000002069500000,0x0000002069600000) (1024K)]
  0x00000187191b3ca0 JavaThread "stdout"                            [_thread_in_native, id=1796, stack(0x0000002069600000,0x0000002069700000) (1024K)]
  0x00000187191b4330 JavaThread "stderr"                            [_thread_in_native, id=13828, stack(0x0000002069700000,0x0000002069800000) (1024K)]
  0x00000187178d57c0 JavaThread "stdout"                            [_thread_in_native, id=20964, stack(0x0000002069800000,0x0000002069900000) (1024K)]
  0x00000187178db3a0 JavaThread "stderr"                            [_thread_in_native, id=23252, stack(0x0000002069900000,0x0000002069a00000) (1024K)]
  0x00000187178deeb0 JavaThread "stdout"                            [_thread_in_native, id=11904, stack(0x0000002069a00000,0x0000002069b00000) (1024K)]
  0x00000187178df540 JavaThread "stderr"                            [_thread_in_native, id=12612, stack(0x0000002069b00000,0x0000002069c00000) (1024K)]
  0x00000187171defd0 JavaThread "stdout"                            [_thread_in_native, id=22752, stack(0x000000206a200000,0x000000206a300000) (1024K)]
  0x0000018717fbb220 JavaThread "RMI RenewClean-[127.0.0.1:17373,org.jetbrains.kotlin.daemon.common.LoopbackNetworkInterface$ClientLoopbackSocketFactory@430b5f8d]" daemon [_thread_blocked, id=21556, stack(0x000000206a300000,0x000000206a400000) (1024K)]
  0x0000018717fbcc60 JavaThread "RMI TCP Connection(8)-127.0.0.1" daemon [_thread_in_native, id=19996, stack(0x000000206a400000,0x000000206a500000) (1024K)]
  0x0000018717fb9e70 JavaThread "WorkerExecutor Queue Thread 16"        [_thread_blocked, id=21668, stack(0x000000206a500000,0x000000206a600000) (1024K)]
  0x0000018717fc4910 JavaThread "RMI TCP Connection(9)-127.0.0.1" daemon [_thread_in_native, id=24148, stack(0x0000002067c00000,0x0000002067d00000) (1024K)]
  0x0000018717fc3560 JavaThread "RMI TCP Connection(10)-127.0.0.1" daemon [_thread_in_native, id=11524, stack(0x0000002069d00000,0x0000002069e00000) (1024K)]
Total: 229

Other Threads:
=>0x000001877ba1ea80 VMThread "VM Thread"                           [id=20204, stack(0x000000205b600000,0x000000205b700000) (1024K)]
  0x000001877b9eebc0 WatcherThread "VM Periodic Task Thread"        [id=4524, stack(0x000000205b500000,0x000000205b600000) (1024K)]
  0x0000018753f44a60 WorkerThread "GC Thread#0"                     [id=19636, stack(0x000000205b000000,0x000000205b100000) (1024K)]
  0x000001877eb10340 WorkerThread "GC Thread#1"                     [id=828, stack(0x000000205c200000,0x000000205c300000) (1024K)]
  0x000001877eaf07a0 WorkerThread "GC Thread#2"                     [id=17140, stack(0x000000205c300000,0x000000205c400000) (1024K)]
  0x000001870c397940 WorkerThread "GC Thread#3"                     [id=9760, stack(0x000000205c100000,0x000000205c200000) (1024K)]
  0x000001870c55bbe0 WorkerThread "GC Thread#4"                     [id=8508, stack(0x000000205c400000,0x000000205c500000) (1024K)]
  0x000001877eba82e0 WorkerThread "GC Thread#5"                     [id=19820, stack(0x000000205cf00000,0x000000205d000000) (1024K)]
  0x000001877eba7460 WorkerThread "GC Thread#6"                     [id=21664, stack(0x000000205d000000,0x000000205d100000) (1024K)]
  0x000001877eba7ba0 WorkerThread "GC Thread#7"                     [id=5716, stack(0x000000205d100000,0x000000205d200000) (1024K)]
  0x000001877eba70c0 WorkerThread "GC Thread#8"                     [id=19716, stack(0x000000205d200000,0x000000205d300000) (1024K)]
  0x000001877eba8680 WorkerThread "GC Thread#9"                     [id=12816, stack(0x000000205d300000,0x000000205d400000) (1024K)]
  0x0000018753cadfe0 ConcurrentGCThread "G1 Main Marker"            [id=1848, stack(0x000000205b100000,0x000000205b200000) (1024K)]
  0x0000018753cae9f0 WorkerThread "G1 Conc#0"                       [id=20296, stack(0x000000205b200000,0x000000205b300000) (1024K)]
  0x000001877eba7800 WorkerThread "G1 Conc#1"                       [id=8196, stack(0x000000205d400000,0x000000205d500000) (1024K)]
  0x000001877eba8a20 WorkerThread "G1 Conc#2"                       [id=9044, stack(0x000000205d500000,0x000000205d600000) (1024K)]
  0x000001877b8a6d60 ConcurrentGCThread "G1 Refine#0"               [id=7828, stack(0x000000205b300000,0x000000205b400000) (1024K)]
  0x000001877b8a7e20 ConcurrentGCThread "G1 Service"                [id=16696, stack(0x000000205b400000,0x000000205b500000) (1024K)]
Total: 18

Threads with active compile tasks:
C2 CompilerThread0  616519 28839   !   4       com.intellij.openapi.vfs.VfsUtilCore::visitChildrenRecursively (410 bytes)
Total: 1

VM state: at safepoint (normal execution)

VM Mutex/Monitor currently owned by a thread:  ([mutex/lock_event])
[0x00007ffd53441468] Threads_lock - owner thread: 0x000001877ba1ea80
[0x00007ffd53441568] Heap_lock - owner thread: 0x00000187178d7200

Heap address: 0x0000000600000000, size: 8192 MB, Compressed Oops mode: Zero based, Oop shift amount: 3

CDS archive(s) not mapped
Compressed class space mapped at: 0x0000000800000000-0x0000000840000000, reserved size: 1073741824
Narrow klass base: 0x0000000800000000, Narrow klass shift: 0, Narrow klass range: 0x40000000

GC Precious Log:
 CardTable entry size: 512
 Card Set container configuration: InlinePtr #cards 4 size 8 Array Of Cards #cards 32 size 80 Howl #buckets 8 coarsen threshold 7372 Howl Bitmap #cards 1024 size 144 coarsen threshold 921 Card regions per heap region 1 cards per card region 8192
 CPUs: 12 total, 12 available
 Memory: 7876M
 Large Page Support: Disabled
 NUMA Support: Disabled
 Compressed Oops: Enabled (Zero based)
 Heap Region Size: 4M
 Heap Min Capacity: 8M
 Heap Initial Capacity: 124M
 Heap Max Capacity: 8G
 Pre-touch: Disabled
 Parallel Workers: 10
 Concurrent Workers: 3
 Concurrent Refinement Workers: 10
 Periodic GC: Disabled

Heap:
 garbage-first heap   total 1040384K, used 339174K [0x0000000600000000, 0x0000000800000000)
  region size 4096K, 6 young (24576K), 6 survivors (24576K)
 Metaspace       used 223164K, committed 225920K, reserved 1245184K
  class space    used 28731K, committed 30080K, reserved 1048576K

Heap Regions: E=young(eden), S=young(survivor), O=old, HS=humongous(starts), HC=humongous(continues), CS=collection set, F=free, TAMS=top-at-mark-start, PB=parsable bottom
|   0|0x0000000600000000, 0x0000000600400000, 0x0000000600400000|100%|HS|  |TAMS 0x0000000600000000| PB 0x0000000600000000| Complete 
|   1|0x0000000600400000, 0x0000000600800000, 0x0000000600800000|100%| O|  |TAMS 0x0000000600400000| PB 0x0000000600400000| Untracked 
|   2|0x0000000600800000, 0x0000000600c00000, 0x0000000600c00000|100%| O|  |TAMS 0x0000000600800000| PB 0x0000000600800000| Untracked 
|   3|0x0000000600c00000, 0x0000000601000000, 0x0000000601000000|100%| O|  |TAMS 0x0000000600c00000| PB 0x0000000600c00000| Untracked 
|   4|0x0000000601000000, 0x0000000601400000, 0x0000000601400000|100%| O|  |TAMS 0x0000000601000000| PB 0x0000000601000000| Untracked 
|   5|0x0000000601400000, 0x0000000601800000, 0x0000000601800000|100%| O|  |TAMS 0x0000000601400000| PB 0x0000000601400000| Untracked 
|   6|0x0000000601800000, 0x0000000601c00000, 0x0000000601c00000|100%| O|  |TAMS 0x0000000601800000| PB 0x0000000601800000| Untracked 
|   7|0x0000000601c00000, 0x0000000602000000, 0x0000000602000000|100%| O|  |TAMS 0x0000000601c00000| PB 0x0000000601c00000| Untracked 
|   8|0x0000000602000000, 0x0000000602400000, 0x0000000602400000|100%| O|  |TAMS 0x0000000602000000| PB 0x0000000602000000| Untracked 
|   9|0x0000000602400000, 0x0000000602800000, 0x0000000602800000|100%|HS|  |TAMS 0x0000000602400000| PB 0x0000000602400000| Complete 
|  10|0x0000000602800000, 0x0000000602c00000, 0x0000000602c00000|100%|HS|  |TAMS 0x0000000602800000| PB 0x0000000602800000| Complete 
|  11|0x0000000602c00000, 0x0000000603000000, 0x0000000603000000|100%| O|  |TAMS 0x0000000602c00000| PB 0x0000000602c00000| Untracked 
|  12|0x0000000603000000, 0x0000000603400000, 0x0000000603400000|100%| O|  |TAMS 0x0000000603000000| PB 0x0000000603000000| Untracked 
|  13|0x0000000603400000, 0x0000000603800000, 0x0000000603800000|100%| O|  |TAMS 0x0000000603400000| PB 0x0000000603400000| Untracked 
|  14|0x0000000603800000, 0x0000000603c00000, 0x0000000603c00000|100%| O|  |TAMS 0x0000000603800000| PB 0x0000000603800000| Untracked 
|  15|0x0000000603c00000, 0x0000000604000000, 0x0000000604000000|100%| O|  |TAMS 0x0000000603c00000| PB 0x0000000603c00000| Untracked 
|  16|0x0000000604000000, 0x0000000604400000, 0x0000000604400000|100%| O|  |TAMS 0x0000000604000000| PB 0x0000000604000000| Untracked 
|  17|0x0000000604400000, 0x0000000604800000, 0x0000000604800000|100%| O|  |TAMS 0x0000000604400000| PB 0x0000000604400000| Untracked 
|  18|0x0000000604800000, 0x0000000604c00000, 0x0000000604c00000|100%| O|  |TAMS 0x0000000604800000| PB 0x0000000604800000| Untracked 
|  19|0x0000000604c00000, 0x0000000605000000, 0x0000000605000000|100%| O|  |TAMS 0x0000000604c00000| PB 0x0000000604c00000| Untracked 
|  20|0x0000000605000000, 0x0000000605400000, 0x0000000605400000|100%| O|  |TAMS 0x0000000605000000| PB 0x0000000605000000| Untracked 
|  21|0x0000000605400000, 0x0000000605800000, 0x0000000605800000|100%| O|  |TAMS 0x0000000605400000| PB 0x0000000605400000| Untracked 
|  22|0x0000000605800000, 0x0000000605c00000, 0x0000000605c00000|100%| O|  |TAMS 0x0000000605800000| PB 0x0000000605800000| Untracked 
|  23|0x0000000605c00000, 0x0000000606000000, 0x0000000606000000|100%| O|  |TAMS 0x0000000605c00000| PB 0x0000000605c00000| Untracked 
|  24|0x0000000606000000, 0x0000000606400000, 0x0000000606400000|100%| O|  |TAMS 0x0000000606000000| PB 0x0000000606000000| Untracked 
|  25|0x0000000606400000, 0x0000000606800000, 0x0000000606800000|100%| O|  |TAMS 0x0000000606400000| PB 0x0000000606400000| Untracked 
|  26|0x0000000606800000, 0x0000000606c00000, 0x0000000606c00000|100%| O|  |TAMS 0x0000000606800000| PB 0x0000000606800000| Untracked 
|  27|0x0000000606c00000, 0x0000000607000000, 0x0000000607000000|100%| O|  |TAMS 0x0000000606c00000| PB 0x0000000606c00000| Untracked 
|  28|0x0000000607000000, 0x0000000607400000, 0x0000000607400000|100%| O|  |TAMS 0x0000000607000000| PB 0x0000000607000000| Untracked 
|  29|0x0000000607400000, 0x0000000607800000, 0x0000000607800000|100%| O|  |TAMS 0x0000000607400000| PB 0x0000000607400000| Untracked 
|  30|0x0000000607800000, 0x0000000607c00000, 0x0000000607c00000|100%| O|  |TAMS 0x0000000607800000| PB 0x0000000607800000| Untracked 
|  31|0x0000000607c00000, 0x0000000608000000, 0x0000000608000000|100%| O|  |TAMS 0x0000000607c00000| PB 0x0000000607c00000| Untracked 
|  32|0x0000000608000000, 0x0000000608400000, 0x0000000608400000|100%| O|  |TAMS 0x0000000608000000| PB 0x0000000608000000| Untracked 
|  33|0x0000000608400000, 0x0000000608800000, 0x0000000608800000|100%| O|  |TAMS 0x0000000608400000| PB 0x0000000608400000| Untracked 
|  34|0x0000000608800000, 0x0000000608c00000, 0x0000000608c00000|100%| O|  |TAMS 0x0000000608800000| PB 0x0000000608800000| Untracked 
|  35|0x0000000608c00000, 0x0000000609000000, 0x0000000609000000|100%| O|  |TAMS 0x0000000608c00000| PB 0x0000000608c00000| Untracked 
|  36|0x0000000609000000, 0x0000000609400000, 0x0000000609400000|100%| O|  |TAMS 0x0000000609000000| PB 0x0000000609000000| Untracked 
|  37|0x0000000609400000, 0x0000000609800000, 0x0000000609800000|100%| O|  |TAMS 0x0000000609400000| PB 0x0000000609400000| Untracked 
|  38|0x0000000609800000, 0x0000000609c00000, 0x0000000609c00000|100%| O|  |TAMS 0x0000000609800000| PB 0x0000000609800000| Untracked 
|  39|0x0000000609c00000, 0x000000060a000000, 0x000000060a000000|100%| O|  |TAMS 0x0000000609c00000| PB 0x0000000609c00000| Untracked 
|  40|0x000000060a000000, 0x000000060a400000, 0x000000060a400000|100%| O|  |TAMS 0x000000060a000000| PB 0x000000060a000000| Untracked 
|  41|0x000000060a400000, 0x000000060a800000, 0x000000060a800000|100%| O|  |TAMS 0x000000060a400000| PB 0x000000060a400000| Untracked 
|  42|0x000000060a800000, 0x000000060ac00000, 0x000000060ac00000|100%| O|  |TAMS 0x000000060a800000| PB 0x000000060a800000| Untracked 
|  43|0x000000060ac00000, 0x000000060b000000, 0x000000060b000000|100%| O|  |TAMS 0x000000060ac00000| PB 0x000000060ac00000| Untracked 
|  44|0x000000060b000000, 0x000000060b400000, 0x000000060b400000|100%| O|  |TAMS 0x000000060b000000| PB 0x000000060b000000| Untracked 
|  45|0x000000060b400000, 0x000000060b800000, 0x000000060b800000|100%| O|  |TAMS 0x000000060b400000| PB 0x000000060b400000| Untracked 
|  46|0x000000060b800000, 0x000000060bc00000, 0x000000060bc00000|100%| O|  |TAMS 0x000000060b800000| PB 0x000000060b800000| Untracked 
|  47|0x000000060bc00000, 0x000000060c000000, 0x000000060c000000|100%| O|  |TAMS 0x000000060bc00000| PB 0x000000060bc00000| Untracked 
|  48|0x000000060c000000, 0x000000060c400000, 0x000000060c400000|100%| O|  |TAMS 0x000000060c000000| PB 0x000000060c000000| Untracked 
|  49|0x000000060c400000, 0x000000060c800000, 0x000000060c800000|100%| O|  |TAMS 0x000000060c400000| PB 0x000000060c400000| Untracked 
|  50|0x000000060c800000, 0x000000060cc00000, 0x000000060cc00000|100%| O|  |TAMS 0x000000060c800000| PB 0x000000060c800000| Untracked 
|  51|0x000000060cc00000, 0x000000060d000000, 0x000000060d000000|100%| O|  |TAMS 0x000000060cc00000| PB 0x000000060cc00000| Untracked 
|  52|0x000000060d000000, 0x000000060d400000, 0x000000060d400000|100%| O|  |TAMS 0x000000060d000000| PB 0x000000060d000000| Untracked 
|  53|0x000000060d400000, 0x000000060d800000, 0x000000060d800000|100%| O|  |TAMS 0x000000060d400000| PB 0x000000060d400000| Untracked 
|  54|0x000000060d800000, 0x000000060dc00000, 0x000000060dc00000|100%| O|  |TAMS 0x000000060d800000| PB 0x000000060d800000| Untracked 
|  55|0x000000060dc00000, 0x000000060e000000, 0x000000060e000000|100%|HS|  |TAMS 0x000000060dc00000| PB 0x000000060dc00000| Complete 
|  56|0x000000060e000000, 0x000000060e400000, 0x000000060e400000|100%| O|  |TAMS 0x000000060e000000| PB 0x000000060e000000| Untracked 
|  57|0x000000060e400000, 0x000000060e800000, 0x000000060e800000|100%| O|  |TAMS 0x000000060e400000| PB 0x000000060e400000| Untracked 
|  58|0x000000060e800000, 0x000000060ec00000, 0x000000060ec00000|100%| O|  |TAMS 0x000000060e800000| PB 0x000000060e800000| Untracked 
|  59|0x000000060ec00000, 0x000000060f000000, 0x000000060f000000|100%| O|  |TAMS 0x000000060ec00000| PB 0x000000060ec00000| Untracked 
|  60|0x000000060f000000, 0x000000060f400000, 0x000000060f400000|100%| O|  |TAMS 0x000000060f000000| PB 0x000000060f000000| Untracked 
|  61|0x000000060f400000, 0x000000060f800000, 0x000000060f800000|100%| O|  |TAMS 0x000000060f400000| PB 0x000000060f400000| Untracked 
|  62|0x000000060f800000, 0x000000060fc00000, 0x000000060fc00000|100%| O|  |TAMS 0x000000060f800000| PB 0x000000060f800000| Untracked 
|  63|0x000000060fc00000, 0x0000000610000000, 0x0000000610000000|100%|HS|  |TAMS 0x000000060fc00000| PB 0x000000060fc00000| Complete 
|  64|0x0000000610000000, 0x0000000610400000, 0x0000000610400000|100%|HS|  |TAMS 0x0000000610000000| PB 0x0000000610000000| Complete 
|  65|0x0000000610400000, 0x0000000610800000, 0x0000000610800000|100%| O|  |TAMS 0x0000000610400000| PB 0x0000000610400000| Untracked 
|  66|0x0000000610800000, 0x0000000610c00000, 0x0000000610c00000|100%| O|  |TAMS 0x0000000610800000| PB 0x0000000610800000| Untracked 
|  67|0x0000000610c00000, 0x0000000611000000, 0x0000000611000000|100%| O|  |TAMS 0x0000000610c00000| PB 0x0000000610c00000| Untracked 
|  68|0x0000000611000000, 0x0000000611400000, 0x0000000611400000|100%| O|  |TAMS 0x0000000611000000| PB 0x0000000611000000| Untracked 
|  69|0x0000000611400000, 0x0000000611800000, 0x0000000611800000|100%| O|  |TAMS 0x0000000611400000| PB 0x0000000611400000| Untracked 
|  70|0x0000000611800000, 0x0000000611c00000, 0x0000000611c00000|100%| O|  |TAMS 0x0000000611800000| PB 0x0000000611800000| Untracked 
|  71|0x0000000611c00000, 0x0000000612000000, 0x0000000612000000|100%| O|  |TAMS 0x0000000611c00000| PB 0x0000000611c00000| Untracked 
|  72|0x0000000612000000, 0x0000000612400000, 0x0000000612400000|100%| O|  |TAMS 0x0000000612000000| PB 0x0000000612000000| Untracked 
|  73|0x0000000612400000, 0x00000006127399c0, 0x0000000612800000| 80%| O|  |TAMS 0x0000000612400000| PB 0x0000000612400000| Untracked 
|  74|0x0000000612800000, 0x0000000612800000, 0x0000000612c00000|  0%| F|  |TAMS 0x0000000612800000| PB 0x0000000612800000| Untracked 
|  75|0x0000000612c00000, 0x0000000612c00000, 0x0000000613000000|  0%| F|  |TAMS 0x0000000612c00000| PB 0x0000000612c00000| Untracked 
|  76|0x0000000613000000, 0x0000000613000000, 0x0000000613400000|  0%| F|  |TAMS 0x0000000613000000| PB 0x0000000613000000| Untracked 
|  77|0x0000000613400000, 0x0000000613400000, 0x0000000613800000|  0%| F|  |TAMS 0x0000000613400000| PB 0x0000000613400000| Untracked 
|  78|0x0000000613800000, 0x0000000613800000, 0x0000000613c00000|  0%| F|  |TAMS 0x0000000613800000| PB 0x0000000613800000| Untracked 
|  79|0x0000000613c00000, 0x0000000613c00000, 0x0000000614000000|  0%| F|  |TAMS 0x0000000613c00000| PB 0x0000000613c00000| Untracked 
|  80|0x0000000614000000, 0x0000000614000000, 0x0000000614400000|  0%| F|  |TAMS 0x0000000614000000| PB 0x0000000614000000| Untracked 
|  81|0x0000000614400000, 0x0000000614400000, 0x0000000614800000|  0%| F|  |TAMS 0x0000000614400000| PB 0x0000000614400000| Untracked 
|  82|0x0000000614800000, 0x0000000614800000, 0x0000000614c00000|  0%| F|  |TAMS 0x0000000614800000| PB 0x0000000614800000| Untracked 
|  83|0x0000000614c00000, 0x0000000614c00000, 0x0000000615000000|  0%| F|  |TAMS 0x0000000614c00000| PB 0x0000000614c00000| Untracked 
|  84|0x0000000615000000, 0x0000000615000000, 0x0000000615400000|  0%| F|  |TAMS 0x0000000615000000| PB 0x0000000615000000| Untracked 
|  85|0x0000000615400000, 0x0000000615400000, 0x0000000615800000|  0%| F|  |TAMS 0x0000000615400000| PB 0x0000000615400000| Untracked 
|  86|0x0000000615800000, 0x0000000615800000, 0x0000000615c00000|  0%| F|  |TAMS 0x0000000615800000| PB 0x0000000615800000| Untracked 
|  87|0x0000000615c00000, 0x0000000615c00000, 0x0000000616000000|  0%| F|  |TAMS 0x0000000615c00000| PB 0x0000000615c00000| Untracked 
|  88|0x0000000616000000, 0x0000000616000000, 0x0000000616400000|  0%| F|  |TAMS 0x0000000616000000| PB 0x0000000616000000| Untracked 
|  89|0x0000000616400000, 0x0000000616400000, 0x0000000616800000|  0%| F|  |TAMS 0x0000000616400000| PB 0x0000000616400000| Untracked 
|  90|0x0000000616800000, 0x0000000616800000, 0x0000000616c00000|  0%| F|  |TAMS 0x0000000616800000| PB 0x0000000616800000| Untracked 
|  91|0x0000000616c00000, 0x0000000616c00000, 0x0000000617000000|  0%| F|  |TAMS 0x0000000616c00000| PB 0x0000000616c00000| Untracked 
|  92|0x0000000617000000, 0x0000000617000000, 0x0000000617400000|  0%| F|  |TAMS 0x0000000617000000| PB 0x0000000617000000| Untracked 
|  93|0x0000000617400000, 0x0000000617400000, 0x0000000617800000|  0%| F|  |TAMS 0x0000000617400000| PB 0x0000000617400000| Untracked 
|  94|0x0000000617800000, 0x0000000617800000, 0x0000000617c00000|  0%| F|  |TAMS 0x0000000617800000| PB 0x0000000617800000| Untracked 
|  95|0x0000000617c00000, 0x0000000617c00000, 0x0000000618000000|  0%| F|  |TAMS 0x0000000617c00000| PB 0x0000000617c00000| Untracked 
|  96|0x0000000618000000, 0x0000000618000000, 0x0000000618400000|  0%| F|  |TAMS 0x0000000618000000| PB 0x0000000618000000| Untracked 
|  97|0x0000000618400000, 0x0000000618400000, 0x0000000618800000|  0%| F|  |TAMS 0x0000000618400000| PB 0x0000000618400000| Untracked 
|  98|0x0000000618800000, 0x0000000618800000, 0x0000000618c00000|  0%| F|  |TAMS 0x0000000618800000| PB 0x0000000618800000| Untracked 
|  99|0x0000000618c00000, 0x0000000619000000, 0x0000000619000000|100%| O|  |TAMS 0x0000000618c00000| PB 0x0000000618c00000| Untracked 
| 100|0x0000000619000000, 0x0000000619000000, 0x0000000619400000|  0%| F|  |TAMS 0x0000000619000000| PB 0x0000000619000000| Untracked 
| 101|0x0000000619400000, 0x0000000619400000, 0x0000000619800000|  0%| F|  |TAMS 0x0000000619400000| PB 0x0000000619400000| Untracked 
| 102|0x0000000619800000, 0x0000000619800000, 0x0000000619c00000|  0%| F|  |TAMS 0x0000000619800000| PB 0x0000000619800000| Untracked 
| 103|0x0000000619c00000, 0x0000000619c00000, 0x000000061a000000|  0%| F|  |TAMS 0x0000000619c00000| PB 0x0000000619c00000| Untracked 
| 104|0x000000061a000000, 0x000000061a000000, 0x000000061a400000|  0%| F|  |TAMS 0x000000061a000000| PB 0x000000061a000000| Untracked 
| 105|0x000000061a400000, 0x000000061a400000, 0x000000061a800000|  0%| F|  |TAMS 0x000000061a400000| PB 0x000000061a400000| Untracked 
| 106|0x000000061a800000, 0x000000061a800000, 0x000000061ac00000|  0%| F|  |TAMS 0x000000061a800000| PB 0x000000061a800000| Untracked 
| 107|0x000000061ac00000, 0x000000061ac00000, 0x000000061b000000|  0%| F|  |TAMS 0x000000061ac00000| PB 0x000000061ac00000| Untracked 
| 108|0x000000061b000000, 0x000000061b000000, 0x000000061b400000|  0%| F|  |TAMS 0x000000061b000000| PB 0x000000061b000000| Untracked 
| 109|0x000000061b400000, 0x000000061b400000, 0x000000061b800000|  0%| F|  |TAMS 0x000000061b400000| PB 0x000000061b400000| Untracked 
| 110|0x000000061b800000, 0x000000061b800000, 0x000000061bc00000|  0%| F|  |TAMS 0x000000061b800000| PB 0x000000061b800000| Untracked 
| 111|0x000000061bc00000, 0x000000061bc00000, 0x000000061c000000|  0%| F|  |TAMS 0x000000061bc00000| PB 0x000000061bc00000| Untracked 
| 112|0x000000061c000000, 0x000000061c000000, 0x000000061c400000|  0%| F|  |TAMS 0x000000061c000000| PB 0x000000061c000000| Untracked 
| 113|0x000000061c400000, 0x000000061c400000, 0x000000061c800000|  0%| F|  |TAMS 0x000000061c400000| PB 0x000000061c400000| Untracked 
| 114|0x000000061c800000, 0x000000061c800000, 0x000000061cc00000|  0%| F|  |TAMS 0x000000061c800000| PB 0x000000061c800000| Untracked 
| 115|0x000000061cc00000, 0x000000061cc00000, 0x000000061d000000|  0%| F|  |TAMS 0x000000061cc00000| PB 0x000000061cc00000| Untracked 
| 116|0x000000061d000000, 0x000000061d000000, 0x000000061d400000|  0%| F|  |TAMS 0x000000061d000000| PB 0x000000061d000000| Untracked 
| 117|0x000000061d400000, 0x000000061d400000, 0x000000061d800000|  0%| F|  |TAMS 0x000000061d400000| PB 0x000000061d400000| Untracked 
| 118|0x000000061d800000, 0x000000061d800000, 0x000000061dc00000|  0%| F|  |TAMS 0x000000061d800000| PB 0x000000061d800000| Untracked 
| 119|0x000000061dc00000, 0x000000061dc00000, 0x000000061e000000|  0%| F|  |TAMS 0x000000061dc00000| PB 0x000000061dc00000| Untracked 
| 120|0x000000061e000000, 0x000000061e000000, 0x000000061e400000|  0%| F|  |TAMS 0x000000061e000000| PB 0x000000061e000000| Untracked 
| 121|0x000000061e400000, 0x000000061e400000, 0x000000061e800000|  0%| F|  |TAMS 0x000000061e400000| PB 0x000000061e400000| Untracked 
| 122|0x000000061e800000, 0x000000061e800000, 0x000000061ec00000|  0%| F|  |TAMS 0x000000061e800000| PB 0x000000061e800000| Untracked 
| 123|0x000000061ec00000, 0x000000061ec00000, 0x000000061f000000|  0%| F|  |TAMS 0x000000061ec00000| PB 0x000000061ec00000| Untracked 
| 124|0x000000061f000000, 0x000000061f000000, 0x000000061f400000|  0%| F|  |TAMS 0x000000061f000000| PB 0x000000061f000000| Untracked 
| 125|0x000000061f400000, 0x000000061f400000, 0x000000061f800000|  0%| F|  |TAMS 0x000000061f400000| PB 0x000000061f400000| Untracked 
| 126|0x000000061f800000, 0x000000061f800000, 0x000000061fc00000|  0%| F|  |TAMS 0x000000061f800000| PB 0x000000061f800000| Untracked 
| 127|0x000000061fc00000, 0x000000061fc00000, 0x0000000620000000|  0%| F|  |TAMS 0x000000061fc00000| PB 0x000000061fc00000| Untracked 
| 128|0x0000000620000000, 0x0000000620000000, 0x0000000620400000|  0%| F|  |TAMS 0x0000000620000000| PB 0x0000000620000000| Untracked 
| 129|0x0000000620400000, 0x0000000620400000, 0x0000000620800000|  0%| F|  |TAMS 0x0000000620400000| PB 0x0000000620400000| Untracked 
| 130|0x0000000620800000, 0x0000000620800000, 0x0000000620c00000|  0%| F|  |TAMS 0x0000000620800000| PB 0x0000000620800000| Untracked 
| 131|0x0000000620c00000, 0x0000000620c00000, 0x0000000621000000|  0%| F|  |TAMS 0x0000000620c00000| PB 0x0000000620c00000| Untracked 
| 132|0x0000000621000000, 0x0000000621000000, 0x0000000621400000|  0%| F|  |TAMS 0x0000000621000000| PB 0x0000000621000000| Untracked 
| 133|0x0000000621400000, 0x0000000621400000, 0x0000000621800000|  0%| F|  |TAMS 0x0000000621400000| PB 0x0000000621400000| Untracked 
| 134|0x0000000621800000, 0x0000000621800000, 0x0000000621c00000|  0%| F|  |TAMS 0x0000000621800000| PB 0x0000000621800000| Untracked 
| 135|0x0000000621c00000, 0x0000000621c00000, 0x0000000622000000|  0%| F|  |TAMS 0x0000000621c00000| PB 0x0000000621c00000| Untracked 
| 136|0x0000000622000000, 0x0000000622000000, 0x0000000622400000|  0%| F|  |TAMS 0x0000000622000000| PB 0x0000000622000000| Untracked 
| 137|0x0000000622400000, 0x0000000622400000, 0x0000000622800000|  0%| F|  |TAMS 0x0000000622400000| PB 0x0000000622400000| Untracked 
| 138|0x0000000622800000, 0x0000000622800000, 0x0000000622c00000|  0%| F|  |TAMS 0x0000000622800000| PB 0x0000000622800000| Untracked 
| 139|0x0000000622c00000, 0x0000000622c00000, 0x0000000623000000|  0%| F|  |TAMS 0x0000000622c00000| PB 0x0000000622c00000| Untracked 
| 140|0x0000000623000000, 0x0000000623000000, 0x0000000623400000|  0%| F|  |TAMS 0x0000000623000000| PB 0x0000000623000000| Untracked 
| 141|0x0000000623400000, 0x0000000623400000, 0x0000000623800000|  0%| F|  |TAMS 0x0000000623400000| PB 0x0000000623400000| Untracked 
| 142|0x0000000623800000, 0x0000000623800000, 0x0000000623c00000|  0%| F|  |TAMS 0x0000000623800000| PB 0x0000000623800000| Untracked 
| 143|0x0000000623c00000, 0x0000000623c00000, 0x0000000624000000|  0%| F|  |TAMS 0x0000000623c00000| PB 0x0000000623c00000| Untracked 
| 144|0x0000000624000000, 0x0000000624000000, 0x0000000624400000|  0%| F|  |TAMS 0x0000000624000000| PB 0x0000000624000000| Untracked 
| 145|0x0000000624400000, 0x0000000624400000, 0x0000000624800000|  0%| F|  |TAMS 0x0000000624400000| PB 0x0000000624400000| Untracked 
| 146|0x0000000624800000, 0x0000000624800000, 0x0000000624c00000|  0%| F|  |TAMS 0x0000000624800000| PB 0x0000000624800000| Untracked 
| 147|0x0000000624c00000, 0x0000000624c00000, 0x0000000625000000|  0%| F|  |TAMS 0x0000000624c00000| PB 0x0000000624c00000| Untracked 
| 148|0x0000000625000000, 0x0000000625000000, 0x0000000625400000|  0%| F|  |TAMS 0x0000000625000000| PB 0x0000000625000000| Untracked 
| 149|0x0000000625400000, 0x0000000625400000, 0x0000000625800000|  0%| F|  |TAMS 0x0000000625400000| PB 0x0000000625400000| Untracked 
| 150|0x0000000625800000, 0x0000000625800000, 0x0000000625c00000|  0%| F|  |TAMS 0x0000000625800000| PB 0x0000000625800000| Untracked 
| 151|0x0000000625c00000, 0x0000000625c00000, 0x0000000626000000|  0%| F|  |TAMS 0x0000000625c00000| PB 0x0000000625c00000| Untracked 
| 152|0x0000000626000000, 0x0000000626000000, 0x0000000626400000|  0%| F|  |TAMS 0x0000000626000000| PB 0x0000000626000000| Untracked 
| 153|0x0000000626400000, 0x0000000626400000, 0x0000000626800000|  0%| F|  |TAMS 0x0000000626400000| PB 0x0000000626400000| Untracked 
| 154|0x0000000626800000, 0x0000000626800000, 0x0000000626c00000|  0%| F|  |TAMS 0x0000000626800000| PB 0x0000000626800000| Untracked 
| 155|0x0000000626c00000, 0x0000000626c00000, 0x0000000627000000|  0%| F|  |TAMS 0x0000000626c00000| PB 0x0000000626c00000| Untracked 
| 156|0x0000000627000000, 0x0000000627000000, 0x0000000627400000|  0%| F|  |TAMS 0x0000000627000000| PB 0x0000000627000000| Untracked 
| 157|0x0000000627400000, 0x0000000627400000, 0x0000000627800000|  0%| F|  |TAMS 0x0000000627400000| PB 0x0000000627400000| Untracked 
| 158|0x0000000627800000, 0x0000000627800000, 0x0000000627c00000|  0%| F|  |TAMS 0x0000000627800000| PB 0x0000000627800000| Untracked 
| 159|0x0000000627c00000, 0x0000000627c00000, 0x0000000628000000|  0%| F|  |TAMS 0x0000000627c00000| PB 0x0000000627c00000| Untracked 
| 160|0x0000000628000000, 0x0000000628000000, 0x0000000628400000|  0%| F|  |TAMS 0x0000000628000000| PB 0x0000000628000000| Untracked 
| 161|0x0000000628400000, 0x0000000628400000, 0x0000000628800000|  0%| F|  |TAMS 0x0000000628400000| PB 0x0000000628400000| Untracked 
| 162|0x0000000628800000, 0x0000000628800000, 0x0000000628c00000|  0%| F|  |TAMS 0x0000000628800000| PB 0x0000000628800000| Untracked 
| 163|0x0000000628c00000, 0x0000000628c00000, 0x0000000629000000|  0%| F|  |TAMS 0x0000000628c00000| PB 0x0000000628c00000| Untracked 
| 164|0x0000000629000000, 0x0000000629000000, 0x0000000629400000|  0%| F|  |TAMS 0x0000000629000000| PB 0x0000000629000000| Untracked 
| 165|0x0000000629400000, 0x0000000629400000, 0x0000000629800000|  0%| F|  |TAMS 0x0000000629400000| PB 0x0000000629400000| Untracked 
| 166|0x0000000629800000, 0x0000000629800000, 0x0000000629c00000|  0%| F|  |TAMS 0x0000000629800000| PB 0x0000000629800000| Untracked 
| 167|0x0000000629c00000, 0x0000000629c00000, 0x000000062a000000|  0%| F|  |TAMS 0x0000000629c00000| PB 0x0000000629c00000| Untracked 
| 168|0x000000062a000000, 0x000000062a000000, 0x000000062a400000|  0%| F|  |TAMS 0x000000062a000000| PB 0x000000062a000000| Untracked 
| 169|0x000000062a400000, 0x000000062a400000, 0x000000062a800000|  0%| F|  |TAMS 0x000000062a400000| PB 0x000000062a400000| Untracked 
| 170|0x000000062a800000, 0x000000062a800000, 0x000000062ac00000|  0%| F|  |TAMS 0x000000062a800000| PB 0x000000062a800000| Untracked 
| 171|0x000000062ac00000, 0x000000062ac00000, 0x000000062b000000|  0%| F|  |TAMS 0x000000062ac00000| PB 0x000000062ac00000| Untracked 
| 172|0x000000062b000000, 0x000000062b000000, 0x000000062b400000|  0%| F|  |TAMS 0x000000062b000000| PB 0x000000062b000000| Untracked 
| 173|0x000000062b400000, 0x000000062b400000, 0x000000062b800000|  0%| F|  |TAMS 0x000000062b400000| PB 0x000000062b400000| Untracked 
| 174|0x000000062b800000, 0x000000062b800000, 0x000000062bc00000|  0%| F|  |TAMS 0x000000062b800000| PB 0x000000062b800000| Untracked 
| 175|0x000000062bc00000, 0x000000062bc00000, 0x000000062c000000|  0%| F|  |TAMS 0x000000062bc00000| PB 0x000000062bc00000| Untracked 
| 176|0x000000062c000000, 0x000000062c000000, 0x000000062c400000|  0%| F|  |TAMS 0x000000062c000000| PB 0x000000062c000000| Untracked 
| 177|0x000000062c400000, 0x000000062c400000, 0x000000062c800000|  0%| F|  |TAMS 0x000000062c400000| PB 0x000000062c400000| Untracked 
| 178|0x000000062c800000, 0x000000062c800000, 0x000000062cc00000|  0%| F|  |TAMS 0x000000062c800000| PB 0x000000062c800000| Untracked 
| 179|0x000000062cc00000, 0x000000062cc00000, 0x000000062d000000|  0%| F|  |TAMS 0x000000062cc00000| PB 0x000000062cc00000| Untracked 
| 180|0x000000062d000000, 0x000000062d000000, 0x000000062d400000|  0%| F|  |TAMS 0x000000062d000000| PB 0x000000062d000000| Untracked 
| 181|0x000000062d400000, 0x000000062d400000, 0x000000062d800000|  0%| F|  |TAMS 0x000000062d400000| PB 0x000000062d400000| Untracked 
| 182|0x000000062d800000, 0x000000062d800000, 0x000000062dc00000|  0%| F|  |TAMS 0x000000062d800000| PB 0x000000062d800000| Untracked 
| 183|0x000000062dc00000, 0x000000062dc00000, 0x000000062e000000|  0%| F|  |TAMS 0x000000062dc00000| PB 0x000000062dc00000| Untracked 
| 184|0x000000062e000000, 0x000000062e000000, 0x000000062e400000|  0%| F|  |TAMS 0x000000062e000000| PB 0x000000062e000000| Untracked 
| 185|0x000000062e400000, 0x000000062e800000, 0x000000062e800000|100%| S|CS|TAMS 0x000000062e400000| PB 0x000000062e400000| Complete 
| 186|0x000000062e800000, 0x000000062ec00000, 0x000000062ec00000|100%| S|CS|TAMS 0x000000062e800000| PB 0x000000062e800000| Complete 
| 187|0x000000062ec00000, 0x000000062f000000, 0x000000062f000000|100%| S|CS|TAMS 0x000000062ec00000| PB 0x000000062ec00000| Complete 
| 188|0x000000062f000000, 0x000000062f400000, 0x000000062f400000|100%| S|CS|TAMS 0x000000062f000000| PB 0x000000062f000000| Complete 
| 189|0x000000062f400000, 0x000000062f800000, 0x000000062f800000|100%| S|CS|TAMS 0x000000062f400000| PB 0x000000062f400000| Complete 
| 190|0x000000062f800000, 0x000000062fc00000, 0x000000062fc00000|100%| S|CS|TAMS 0x000000062f800000| PB 0x000000062f800000| Complete 
| 191|0x000000062fc00000, 0x000000062fc00000, 0x0000000630000000|  0%| F|  |TAMS 0x000000062fc00000| PB 0x000000062fc00000| Untracked 
| 192|0x0000000630000000, 0x0000000630000000, 0x0000000630400000|  0%| F|  |TAMS 0x0000000630000000| PB 0x0000000630000000| Untracked 
| 193|0x0000000630400000, 0x0000000630400000, 0x0000000630800000|  0%| F|  |TAMS 0x0000000630400000| PB 0x0000000630400000| Untracked 
| 194|0x0000000630800000, 0x0000000630800000, 0x0000000630c00000|  0%| F|  |TAMS 0x0000000630800000| PB 0x0000000630800000| Untracked 
| 195|0x0000000630c00000, 0x0000000630c00000, 0x0000000631000000|  0%| F|  |TAMS 0x0000000630c00000| PB 0x0000000630c00000| Untracked 
| 196|0x0000000631000000, 0x0000000631000000, 0x0000000631400000|  0%| F|  |TAMS 0x0000000631000000| PB 0x0000000631000000| Untracked 
| 197|0x0000000631400000, 0x0000000631400000, 0x0000000631800000|  0%| F|  |TAMS 0x0000000631400000| PB 0x0000000631400000| Untracked 
| 198|0x0000000631800000, 0x0000000631800000, 0x0000000631c00000|  0%| F|  |TAMS 0x0000000631800000| PB 0x0000000631800000| Untracked 
| 199|0x0000000631c00000, 0x0000000631c00000, 0x0000000632000000|  0%| F|  |TAMS 0x0000000631c00000| PB 0x0000000631c00000| Untracked 
| 200|0x0000000632000000, 0x0000000632000000, 0x0000000632400000|  0%| F|  |TAMS 0x0000000632000000| PB 0x0000000632000000| Untracked 
| 201|0x0000000632400000, 0x0000000632400000, 0x0000000632800000|  0%| F|  |TAMS 0x0000000632400000| PB 0x0000000632400000| Untracked 
| 202|0x0000000632800000, 0x0000000632800000, 0x0000000632c00000|  0%| F|  |TAMS 0x0000000632800000| PB 0x0000000632800000| Untracked 
| 203|0x0000000632c00000, 0x0000000632c00000, 0x0000000633000000|  0%| F|  |TAMS 0x0000000632c00000| PB 0x0000000632c00000| Untracked 
| 204|0x0000000633000000, 0x0000000633000000, 0x0000000633400000|  0%| F|  |TAMS 0x0000000633000000| PB 0x0000000633000000| Untracked 
| 205|0x0000000633400000, 0x0000000633400000, 0x0000000633800000|  0%| F|  |TAMS 0x0000000633400000| PB 0x0000000633400000| Untracked 
| 206|0x0000000633800000, 0x0000000633800000, 0x0000000633c00000|  0%| F|  |TAMS 0x0000000633800000| PB 0x0000000633800000| Untracked 
| 207|0x0000000633c00000, 0x0000000633c00000, 0x0000000634000000|  0%| F|  |TAMS 0x0000000633c00000| PB 0x0000000633c00000| Untracked 
| 208|0x0000000634000000, 0x0000000634000000, 0x0000000634400000|  0%| F|  |TAMS 0x0000000634000000| PB 0x0000000634000000| Untracked 
| 209|0x0000000634400000, 0x0000000634400000, 0x0000000634800000|  0%| F|  |TAMS 0x0000000634400000| PB 0x0000000634400000| Untracked 
| 210|0x0000000634800000, 0x0000000634800000, 0x0000000634c00000|  0%| F|  |TAMS 0x0000000634800000| PB 0x0000000634800000| Untracked 
| 211|0x0000000634c00000, 0x0000000634c00000, 0x0000000635000000|  0%| F|  |TAMS 0x0000000634c00000| PB 0x0000000634c00000| Untracked 
| 212|0x0000000635000000, 0x0000000635000000, 0x0000000635400000|  0%| F|  |TAMS 0x0000000635000000| PB 0x0000000635000000| Untracked 
| 213|0x0000000635400000, 0x0000000635400000, 0x0000000635800000|  0%| F|  |TAMS 0x0000000635400000| PB 0x0000000635400000| Untracked 
| 214|0x0000000635800000, 0x0000000635800000, 0x0000000635c00000|  0%| F|  |TAMS 0x0000000635800000| PB 0x0000000635800000| Untracked 
| 215|0x0000000635c00000, 0x0000000635c00000, 0x0000000636000000|  0%| F|  |TAMS 0x0000000635c00000| PB 0x0000000635c00000| Untracked 
| 216|0x0000000636000000, 0x0000000636000000, 0x0000000636400000|  0%| F|  |TAMS 0x0000000636000000| PB 0x0000000636000000| Untracked 
| 217|0x0000000636400000, 0x0000000636400000, 0x0000000636800000|  0%| F|  |TAMS 0x0000000636400000| PB 0x0000000636400000| Untracked 
| 218|0x0000000636800000, 0x0000000636800000, 0x0000000636c00000|  0%| F|  |TAMS 0x0000000636800000| PB 0x0000000636800000| Untracked 
| 219|0x0000000636c00000, 0x0000000636c00000, 0x0000000637000000|  0%| F|  |TAMS 0x0000000636c00000| PB 0x0000000636c00000| Untracked 
| 220|0x0000000637000000, 0x0000000637000000, 0x0000000637400000|  0%| F|  |TAMS 0x0000000637000000| PB 0x0000000637000000| Untracked 
| 221|0x0000000637400000, 0x0000000637400000, 0x0000000637800000|  0%| F|  |TAMS 0x0000000637400000| PB 0x0000000637400000| Untracked 
| 222|0x0000000637800000, 0x0000000637800000, 0x0000000637c00000|  0%| F|  |TAMS 0x0000000637800000| PB 0x0000000637800000| Untracked 
| 223|0x0000000637c00000, 0x0000000637c00000, 0x0000000638000000|  0%| F|  |TAMS 0x0000000637c00000| PB 0x0000000637c00000| Untracked 
| 224|0x0000000638000000, 0x0000000638000000, 0x0000000638400000|  0%| F|  |TAMS 0x0000000638000000| PB 0x0000000638000000| Untracked 
| 225|0x0000000638400000, 0x0000000638400000, 0x0000000638800000|  0%| F|  |TAMS 0x0000000638400000| PB 0x0000000638400000| Untracked 
| 226|0x0000000638800000, 0x0000000638800000, 0x0000000638c00000|  0%| F|  |TAMS 0x0000000638800000| PB 0x0000000638800000| Untracked 
| 227|0x0000000638c00000, 0x0000000638c00000, 0x0000000639000000|  0%| F|  |TAMS 0x0000000638c00000| PB 0x0000000638c00000| Untracked 
| 228|0x0000000639000000, 0x0000000639000000, 0x0000000639400000|  0%| F|  |TAMS 0x0000000639000000| PB 0x0000000639000000| Untracked 
| 229|0x0000000639400000, 0x0000000639400000, 0x0000000639800000|  0%| F|  |TAMS 0x0000000639400000| PB 0x0000000639400000| Untracked 
| 230|0x0000000639800000, 0x0000000639800000, 0x0000000639c00000|  0%| F|  |TAMS 0x0000000639800000| PB 0x0000000639800000| Untracked 
| 231|0x0000000639c00000, 0x0000000639c00000, 0x000000063a000000|  0%| F|  |TAMS 0x0000000639c00000| PB 0x0000000639c00000| Untracked 
| 232|0x000000063a000000, 0x000000063a000000, 0x000000063a400000|  0%| F|  |TAMS 0x000000063a000000| PB 0x000000063a000000| Untracked 
| 233|0x000000063a400000, 0x000000063a400000, 0x000000063a800000|  0%| F|  |TAMS 0x000000063a400000| PB 0x000000063a400000| Untracked 
| 234|0x000000063a800000, 0x000000063a800000, 0x000000063ac00000|  0%| F|  |TAMS 0x000000063a800000| PB 0x000000063a800000| Untracked 
| 235|0x000000063ac00000, 0x000000063ac00000, 0x000000063b000000|  0%| F|  |TAMS 0x000000063ac00000| PB 0x000000063ac00000| Untracked 
| 236|0x000000063b000000, 0x000000063b000000, 0x000000063b400000|  0%| F|  |TAMS 0x000000063b000000| PB 0x000000063b000000| Untracked 
| 237|0x000000063b400000, 0x000000063b400000, 0x000000063b800000|  0%| F|  |TAMS 0x000000063b400000| PB 0x000000063b400000| Untracked 
| 238|0x000000063b800000, 0x000000063b800000, 0x000000063bc00000|  0%| F|  |TAMS 0x000000063b800000| PB 0x000000063b800000| Untracked 
| 239|0x000000063bc00000, 0x000000063bc00000, 0x000000063c000000|  0%| F|  |TAMS 0x000000063bc00000| PB 0x000000063bc00000| Untracked 
| 240|0x000000063c000000, 0x000000063c000000, 0x000000063c400000|  0%| F|  |TAMS 0x000000063c000000| PB 0x000000063c000000| Untracked 
| 241|0x000000063c400000, 0x000000063c400000, 0x000000063c800000|  0%| F|  |TAMS 0x000000063c400000| PB 0x000000063c400000| Untracked 
| 242|0x000000063c800000, 0x000000063c800000, 0x000000063cc00000|  0%| F|  |TAMS 0x000000063c800000| PB 0x000000063c800000| Untracked 
| 243|0x000000063cc00000, 0x000000063cc00000, 0x000000063d000000|  0%| F|  |TAMS 0x000000063cc00000| PB 0x000000063cc00000| Untracked 
| 244|0x000000063d000000, 0x000000063d000000, 0x000000063d400000|  0%| F|  |TAMS 0x000000063d000000| PB 0x000000063d000000| Untracked 
| 245|0x000000063d400000, 0x000000063d400000, 0x000000063d800000|  0%| F|  |TAMS 0x000000063d400000| PB 0x000000063d400000| Untracked 
| 246|0x000000063d800000, 0x000000063d800000, 0x000000063dc00000|  0%| F|  |TAMS 0x000000063d800000| PB 0x000000063d800000| Untracked 
| 247|0x000000063dc00000, 0x000000063dc00000, 0x000000063e000000|  0%| F|  |TAMS 0x000000063dc00000| PB 0x000000063dc00000| Untracked 
| 248|0x000000063e000000, 0x000000063e000000, 0x000000063e400000|  0%| F|  |TAMS 0x000000063e000000| PB 0x000000063e000000| Untracked 
| 249|0x000000063e400000, 0x000000063e400000, 0x000000063e800000|  0%| F|  |TAMS 0x000000063e400000| PB 0x000000063e400000| Untracked 
|2044|0x00000007ff000000, 0x00000007ff000000, 0x00000007ff400000|  0%| F|  |TAMS 0x00000007ff000000| PB 0x00000007ff000000| Untracked 
|2045|0x00000007ff400000, 0x00000007ff400000, 0x00000007ff800000|  0%| F|  |TAMS 0x00000007ff400000| PB 0x00000007ff400000| Untracked 
|2046|0x00000007ff800000, 0x00000007ffc00000, 0x00000007ffc00000|100%| O|  |TAMS 0x00000007ff800000| PB 0x00000007ff800000| Untracked 
|2047|0x00000007ffc00000, 0x0000000800000000, 0x0000000800000000|100%| O|  |TAMS 0x00000007ffc00000| PB 0x00000007ffc00000| Untracked 

Card table byte_map: [0x000001877a790000,0x000001877b790000] _byte_map_base: 0x0000018777790000

Marking Bits: (CMBitMap*) 0x0000018753f45070
 Bits: [0x0000018700000000, 0x0000018708000000)

Polling page: 0x00000187542f0000

Metaspace:

Usage:
  Non-class:    189.88 MB used.
      Class:     28.06 MB used.
       Both:    217.93 MB used.

Virtual space:
  Non-class space:      192.00 MB reserved,     191.25 MB (>99%) committed,  3 nodes.
      Class space:        1.00 GB reserved,      29.38 MB (  3%) committed,  1 nodes.
             Both:        1.19 GB reserved,     220.62 MB ( 18%) committed. 

Chunk freelists:
   Non-Class:  656.00 KB
       Class:  2.61 MB
        Both:  3.25 MB

MaxMetaspaceSize: 4.00 GB
CompressedClassSpaceSize: 1.00 GB
Initial GC threshold: 21.00 MB
Current GC threshold: 307.50 MB
CDS: off
 - commit_granule_bytes: 65536.
 - commit_granule_words: 8192.
 - virtual_space_node_default_size: 8388608.
 - enlarge_chunks_in_place: 1.
 - use_allocation_guard: 0.


Internal statistics:

num_allocs_failed_limit: 12.
num_arena_births: 5246.
num_arena_deaths: 6.
num_vsnodes_births: 4.
num_vsnodes_deaths: 0.
num_space_committed: 3529.
num_space_uncommitted: 5.
num_chunks_returned_to_freelist: 64.
num_chunks_taken_from_freelist: 15080.
num_chunk_merges: 25.
num_chunk_splits: 9955.
num_chunks_enlarged: 6363.
num_inconsistent_stats: 0.

CodeHeap 'non-profiled nmethods': size=259264Kb used=17026Kb max_used=17077Kb free=242237Kb
 bounds [0x0000018768bb0000, 0x0000018769c70000, 0x00000187788e0000]
CodeHeap 'profiled nmethods': size=259264Kb used=43731Kb max_used=45462Kb free=215532Kb
 bounds [0x00000187588e0000, 0x000001875b550000, 0x0000018768610000]
CodeHeap 'non-nmethods': size=5760Kb used=3186Kb max_used=3222Kb free=2573Kb
 bounds [0x0000018768610000, 0x0000018768940000, 0x0000018768bb0000]
 total_blobs=22641 nmethods=21423 adapters=1120
 compilation: enabled
              stopped_count=0, restarted_count=0
 full_count=0

Compilation events (20 events):
Event: 612.462 Thread 0x000001877e6f7ec0 28862       3       kotlin.collections.builders.MapBuilder$Itr::initNext$kotlin_stdlib (45 bytes)
Event: 612.464 Thread 0x000001877e6f7ec0 nmethod 28862 0x00000187598fe990 code [0x00000187598feb40, 0x00000187598fed80]
Event: 612.464 Thread 0x000001877e6f7ec0 28855       1       kotlin.collections.builders.MapBuilder$Itr::setLastIndex$kotlin_stdlib (6 bytes)
Event: 612.465 Thread 0x000001877e6f7ec0 nmethod 28855 0x0000018768f9e090 code [0x0000018768f9e220, 0x0000018768f9e2e8]
Event: 612.465 Thread 0x000001877e6f7ec0 28863       3       kotlin.collections.builders.MapBuilder$Itr::hasNext (20 bytes)
Event: 612.466 Thread 0x000001877e6f7ec0 nmethod 28863 0x000001875ae7b110 code [0x000001875ae7b2c0, 0x000001875ae7b440]
Event: 612.466 Thread 0x000001877e6f7ec0 28860       2       kotlin.collections.builders.MapBuilder$KeysItr::next (62 bytes)
Event: 612.471 Thread 0x000001877e6f7ec0 nmethod 28860 0x0000018759820e10 code [0x0000018759820fe0, 0x0000018759821310]
Event: 612.472 Thread 0x000001877e6f7ec0 28857       1       kotlin.collections.builders.MapBuilder$Itr::getLastIndex$kotlin_stdlib (5 bytes)
Event: 612.474 Thread 0x000001877e6f7ec0 nmethod 28857 0x0000018768f9dd90 code [0x0000018768f9df20, 0x0000018768f9dfe8]
Event: 612.474 Thread 0x000001877e6f7ec0 28861       2       kotlin.collections.builders.MapBuilder$Itr::checkForComodification$kotlin_stdlib (23 bytes)
Event: 612.476 Thread 0x000001877e6f7ec0 nmethod 28861 0x00000187598a4c10 code [0x00000187598a4dc0, 0x00000187598a4fa8]
Event: 612.478 Thread 0x000001877e6f7ec0 28848       2       com.google.common.collect.ImmutableList::sortedCopyOf (29 bytes)
Event: 612.483 Thread 0x000001877e6f7ec0 nmethod 28848 0x000001875a083e10 code [0x000001875a084020, 0x000001875a084550]
Event: 612.555 Thread 0x000001877e6f7ec0 28865 %     3       kotlin.collections.builders.MapBuilder::rehash @ 40 (71 bytes)
Event: 612.559 Thread 0x000001877e6f7ec0 nmethod 28865% 0x000001875af58310 code [0x000001875af58540, 0x000001875af58c38]
Event: 612.559 Thread 0x000001877e6f7ec0 28866       2       com.intellij.psi.tree.java.IJavaElementType::<init> (14 bytes)
Event: 612.562 Thread 0x000001877e6f7ec0 nmethod 28866 0x00000187598b7290 code [0x00000187598b7460, 0x00000187598b7670]
Event: 612.562 Thread 0x000001877e6f7ec0 28867       3       kotlin.collections.builders.MapBuilder::rehash (71 bytes)
Event: 612.565 Thread 0x000001877e6f7ec0 nmethod 28867 0x00000187594b5590 code [0x00000187594b57c0, 0x00000187594b5e30]

GC Heap History (20 events):
Event: 540.808 GC heap after
{Heap after GC invocations=70 (full 0):
 garbage-first heap   total 507904K, used 261164K [0x0000000600000000, 0x0000000800000000)
  region size 4096K, 4 young (16384K), 4 survivors (16384K)
 Metaspace       used 167934K, committed 170560K, reserved 1245184K
  class space    used 22316K, committed 23616K, reserved 1048576K
}
Event: 565.841 GC heap before
{Heap before GC invocations=70 (full 0):
 garbage-first heap   total 507904K, used 408620K [0x0000000600000000, 0x0000000800000000)
  region size 4096K, 40 young (163840K), 4 survivors (16384K)
 Metaspace       used 171382K, committed 174016K, reserved 1245184K
  class space    used 22571K, committed 23872K, reserved 1048576K
}
Event: 566.149 GC heap after
{Heap after GC invocations=71 (full 0):
 garbage-first heap   total 507904K, used 266448K [0x0000000600000000, 0x0000000800000000)
  region size 4096K, 3 young (12288K), 3 survivors (12288K)
 Metaspace       used 171382K, committed 174016K, reserved 1245184K
  class space    used 22571K, committed 23872K, reserved 1048576K
}
Event: 568.660 GC heap before
{Heap before GC invocations=71 (full 0):
 garbage-first heap   total 507904K, used 278736K [0x0000000600000000, 0x0000000800000000)
  region size 4096K, 6 young (24576K), 3 survivors (12288K)
 Metaspace       used 171418K, committed 174080K, reserved 1245184K
  class space    used 22573K, committed 23872K, reserved 1048576K
}
Event: 568.808 GC heap after
{Heap after GC invocations=72 (full 0):
 garbage-first heap   total 507904K, used 267429K [0x0000000600000000, 0x0000000800000000)
  region size 4096K, 1 young (4096K), 1 survivors (4096K)
 Metaspace       used 171418K, committed 174080K, reserved 1245184K
  class space    used 22573K, committed 23872K, reserved 1048576K
}
Event: 579.329 GC heap before
{Heap before GC invocations=72 (full 0):
 garbage-first heap   total 507904K, used 345253K [0x0000000600000000, 0x0000000800000000)
  region size 4096K, 19 young (77824K), 1 survivors (4096K)
 Metaspace       used 179421K, committed 182080K, reserved 1245184K
  class space    used 23317K, committed 24640K, reserved 1048576K
}
Event: 579.504 GC heap after
{Heap after GC invocations=73 (full 0):
 garbage-first heap   total 507904K, used 279831K [0x0000000600000000, 0x0000000800000000)
  region size 4096K, 2 young (8192K), 2 survivors (8192K)
 Metaspace       used 179421K, committed 182080K, reserved 1245184K
  class space    used 23317K, committed 24640K, reserved 1048576K
}
Event: 581.394 GC heap before
{Heap before GC invocations=73 (full 0):
 garbage-first heap   total 507904K, used 312599K [0x0000000600000000, 0x0000000800000000)
  region size 4096K, 11 young (45056K), 2 survivors (8192K)
 Metaspace       used 184520K, committed 187264K, reserved 1245184K
  class space    used 23833K, committed 25152K, reserved 1048576K
}
Event: 581.555 GC heap after
{Heap after GC invocations=74 (full 0):
 garbage-first heap   total 1040384K, used 282057K [0x0000000600000000, 0x0000000800000000)
  region size 4096K, 1 young (4096K), 1 survivors (4096K)
 Metaspace       used 184520K, committed 187264K, reserved 1245184K
  class space    used 23833K, committed 25152K, reserved 1048576K
}
Event: 590.798 GC heap before
{Heap before GC invocations=75 (full 0):
 garbage-first heap   total 958464K, used 318921K [0x0000000600000000, 0x0000000800000000)
  region size 4096K, 11 young (45056K), 1 survivors (4096K)
 Metaspace       used 189736K, committed 192512K, reserved 1245184K
  class space    used 24336K, committed 25664K, reserved 1048576K
}
Event: 590.835 GC heap after
{Heap after GC invocations=76 (full 0):
 garbage-first heap   total 958464K, used 284477K [0x0000000600000000, 0x0000000800000000)
  region size 4096K, 2 young (8192K), 2 survivors (8192K)
 Metaspace       used 189736K, committed 192512K, reserved 1245184K
  class space    used 24336K, committed 25664K, reserved 1048576K
}
Event: 605.691 GC heap before
{Heap before GC invocations=76 (full 0):
 garbage-first heap   total 958464K, used 550717K [0x0000000600000000, 0x0000000800000000)
  region size 4096K, 36 young (147456K), 2 survivors (8192K)
 Metaspace       used 209564K, committed 212288K, reserved 1245184K
  class space    used 26537K, committed 27840K, reserved 1048576K
}
Event: 605.771 GC heap after
{Heap after GC invocations=77 (full 0):
 garbage-first heap   total 958464K, used 292938K [0x0000000600000000, 0x0000000800000000)
  region size 4096K, 5 young (20480K), 5 survivors (20480K)
 Metaspace       used 209564K, committed 212288K, reserved 1245184K
  class space    used 26537K, committed 27840K, reserved 1048576K
}
Event: 607.009 GC heap before
{Heap before GC invocations=77 (full 0):
 garbage-first heap   total 958464K, used 313418K [0x0000000600000000, 0x0000000800000000)
  region size 4096K, 11 young (45056K), 5 survivors (20480K)
 Metaspace       used 213461K, committed 216128K, reserved 1245184K
  class space    used 27023K, committed 28288K, reserved 1048576K
}
Event: 607.130 GC heap after
{Heap after GC invocations=78 (full 0):
 garbage-first heap   total 958464K, used 291748K [0x0000000600000000, 0x0000000800000000)
  region size 4096K, 1 young (4096K), 1 survivors (4096K)
 Metaspace       used 213461K, committed 216128K, reserved 1245184K
  class space    used 27023K, committed 28288K, reserved 1048576K
}
Event: 610.978 GC heap before
{Heap before GC invocations=78 (full 0):
 garbage-first heap   total 958464K, used 476068K [0x0000000600000000, 0x0000000800000000)
  region size 4096K, 47 young (192512K), 1 survivors (4096K)
 Metaspace       used 220978K, committed 223680K, reserved 1245184K
  class space    used 28505K, committed 29824K, reserved 1048576K
}
Event: 611.084 GC heap after
{Heap after GC invocations=79 (full 0):
 garbage-first heap   total 958464K, used 314346K [0x0000000600000000, 0x0000000800000000)
  region size 4096K, 6 young (24576K), 6 survivors (24576K)
 Metaspace       used 220978K, committed 223680K, reserved 1245184K
  class space    used 28505K, committed 29824K, reserved 1048576K
}
Event: 611.178 GC heap before
{Heap before GC invocations=79 (full 0):
 garbage-first heap   total 958464K, used 334826K [0x0000000600000000, 0x0000000800000000)
  region size 4096K, 11 young (45056K), 6 survivors (24576K)
 Metaspace       used 220995K, committed 223744K, reserved 1245184K
  class space    used 28506K, committed 29824K, reserved 1048576K
}
Event: 611.393 GC heap after
{Heap after GC invocations=80 (full 0):
 garbage-first heap   total 958464K, used 319689K [0x0000000600000000, 0x0000000800000000)
  region size 4096K, 2 young (8192K), 2 survivors (8192K)
 Metaspace       used 220995K, committed 223744K, reserved 1245184K
  class space    used 28506K, committed 29824K, reserved 1048576K
}
Event: 612.734 GC heap before
{Heap before GC invocations=80 (full 0):
 garbage-first heap   total 958464K, used 475337K [0x0000000600000000, 0x0000000800000000)
  region size 4096K, 41 young (167936K), 2 survivors (8192K)
 Metaspace       used 223164K, committed 225920K, reserved 1245184K
  class space    used 28731K, committed 30080K, reserved 1048576K
}

Dll operation events (3 events):
Event: 0.032 Loaded shared library C:\Program Files\Android\Android Studio3\jbr\bin\java.dll
Event: 0.043 Loaded shared library C:\Program Files\Android\Android Studio3\jbr\bin\zip.dll
Event: 1.770 Loaded shared library C:\Program Files\Android\Android Studio3\jbr\bin\verify.dll

Deoptimization events (20 events):
Event: 611.547 Thread 0x00000187191a84e0 Uncommon trap: trap_request=0xffffff45 fr.pc=0x0000018768f754cc relative=0x00000000000000ac
Event: 611.547 Thread 0x00000187191a84e0 Uncommon trap: reason=unstable_if action=reinterpret pc=0x0000018768f754cc method=kotlin.collections.builders.MapBuilder$Itr.initNext$kotlin_stdlib()V @ 11 c2
Event: 611.547 Thread 0x00000187191a84e0 DEOPT PACKING pc=0x0000018768f754cc sp=0x0000002066bfd1a0
Event: 611.547 Thread 0x00000187191a84e0 DEOPT UNPACKING pc=0x00000187686646a2 sp=0x0000002066bfd130 mode 2
Event: 612.351 Thread 0x00000187178d7200 Uncommon trap: trap_request=0xffffffde fr.pc=0x0000018769998224 relative=0x00000000000002e4
Event: 612.351 Thread 0x00000187178d7200 Uncommon trap: reason=class_check action=maybe_recompile pc=0x0000018769998224 method=org.jetbrains.kotlin.analysis.api.impl.base.util.LibraryUtils.getAllVirtualFilesFromRoot$lambda$3(Ljava/util/Set;Lcom/intellij/openapi/vfs/VirtualFile;)Z @ 8 c2
Event: 612.351 Thread 0x00000187178d7200 DEOPT PACKING pc=0x0000018769998224 sp=0x00000020680fce30
Event: 612.351 Thread 0x00000187178d7200 DEOPT UNPACKING pc=0x00000187686646a2 sp=0x00000020680fcc60 mode 2
Event: 612.352 Thread 0x00000187178d7200 Uncommon trap: trap_request=0xffffffde fr.pc=0x0000018769998224 relative=0x00000000000002e4
Event: 612.352 Thread 0x00000187178d7200 Uncommon trap: reason=class_check action=maybe_recompile pc=0x0000018769998224 method=org.jetbrains.kotlin.analysis.api.impl.base.util.LibraryUtils.getAllVirtualFilesFromRoot$lambda$3(Ljava/util/Set;Lcom/intellij/openapi/vfs/VirtualFile;)Z @ 8 c2
Event: 612.352 Thread 0x00000187178d7200 DEOPT PACKING pc=0x0000018769998224 sp=0x00000020680fcd70
Event: 612.352 Thread 0x00000187178d7200 DEOPT UNPACKING pc=0x00000187686646a2 sp=0x00000020680fcba0 mode 2
Event: 612.352 Thread 0x00000187178d7200 Uncommon trap: trap_request=0xffffffde fr.pc=0x0000018769998224 relative=0x00000000000002e4
Event: 612.352 Thread 0x00000187178d7200 Uncommon trap: reason=class_check action=maybe_recompile pc=0x0000018769998224 method=org.jetbrains.kotlin.analysis.api.impl.base.util.LibraryUtils.getAllVirtualFilesFromRoot$lambda$3(Ljava/util/Set;Lcom/intellij/openapi/vfs/VirtualFile;)Z @ 8 c2
Event: 612.352 Thread 0x00000187178d7200 DEOPT PACKING pc=0x0000018769998224 sp=0x00000020680fccb0
Event: 612.352 Thread 0x00000187178d7200 DEOPT UNPACKING pc=0x00000187686646a2 sp=0x00000020680fcae0 mode 2
Event: 612.353 Thread 0x00000187178d7200 Uncommon trap: trap_request=0xffffffde fr.pc=0x0000018769998224 relative=0x00000000000002e4
Event: 612.353 Thread 0x00000187178d7200 Uncommon trap: reason=class_check action=maybe_recompile pc=0x0000018769998224 method=org.jetbrains.kotlin.analysis.api.impl.base.util.LibraryUtils.getAllVirtualFilesFromRoot$lambda$3(Ljava/util/Set;Lcom/intellij/openapi/vfs/VirtualFile;)Z @ 8 c2
Event: 612.353 Thread 0x00000187178d7200 DEOPT PACKING pc=0x0000018769998224 sp=0x00000020680fcd70
Event: 612.353 Thread 0x00000187178d7200 DEOPT UNPACKING pc=0x00000187686646a2 sp=0x00000020680fcba0 mode 2

Classes loaded (20 events):
Event: 608.744 Loading class com/sun/crypto/provider/GaloisCounterMode$EncryptOp
Event: 608.744 Loading class com/sun/crypto/provider/GaloisCounterMode$GCMOperation
Event: 608.744 Loading class com/sun/crypto/provider/GaloisCounterMode$GCMOperation done
Event: 608.744 Loading class com/sun/crypto/provider/GaloisCounterMode$EncryptOp done
Event: 610.457 Loading class java/nio/file/FileSystemLoopException
Event: 610.460 Loading class java/nio/file/FileSystemLoopException done
Event: 610.797 Loading class sun/nio/cs/UTF_32BE
Event: 610.876 Loading class sun/nio/cs/UTF_32BE done
Event: 610.878 Loading class sun/nio/cs/UTF_32LE
Event: 610.883 Loading class sun/nio/cs/UTF_32LE done
Event: 610.883 Loading class sun/nio/cs/MS1251
Event: 610.890 Loading class sun/nio/cs/MS1251 done
Event: 611.607 Loading class java/beans/PropertyChangeSupport
Event: 611.612 Loading class java/beans/PropertyChangeSupport done
Event: 611.612 Loading class java/beans/PropertyChangeSupport$PropertyChangeListenerMap
Event: 611.613 Loading class java/beans/ChangeListenerMap
Event: 611.687 Loading class java/beans/ChangeListenerMap done
Event: 611.687 Loading class java/beans/PropertyChangeSupport$PropertyChangeListenerMap done
Event: 611.888 Loading class java/nio/channels/Channels$WritableByteChannelImpl
Event: 611.890 Loading class java/nio/channels/Channels$WritableByteChannelImpl done

Classes unloaded (20 events):
Event: 583.644 Thread 0x000001877ba1ea80 Unloading class 0x0000000801721928 'jdk/internal/jimage/ImageHeader'
Event: 583.644 Thread 0x000001877ba1ea80 Unloading class 0x00000008017216d0 'jdk/internal/jimage/BasicImageReader$2'
Event: 583.644 Thread 0x000001877ba1ea80 Unloading class 0x0000000801721478 'jdk/internal/jimage/BasicImageReader$1'
Event: 583.644 Thread 0x000001877ba1ea80 Unloading class 0x00000008017211e8 'jdk/internal/jimage/ImageReader$Resource'
Event: 583.644 Thread 0x000001877ba1ea80 Unloading class 0x0000000801720f58 'jdk/internal/jimage/ImageReader$LinkNode'
Event: 583.644 Thread 0x000001877ba1ea80 Unloading class 0x0000000801720cc8 'jdk/internal/jimage/ImageReader$Directory'
Event: 583.644 Thread 0x000001877ba1ea80 Unloading class 0x0000000801720a38 'jdk/internal/jimage/ImageReader$Node'
Event: 583.644 Thread 0x000001877ba1ea80 Unloading class 0x0000000801720818 'jdk/internal/jimage/ImageStrings'
Event: 583.644 Thread 0x000001877ba1ea80 Unloading class 0x0000000801720530 'jdk/internal/jimage/ImageReader$SharedImageReader'
Event: 583.644 Thread 0x000001877ba1ea80 Unloading class 0x0000000801720248 'jdk/internal/jimage/BasicImageReader'
Event: 583.644 Thread 0x000001877ba1ea80 Unloading class 0x0000000801720000 'jdk/internal/jimage/ImageReader'
Event: 583.644 Thread 0x000001877ba1ea80 Unloading class 0x000000080171dbc0 'jdk/internal/jrtfs/SystemImage$2'
Event: 583.644 Thread 0x000001877ba1ea80 Unloading class 0x000000080171d980 'jdk/internal/jrtfs/SystemImage$$Lambda+0x000000080171d980'
Event: 583.645 Thread 0x000001877ba1ea80 Unloading class 0x000000080171d728 'jdk/internal/jrtfs/ExplodedImage'
Event: 583.645 Thread 0x000001877ba1ea80 Unloading class 0x000000080171d4c8 'jdk/internal/jrtfs/SystemImage$1'
Event: 583.645 Thread 0x000001877ba1ea80 Unloading class 0x000000080171d288 'jdk/internal/jrtfs/SystemImage'
Event: 583.645 Thread 0x000001877ba1ea80 Unloading class 0x000000080171d000 'jdk/internal/jrtfs/JrtFileStore'
Event: 583.645 Thread 0x000001877ba1ea80 Unloading class 0x000000080171c400 'jdk/internal/jrtfs/JrtPath'
Event: 583.645 Thread 0x000001877ba1ea80 Unloading class 0x000000080171cb18 'jdk/internal/jrtfs/JrtFileSystem'
Event: 583.645 Thread 0x000001877ba1ea80 Unloading class 0x000000080171c800 'jdk/internal/jrtfs/JrtFileSystemProvider'

Classes redefined (0 events):
No events

Internal exceptions (20 events):
Event: 607.405 Thread 0x00000187178d7200 Exception <a 'sun/nio/fs/WindowsException'{0x00000007ff7083b0}> (0x00000007ff7083b0) 
thrown [s\src\hotspot\share\prims\jni.cpp, line 537]
Event: 607.451 Thread 0x00000187178d36f0 Exception <a 'sun/nio/fs/WindowsException'{0x00000007ff6fbce8}> (0x00000007ff6fbce8) 
thrown [s\src\hotspot\share\prims\jni.cpp, line 537]
Event: 607.457 Thread 0x00000187178d7200 Exception <a 'sun/nio/fs/WindowsException'{0x00000007ff708dc8}> (0x00000007ff708dc8) 
thrown [s\src\hotspot\share\prims\jni.cpp, line 537]
Event: 607.479 Thread 0x00000187178d7200 Exception <a 'sun/nio/fs/WindowsException'{0x00000007ff70af38}> (0x00000007ff70af38) 
thrown [s\src\hotspot\share\prims\jni.cpp, line 537]
Event: 607.501 Thread 0x00000187178d36f0 Exception <a 'sun/nio/fs/WindowsException'{0x00000007ff6fc630}> (0x00000007ff6fc630) 
thrown [s\src\hotspot\share\prims\jni.cpp, line 537]
Event: 607.540 Thread 0x00000187178d36f0 Exception <a 'sun/nio/fs/WindowsException'{0x00000007ff6fd618}> (0x00000007ff6fd618) 
thrown [s\src\hotspot\share\prims\jni.cpp, line 537]
Event: 607.829 Thread 0x00000187178d36f0 Exception <a 'sun/nio/fs/WindowsException'{0x00000007ff1e0e98}> (0x00000007ff1e0e98) 
thrown [s\src\hotspot\share\prims\jni.cpp, line 537]
Event: 607.901 Thread 0x00000187178d36f0 Exception <a 'sun/nio/fs/WindowsException'{0x00000007ff1e1db8}> (0x00000007ff1e1db8) 
thrown [s\src\hotspot\share\prims\jni.cpp, line 537]
Event: 608.175 Thread 0x00000187178d36f0 Exception <a 'sun/nio/fs/WindowsException'{0x00000007ff1e3f20}> (0x00000007ff1e3f20) 
thrown [s\src\hotspot\share\prims\jni.cpp, line 537]
Event: 608.787 Thread 0x00000187178d36f0 Exception <a 'sun/nio/fs/WindowsException'{0x0000000637902f70}> (0x0000000637902f70) 
thrown [s\src\hotspot\share\prims\jni.cpp, line 537]
Event: 609.043 Thread 0x00000187178d36f0 Exception <a 'sun/nio/fs/WindowsException'{0x00000006379055a8}> (0x00000006379055a8) 
thrown [s\src\hotspot\share\prims\jni.cpp, line 537]
Event: 609.217 Thread 0x00000187178d36f0 Exception <a 'sun/nio/fs/WindowsException'{0x00000006379070b8}> (0x00000006379070b8) 
thrown [s\src\hotspot\share\prims\jni.cpp, line 537]
Event: 610.402 Thread 0x00000187100e4690 Exception <a 'sun/nio/fs/WindowsException'{0x0000000630ae3888}> (0x0000000630ae3888) 
thrown [s\src\hotspot\share\prims\jni.cpp, line 537]
Event: 610.409 Thread 0x00000187100e4690 Exception <a 'sun/nio/fs/WindowsException'{0x0000000630ae4800}> (0x0000000630ae4800) 
thrown [s\src\hotspot\share\prims\jni.cpp, line 537]
Event: 610.410 Thread 0x00000187100e4690 Exception <a 'sun/nio/fs/WindowsException'{0x0000000630ae49c0}> (0x0000000630ae49c0) 
thrown [s\src\hotspot\share\prims\jni.cpp, line 537]
Event: 610.417 Thread 0x00000187100e4690 Exception <a 'sun/nio/fs/WindowsException'{0x0000000630ae5b58}> (0x0000000630ae5b58) 
thrown [s\src\hotspot\share\prims\jni.cpp, line 537]
Event: 611.086 Thread 0x00000187100e4690 Exception <a 'sun/nio/fs/WindowsException'{0x00000007ff470fb0}> (0x00000007ff470fb0) 
thrown [s\src\hotspot\share\prims\jni.cpp, line 537]
Event: 611.086 Thread 0x00000187100e4690 Exception <a 'sun/nio/fs/WindowsException'{0x00000007ff471f58}> (0x00000007ff471f58) 
thrown [s\src\hotspot\share\prims\jni.cpp, line 537]
Event: 611.086 Thread 0x00000187100e4690 Exception <a 'sun/nio/fs/WindowsException'{0x00000007ff472148}> (0x00000007ff472148) 
thrown [s\src\hotspot\share\prims\jni.cpp, line 537]
Event: 611.717 Thread 0x00000187100e4690 Exception <a 'sun/nio/fs/WindowsException'{0x000000063758ba08}> (0x000000063758ba08) 
thrown [s\src\hotspot\share\prims\jni.cpp, line 537]

ZGC Phase Switch (0 events):
No events

VM Operations (20 events):
Event: 606.878 Executing VM operation: Cleanup done
Event: 607.009 Executing VM operation: G1CollectForAllocation (G1 Evacuation Pause)
Event: 607.130 Executing VM operation: G1CollectForAllocation (G1 Evacuation Pause) done
Event: 608.131 Executing VM operation: Cleanup
Event: 608.134 Executing VM operation: Cleanup done
Event: 609.134 Executing VM operation: Cleanup
Event: 609.136 Executing VM operation: Cleanup done
Event: 609.810 Executing VM operation: HandshakeAllThreads (Deoptimize)
Event: 609.813 Executing VM operation: HandshakeAllThreads (Deoptimize) done
Event: 610.210 Executing VM operation: HandshakeAllThreads (Deoptimize)
Event: 610.212 Executing VM operation: HandshakeAllThreads (Deoptimize) done
Event: 610.212 Executing VM operation: Cleanup
Event: 610.212 Executing VM operation: Cleanup done
Event: 610.978 Executing VM operation: G1CollectForAllocation (G1 Evacuation Pause)
Event: 611.084 Executing VM operation: G1CollectForAllocation (G1 Evacuation Pause) done
Event: 611.169 Executing VM operation: G1CollectForAllocation (G1 Evacuation Pause)
Event: 611.395 Executing VM operation: G1CollectForAllocation (G1 Evacuation Pause) done
Event: 612.396 Executing VM operation: Cleanup
Event: 612.403 Executing VM operation: Cleanup done
Event: 612.601 Executing VM operation: G1CollectForAllocation (G1 Evacuation Pause)

Memory protections (0 events):
No events

Nmethod flushes (20 events):
Event: 586.940 Thread 0x000001877ba1ea80 flushing  nmethod 0x000001875a803a90
Event: 586.940 Thread 0x000001877ba1ea80 flushing  nmethod 0x000001875a909390
Event: 586.940 Thread 0x000001877ba1ea80 flushing  nmethod 0x000001875ae45790
Event: 586.940 Thread 0x000001877ba1ea80 flushing  nmethod 0x000001875aee4110
Event: 586.940 Thread 0x000001877ba1ea80 flushing  nmethod 0x000001875aee6310
Event: 586.940 Thread 0x000001877ba1ea80 flushing  nmethod 0x000001875aee7390
Event: 586.940 Thread 0x000001877ba1ea80 flushing  nmethod 0x000001875aee7b10
Event: 586.940 Thread 0x000001877ba1ea80 flushing  nmethod 0x000001875af54390
Event: 586.940 Thread 0x000001877ba1ea80 flushing  nmethod 0x000001875af54990
Event: 586.940 Thread 0x000001877ba1ea80 flushing  nmethod 0x000001875af54e10
Event: 586.940 Thread 0x000001877ba1ea80 flushing  nmethod 0x000001875af55190
Event: 586.940 Thread 0x000001877ba1ea80 flushing  nmethod 0x000001875af55510
Event: 586.940 Thread 0x000001877ba1ea80 flushing  nmethod 0x000001875af55a90
Event: 586.940 Thread 0x000001877ba1ea80 flushing  nmethod 0x000001875af56910
Event: 586.940 Thread 0x000001877ba1ea80 flushing  nmethod 0x000001875af57510
Event: 586.940 Thread 0x000001877ba1ea80 flushing  nmethod 0x000001875af58310
Event: 586.940 Thread 0x000001877ba1ea80 flushing  nmethod 0x000001875af58790
Event: 586.940 Thread 0x000001877ba1ea80 flushing  nmethod 0x000001875b083410
Event: 586.940 Thread 0x000001877ba1ea80 flushing  nmethod 0x000001875b201110
Event: 586.940 Thread 0x000001877ba1ea80 flushing  nmethod 0x000001875b201790

Events (20 events):
Event: 462.519 Thread 0x00000187178d7200 Thread added: 0x00000187178d3d80
Event: 490.128 Thread 0x00000187191ae750 Thread exited: 0x00000187191ae750
Event: 501.770 Thread 0x000001870f4dd400 Thread exited: 0x000001870f4dd400
Event: 503.329 Thread 0x00000187171ddc20 Thread exited: 0x00000187171ddc20
Event: 509.222 Thread 0x000001870f4d15b0 Thread exited: 0x000001870f4d15b0
Event: 515.705 Thread 0x00000187191a6aa0 Thread exited: 0x00000187191a6aa0
Event: 528.633 Thread 0x000001877e6f7ec0 Thread added: 0x00000187187b0d50
Event: 530.177 Thread 0x00000187187b0d50 Thread exited: 0x00000187187b0d50
Event: 559.719 Thread 0x00000187178d3d80 Thread exited: 0x00000187178d3d80
Event: 560.133 Thread 0x000001877e6f7420 Thread added: 0x00000187187b7380
Event: 562.738 Thread 0x00000187187b7380 Thread exited: 0x00000187187b7380
Event: 567.644 Thread 0x00000187178d4410 Thread added: 0x0000018717fbb220
Event: 568.465 Thread 0x00000187191ae0c0 Thread added: 0x0000018717fbcc60
Event: 569.718 Thread 0x00000187100e53b0 Thread added: 0x0000018717fb9e70
Event: 569.724 Thread 0x00000187178d64e0 Thread exited: 0x00000187178d64e0
Event: 590.385 Thread 0x00000187191a9200 Thread exited: 0x00000187191a9200
Event: 590.388 Thread 0x00000187191ac680 Thread exited: 0x00000187191ac680
Event: 590.396 Thread 0x00000187191a5d80 Thread exited: 0x00000187191a5d80
Event: 608.248 Thread 0x00000187191ae0c0 Thread added: 0x0000018717fc4910
Event: 608.272 Thread 0x00000187191ae0c0 Thread added: 0x0000018717fc3560


Dynamic libraries:
0x00007ff780940000 - 0x00007ff78094a000 	C:\Program Files\Android\Android Studio3\jbr\bin\java.exe
0x00007ffe3a6a0000 - 0x00007ffe3a906000 	C:\WINDOWS\SYSTEM32\ntdll.dll
0x00007ffe38a30000 - 0x00007ffe38af9000 	C:\WINDOWS\System32\KERNEL32.DLL
0x00007ffe37f30000 - 0x00007ffe38330000 	C:\WINDOWS\System32\KERNELBASE.dll
0x00007ffe37b20000 - 0x00007ffe37c6c000 	C:\WINDOWS\System32\ucrtbase.dll
0x00007ffdf73e0000 - 0x00007ffdf73f8000 	C:\Program Files\Android\Android Studio3\jbr\bin\jli.dll
0x00007ffe09940000 - 0x00007ffe0995b000 	C:\Program Files\Android\Android Studio3\jbr\bin\VCRUNTIME140.dll
0x00007ffe38720000 - 0x00007ffe388e6000 	C:\WINDOWS\System32\USER32.dll
0x00007ffe37970000 - 0x00007ffe37997000 	C:\WINDOWS\System32\win32u.dll
0x00007ffe38bf0000 - 0x00007ffe38c1b000 	C:\WINDOWS\System32\GDI32.dll
0x00007ffe37c80000 - 0x00007ffe37da9000 	C:\WINDOWS\System32\gdi32full.dll
0x00007ffe378c0000 - 0x00007ffe37963000 	C:\WINDOWS\System32\msvcp_win.dll
0x00007ffe1ca30000 - 0x00007ffe1ccc2000 	C:\WINDOWS\WinSxS\amd64_microsoft.windows.common-controls_6595b64144ccf1df_6.0.26100.8687_none_3e0e3044e32f35d4\COMCTL32.dll
0x00007ffe38f40000 - 0x00007ffe38fe9000 	C:\WINDOWS\System32\msvcrt.dll
0x00007ffe38b00000 - 0x00007ffe38b32000 	C:\WINDOWS\System32\IMM32.DLL
0x00007ffe33620000 - 0x00007ffe3362c000 	C:\Program Files\Android\Android Studio3\jbr\bin\vcruntime140_1.dll
0x00007ffdae120000 - 0x00007ffdae1ad000 	C:\Program Files\Android\Android Studio3\jbr\bin\msvcp140.dll
0x00007ffd52890000 - 0x00007ffd5351e000 	C:\Program Files\Android\Android Studio3\jbr\bin\server\jvm.dll
0x00007ffe3a260000 - 0x00007ffe3a317000 	C:\WINDOWS\System32\ADVAPI32.dll
0x00007ffe38e90000 - 0x00007ffe38f39000 	C:\WINDOWS\System32\sechost.dll
0x00007ffe3a140000 - 0x00007ffe3a258000 	C:\WINDOWS\System32\RPCRT4.dll
0x00007ffe39fb0000 - 0x00007ffe3a030000 	C:\WINDOWS\System32\WS2_32.dll
0x00007ffe37720000 - 0x00007ffe3777e000 	C:\WINDOWS\SYSTEM32\POWRPROF.dll
0x00007ffe33650000 - 0x00007ffe33686000 	C:\WINDOWS\SYSTEM32\WINMM.dll
0x00007ffe25260000 - 0x00007ffe2526b000 	C:\WINDOWS\SYSTEM32\VERSION.dll
0x00007ffe37700000 - 0x00007ffe37714000 	C:\WINDOWS\SYSTEM32\UMPDC.dll
0x00007ffe36590000 - 0x00007ffe365ab000 	C:\WINDOWS\SYSTEM32\kernel.appcore.dll
0x00007ffe2ef90000 - 0x00007ffe2ef9a000 	C:\Program Files\Android\Android Studio3\jbr\bin\jimage.dll
0x00007ffe34d60000 - 0x00007ffe34fa2000 	C:\WINDOWS\SYSTEM32\DBGHELP.DLL
0x00007ffe38ff0000 - 0x00007ffe39372000 	C:\WINDOWS\System32\combase.dll
0x00007ffe38c20000 - 0x00007ffe38cf9000 	C:\WINDOWS\System32\OLEAUT32.dll
0x00007ffe2f210000 - 0x00007ffe2f24b000 	C:\WINDOWS\SYSTEM32\dbgcore.DLL
0x00007ffe379a0000 - 0x00007ffe37a4c000 	C:\WINDOWS\System32\bcryptPrimitives.dll
0x00007ffe1f7d0000 - 0x00007ffe1f7de000 	C:\Program Files\Android\Android Studio3\jbr\bin\instrument.dll
0x00007ffdf72a0000 - 0x00007ffdf72c0000 	C:\Program Files\Android\Android Studio3\jbr\bin\java.dll
0x00007ffdec530000 - 0x00007ffdec548000 	C:\Program Files\Android\Android Studio3\jbr\bin\zip.dll
0x00007ffe39380000 - 0x00007ffe39b12000 	C:\WINDOWS\System32\SHELL32.dll
0x00007ffe35320000 - 0x00007ffe35bb6000 	C:\WINDOWS\SYSTEM32\windows.storage.dll
0x00007ffe385d0000 - 0x00007ffe386ca000 	C:\WINDOWS\System32\SHCORE.dll
0x00007ffe3a0d0000 - 0x00007ffe3a137000 	C:\WINDOWS\System32\shlwapi.dll
0x00007ffe377e0000 - 0x00007ffe37809000 	C:\WINDOWS\SYSTEM32\profapi.dll
0x00007ffe2ee70000 - 0x00007ffe2ee80000 	C:\Program Files\Android\Android Studio3\jbr\bin\net.dll
0x00007ffe25cf0000 - 0x00007ffe25e19000 	C:\WINDOWS\SYSTEM32\WINHTTP.dll
0x00007ffe36b40000 - 0x00007ffe36bac000 	C:\WINDOWS\system32\mswsock.dll
0x00007ffdec0a0000 - 0x00007ffdec0b6000 	C:\Program Files\Android\Android Studio3\jbr\bin\nio.dll
0x00007ffe21920000 - 0x00007ffe21930000 	C:\Program Files\Android\Android Studio3\jbr\bin\verify.dll
0x00007ffdbcfb0000 - 0x00007ffdbcfd7000 	C:\Users\hasen\.gradle\native\1def1411415f61bf3af743bc5b6707747c0891f09f0c88961ee8f79bc544acac\windows-amd64\native-platform.dll
0x000000006b280000 - 0x000000006b2f3000 	C:\Users\hasen\.gradle\native\0.2.5\x86_64-windows-gnu\gradle-fileevents.dll
0x00007ffe217d0000 - 0x00007ffe217d9000 	C:\Program Files\Android\Android Studio3\jbr\bin\management.dll
0x00007ffe20e90000 - 0x00007ffe20e9b000 	C:\Program Files\Android\Android Studio3\jbr\bin\management_ext.dll
0x00007ffe386d0000 - 0x00007ffe386d8000 	C:\WINDOWS\System32\PSAPI.DLL
0x00007ffe36e40000 - 0x00007ffe36e5b000 	C:\WINDOWS\SYSTEM32\CRYPTSP.dll
0x00007ffe364f0000 - 0x00007ffe36529000 	C:\WINDOWS\system32\rsaenh.dll
0x00007ffe36c00000 - 0x00007ffe36c32000 	C:\WINDOWS\SYSTEM32\USERENV.dll
0x00007ffe377b0000 - 0x00007ffe377da000 	C:\WINDOWS\SYSTEM32\bcrypt.dll
0x00007ffe36e60000 - 0x00007ffe36e6c000 	C:\WINDOWS\SYSTEM32\CRYPTBASE.dll
0x00007ffe35f10000 - 0x00007ffe35f43000 	C:\WINDOWS\SYSTEM32\IPHLPAPI.DLL
0x00007ffe386e0000 - 0x00007ffe386ea000 	C:\WINDOWS\System32\NSI.dll
0x00007ffe1f9b0000 - 0x00007ffe1f9b9000 	C:\Program Files\Android\Android Studio3\jbr\bin\extnet.dll
0x00007ffdfc3d0000 - 0x00007ffdfc3d8000 	C:\WINDOWS\system32\wshunix.dll
0x000000006b200000 - 0x000000006b273000 	C:\Users\hasen\AppData\Local\Temp\native-platform1652763552988048712dir\gradle-fileevents.dll
0x00007ffdf31e0000 - 0x00007ffdf31f8000 	C:\WINDOWS\system32\napinsp.dll
0x00007ffe35fa0000 - 0x00007ffe360f6000 	C:\WINDOWS\SYSTEM32\DNSAPI.dll
0x00007ffe368f0000 - 0x00007ffe368fd000 	C:\WINDOWS\SYSTEM32\DSPARSE.dll
0x00007ffdf2c60000 - 0x00007ffdf2c73000 	C:\WINDOWS\System32\winrnr.dll
0x00007ffdf2c30000 - 0x00007ffdf2c52000 	C:\WINDOWS\system32\nlansp_c.dll
0x00007ffdf2c10000 - 0x00007ffdf2c26000 	C:\WINDOWS\system32\wshbth.dll
0x00007ffe267b0000 - 0x00007ffe267bb000 	C:\Windows\System32\rasadhlp.dll
0x00007ffe2e3c0000 - 0x00007ffe2e446000 	C:\WINDOWS\System32\fwpuclnt.dll
0x00007ffe366c0000 - 0x00007ffe366f6000 	C:\WINDOWS\SYSTEM32\ntmarta.dll
0x00007ffde23c0000 - 0x00007ffde23c7000 	C:\Program Files\Android\Android Studio3\jbr\bin\rmi.dll

dbghelp: loaded successfully - version: 4.0.5 - missing functions: none
symbol engine: initialized successfully - sym options: 0x614 - pdb path: .;C:\Program Files\Android\Android Studio3\jbr\bin;C:\WINDOWS\SYSTEM32;C:\WINDOWS\WinSxS\amd64_microsoft.windows.common-controls_6595b64144ccf1df_6.0.26100.8687_none_3e0e3044e32f35d4;C:\Program Files\Android\Android Studio3\jbr\bin\server;C:\Users\hasen\.gradle\native\1def1411415f61bf3af743bc5b6707747c0891f09f0c88961ee8f79bc544acac\windows-amd64;C:\Users\hasen\.gradle\native\0.2.5\x86_64-windows-gnu;C:\Users\hasen\AppData\Local\Temp\native-platform1652763552988048712dir

VM Arguments:
jvm_args: --add-opens=java.base/java.lang=ALL-UNNAMED --add-opens=java.base/java.lang.invoke=ALL-UNNAMED --add-opens=java.base/java.util=ALL-UNNAMED --add-opens=java.prefs/java.util.prefs=ALL-UNNAMED --add-exports=jdk.compiler/com.sun.tools.javac.api=ALL-UNNAMED --add-exports=jdk.compiler/com.sun.tools.javac.util=ALL-UNNAMED --add-opens=java.base/java.util=ALL-UNNAMED --add-opens=java.prefs/java.util.prefs=ALL-UNNAMED --add-opens=java.base/java.nio.charset=ALL-UNNAMED --add-opens=java.base/java.net=ALL-UNNAMED --add-opens=java.base/java.util.concurrent.atomic=ALL-UNNAMED --add-opens=java.xml/javax.xml.namespace=ALL-UNNAMED -XX:MaxMetaspaceSize=4G -XX:ReservedCodeCacheSize=512m -XX:+HeapDumpOnOutOfMemoryError -Xmx8G -Dfile.encoding=UTF-8 -Duser.country=US -Duser.language=en -Duser.variant -javaagent:C:\Users\hasen\.gradle\wrapper\dists\gradle-8.12-all\ejduaidbjup3bmmkhw3rie4zb\gradle-8.12\lib\agents\gradle-instrumentation-agent-8.12.jar 
java_command: org.gradle.launcher.daemon.bootstrap.GradleDaemon 8.12
java_class_path (initial): C:\Users\hasen\.gradle\wrapper\dists\gradle-8.12-all\ejduaidbjup3bmmkhw3rie4zb\gradle-8.12\lib\gradle-daemon-main-8.12.jar
Launcher Type: SUN_STANDARD

[Global flags]
     intx CICompilerCount                          = 4                                         {product} {ergonomic}
     uint ConcGCThreads                            = 3                                         {product} {ergonomic}
     uint G1ConcRefinementThreads                  = 10                                        {product} {ergonomic}
   size_t G1HeapRegionSize                         = 4194304                                   {product} {ergonomic}
    uintx GCDrainStackTargetSize                   = 64                                        {product} {ergonomic}
     bool HeapDumpOnOutOfMemoryError               = true                                   {manageable} {command line}
   size_t InitialHeapSize                          = 130023424                                 {product} {ergonomic}
   size_t MarkStackSize                            = 4194304                                   {product} {ergonomic}
   size_t MaxHeapSize                              = 8589934592                                {product} {command line}
   size_t MaxMetaspaceSize                         = 4294967296                                {product} {command line}
   size_t MaxNewSize                               = 5150605312                                {product} {ergonomic}
   size_t MinHeapDeltaBytes                        = 4194304                                   {product} {ergonomic}
   size_t MinHeapSize                              = 8388608                                   {product} {ergonomic}
    uintx NonNMethodCodeHeapSize                   = 5839372                                {pd product} {ergonomic}
    uintx NonProfiledCodeHeapSize                  = 265515770                              {pd product} {ergonomic}
    uintx ProfiledCodeHeapSize                     = 265515770                              {pd product} {ergonomic}
    uintx ReservedCodeCacheSize                    = 536870912                              {pd product} {command line}
     bool SegmentedCodeCache                       = true                                      {product} {ergonomic}
   size_t SoftMaxHeapSize                          = 8589934592                             {manageable} {ergonomic}
     bool UseCompressedOops                        = true                           {product lp64_product} {ergonomic}
     bool UseG1GC                                  = true                                      {product} {ergonomic}
     bool UseLargePagesIndividualAllocation        = false                                  {pd product} {ergonomic}

Logging:
Log output configuration:
 #0: stdout all=warning uptime,level,tags foldmultilines=false
 #1: stderr all=off uptime,level,tags foldmultilines=false

Environment Variables:
JAVA_HOME=C:\Program Files\Android\Android Studio3\jbr
CLASSPATH=E:\1.PROFESSIONAL APPLICATIONS\Tamil-and-Sinhala-Converter\mobile\android\\gradle\wrapper\gradle-wrapper.jar
PATH=C:\Program Files\Android\Android Studio3\jbr\bin;C:/Users/hasen/.gemini/antigravity-ide/bin;C:\Program Files\Microsoft\jdk-17.0.18.8-hotspot\bin;C:\Program Files\Common Files\Oracle\Java\javapath;C:\Program Files (x86)\Common Files\Oracle\Java\java8path;C:\Program Files (x86)\Common Files\Oracle\Java\javapath;C:\WINDOWS\system32;C:\WINDOWS;C:\WINDOWS\System32\Wbem;C:\WINDOWS\System32\WindowsPowerShell\v1.0\;C:\WINDOWS\System32\OpenSSH\;C:\Program Files\dotnet\;C:\Program Files\MinGW\bin;C:\Program Files\MySQL\MySQL Server 8.0\bin;C:\Program Files (x86)\Microsoft SQL Server\160\Tools\Binn\;C:\Program Files\Microsoft SQL Server\160\Tools\Binn\;C:\Program Files\Microsoft SQL Server\Client SDK\ODBC\170\Tools\Binn\;C:\Program Files\Microsoft SQL Server\160\DTS\Binn\;C:\Program Files (x86)\Microsoft SQL Server\160\DTS\Binn\;C:\Program Files\CMake\bin;C:\Users\hasen\AppData\Local\Programs\Python\Python310;C:\Users\hasen\AppData\Local\Programs\Python\Python310\Scripts\;C:\Program Files\nodejs\;C:\ProgramData\chocolatey\bin;C:\Program Files\Git\cmd;C:\Program Files\komorebi\bin\;C:\Program Files\Docker\Docker\resources\bin;C:\flutter\bin;C:\Users\hasen\AppData\Local\Android\Sdk\cmdline-tools\bin;C:\Users\hasen\AppData\Local\Programs\Python\Python310\Scripts\;C:\Users\hasen\AppData\Local\Programs\Python\Python310\;C:\Users\hasen\AppData\Local\Microsoft\WindowsApps;C:\Users\hasen\.dotnet\tools;C:\Users\hasen\AppData\Local\Programs\Microsoft VS Code\bin;C:\Users\hasen\Downloads\mingw-w64-v11.0.0.zip\mingw-w64-v11.0.0;C:\Users\hasen\AppData\Roaming\npm;C:\Program Files\nodejs;C:\Users\hasen\AppData\Local\GitHubDesktop\bin;C:\Users\hasen\AppData\Local\Microsoft\WinGet\Links;C:\Users\hasen\AppData\Local\Programs\Antigravity IDE\bin;C:\flutter\bin\mingit\cmd
USERNAME=hasen
OS=Windows_NT
PROCESSOR_IDENTIFIER=Intel64 Family 6 Model 154 Stepping 4, GenuineIntel
TMP=C:\Users\hasen\AppData\Local\Temp
TEMP=C:\Users\hasen\AppData\Local\Temp




Periodic native trim disabled

JNI global refs:
JNI global refs: 32, weak refs: 27

JNI global refs memory usage: 835, weak refs: 833

Process memory usage:
Resident Set Size: 501260K (6% of 8065780K total physical memory with 360920K free physical memory)

OOME stack traces (most recent first):
Classloader memory used:
Loader org.gradle.internal.classloader.VisitableURLClassLoader$InstrumentingVisitableURLClassLoader: 63925K
Loader java.net.URLClassLoader                                                         : 49936K
Loader org.gradle.internal.classloader.VisitableURLClassLoader                         : 48892K
Loader bootstrap                                                                       : 34338K
Loader org.gradle.initialization.MixInLegacyTypesClassLoader                           : 14140K
Loader jdk.internal.loader.ClassLoaders$AppClassLoader                                 : 9677K
Loader jdk.internal.loader.ClassLoaders$PlatformClassLoader                            : 859K
Loader jdk.internal.reflect.DelegatingClassLoader                                      : 732K
Loader org.gradle.internal.classloader.VisitableURLClassLoader                         : 373K
Loader org.gradle.groovy.scripts.internal.DefaultScriptCompilationHandler$ScriptClassLoader: 267K
Loader org.codehaus.groovy.runtime.callsite.CallSiteClassLoader                        : 18008B
Loader sun.reflect.misc.MethodUtil                                                     : 2968B

Classes loaded by more than one classloader:
Class Program                                                                         : loaded 15 times (x 70B)
Class Build_gradle                                                                    : loaded 8 times (x 128B)
Class Build_gradle$1                                                                  : loaded 8 times (x 72B)
Class Build_gradle$2                                                                  : loaded 7 times (x 72B)
Class Build_gradle$1$1                                                                : loaded 6 times (x 76B)
Class com.google.common.collect.Sets$4                                                : loaded 4 times (x 137B)
Class kotlin.collections.CollectionsKt__CollectionsKt                                 : loaded 4 times (x 69B)
Class com.google.common.collect.RegularImmutableSet                                   : loaded 4 times (x 146B)
Class kotlin.collections.ArraysKt___ArraysJvmKt                                       : loaded 4 times (x 69B)
Class com.google.common.base.Splitter$1                                               : loaded 4 times (x 75B)
Class kotlin.text.StringsKt__RegexExtensionsJVMKt                                     : loaded 4 times (x 69B)
Class kotlin.collections.CollectionsKt                                                : loaded 4 times (x 69B)
Class com.google.common.collect.MapDifference                                         : loaded 4 times (x 68B)
Class kotlin.enums.EnumEntriesList                                                    : loaded 4 times (x 221B)
Class kotlin.collections.CollectionsKt__IteratorsJVMKt                                : loaded 4 times (x 69B)
Class com.google.common.collect.UnmodifiableIterator                                  : loaded 4 times (x 78B)
Class com.google.common.io.ByteSource                                                 : loaded 4 times (x 82B)
Class kotlin.io.CloseableKt                                                           : loaded 4 times (x 69B)
Class kotlin.collections.CollectionsKt__MutableCollectionsKt                          : loaded 4 times (x 69B)
Class com.google.common.collect.Sets$1                                                : loaded 4 times (x 137B)
Class com.google.common.base.Splitter                                                 : loaded 4 times (x 70B)
Class com.google.common.collect.RegularImmutableAsList                                : loaded 4 times (x 214B)
Class com.google.common.collect.ImmutableSet$SetBuilderImpl                           : loaded 4 times (x 74B)
Class com.google.common.base.CharMatcher$RangesMatcher                                : loaded 4 times (x 110B)
Class com.google.common.collect.Lists$StringAsImmutableList                           : loaded 4 times (x 205B)
Class com.google.common.base.CharMatcher$JavaLetterOrDigit                            : loaded 4 times (x 109B)
Class kotlin.collections.MapsKt__MapsJVMKt                                            : loaded 4 times (x 69B)
Class com.google.common.collect.ImmutableList                                         : loaded 4 times (x 204B)
Class kotlin.collections.EmptyList                                                    : loaded 4 times (x 172B)
Class com.google.common.base.CharMatcher$And                                          : loaded 4 times (x 110B)
Class com.google.common.collect.BiMap                                                 : loaded 4 times (x 68B)
Class com.google.common.primitives.Ints                                               : loaded 4 times (x 69B)
Class com.google.common.collect.ImmutableEnumMap                                      : loaded 4 times (x 123B)
Class kotlin.text.StringsKt__AppendableKt                                             : loaded 4 times (x 69B)
Class com.google.common.math.MathPreconditions                                        : loaded 4 times (x 69B)
Class kotlin.text.StringsKt__StringsKt                                                : loaded 4 times (x 69B)
Class kotlin.NotImplementedError                                                      : loaded 4 times (x 80B)
Class kotlin.collections.ArraysKt__ArraysKt                                           : loaded 4 times (x 69B)
Class kotlin.sequences.Sequence                                                       : loaded 4 times (x 68B)
Class kotlin.jvm.internal.markers.KMappedMarker                                       : loaded 4 times (x 68B)
Class kotlin.collections.SetsKt__SetsJVMKt                                            : loaded 4 times (x 69B)
Class kotlin.sequences.ConstrainedOnceSequence                                        : loaded 4 times (x 73B)
Class kotlin.Function                                                                 : loaded 4 times (x 68B)
Class com.google.common.base.CharMatcher$InRange                                      : loaded 4 times (x 109B)
Class com.google.common.io.Files$2                                                    : loaded 4 times (x 74B)
Class com.google.common.base.NullnessCasts                                            : loaded 4 times (x 69B)
Class com.google.common.primitives.IntsMethodsForWeb                                  : loaded 4 times (x 69B)
Class com.google.common.collect.Multimap                                              : loaded 4 times (x 68B)
Class com.google.common.collect.Maps$BiMapConverter                                   : loaded 4 times (x 88B)
Class kotlin.NoWhenBranchMatchedException                                             : loaded 4 times (x 80B)
Class kotlin.text.StringsKt__StringsJVMKt                                             : loaded 4 times (x 69B)
Class kotlin.Lazy                                                                     : loaded 4 times (x 68B)
Class kotlin.text.StringsKt__StringBuilderKt                                          : loaded 4 times (x 69B)
Class com.google.common.io.ByteSink                                                   : loaded 4 times (x 74B)
Class kotlin.collections.SetsKt                                                       : loaded 4 times (x 69B)
Class com.google.common.base.CharMatcher$NamedFastMatcher                             : loaded 4 times (x 110B)
Class com.google.common.base.CharMatcher$1                                            : loaded 4 times (x 111B)
Class kotlin.collections.ArraysKt__ArraysJVMKt                                        : loaded 4 times (x 69B)
Class kotlin.text.StringsKt__IndentKt                                                 : loaded 4 times (x 69B)
Class com.google.common.base.Splitter$Strategy                                        : loaded 4 times (x 68B)
Class com.google.common.io.Files$FileByteSource                                       : loaded 4 times (x 83B)
Class com.google.common.base.JdkPattern                                               : loaded 4 times (x 73B)
Class kotlin.collections.MapsKt__MapsKt                                               : loaded 4 times (x 69B)
Class com.google.common.base.CharMatcher                                              : loaded 4 times (x 109B)
Class kotlin.text.StringsKt__StringNumberConversionsJVMKt                             : loaded 4 times (x 69B)
Class kotlin.LazyKt                                                                   : loaded 4 times (x 69B)
Class kotlin.sequences.FilteringSequence$iterator$1                                   : loaded 4 times (x 77B)
Class kotlin.collections.CollectionsKt__ReversedViewsKt                               : loaded 4 times (x 69B)
Class kotlin.sequences.SequencesKt__SequenceBuilderKt                                 : loaded 4 times (x 69B)
Class [Lcom.google.common.base.AbstractIterator$State;                                : loaded 4 times (x 67B)
Class com.google.common.base.CharMatcher$IsEither                                     : loaded 4 times (x 109B)
Class com.google.common.collect.SingletonImmutableSet                                 : loaded 4 times (x 144B)
Class com.google.common.collect.ImmutableMap$IteratorBasedImmutableMap                : loaded 4 times (x 123B)
Class com.google.common.base.Preconditions                                            : loaded 4 times (x 69B)
Class kotlin.collections.ArraysKt                                                     : loaded 4 times (x 69B)
Class kotlin.UninitializedPropertyAccessException                                     : loaded 4 times (x 80B)
Class com.google.common.collect.ImmutableSet$JdkBackedSetBuilderImpl                  : loaded 4 times (x 74B)
Class com.google.common.collect.Hashing                                               : loaded 4 times (x 69B)
Class com.google.common.base.Splitter$SplittingIterator                               : loaded 4 times (x 82B)
Class com.google.common.base.CharMatcher$Negated                                      : loaded 4 times (x 111B)
Class com.google.common.base.CharMatcher$Is                                           : loaded 4 times (x 109B)
Class com.google.common.io.Closer$SuppressingSuppressor                               : loaded 4 times (x 73B)
Class kotlin.ranges.RangesKt___RangesKt                                               : loaded 4 times (x 69B)
Class com.google.common.base.CharMatcher$ForPredicate                                 : loaded 4 times (x 110B)
Class kotlin.KotlinNullPointerException                                               : loaded 4 times (x 81B)
Class kotlin.collections.CollectionsKt__CollectionsJVMKt                              : loaded 4 times (x 69B)
Class com.google.common.base.CharMatcher$AnyOf                                        : loaded 4 times (x 110B)
Class com.google.common.collect.ImmutableCollection                                   : loaded 4 times (x 123B)
Class com.google.common.collect.ImmutableSet$CachingAsList                            : loaded 4 times (x 145B)
Class kotlin.collections.CollectionsKt__IteratorsKt                                   : loaded 4 times (x 69B)
Class kotlin.sequences.SequencesKt                                                    : loaded 4 times (x 69B)
Class com.google.common.base.CharMatcher$Any                                          : loaded 4 times (x 110B)
Class com.google.common.base.Converter                                                : loaded 4 times (x 88B)
Class com.google.common.collect.Lists                                                 : loaded 4 times (x 69B)
Class kotlin.collections.CollectionsKt__IterablesKt                                   : loaded 4 times (x 69B)
Class kotlin.collections.MapsKt                                                       : loaded 4 times (x 69B)
Class com.google.common.collect.ImmutableAsList                                       : loaded 4 times (x 207B)
Class kotlin.text.StringsKt                                                           : loaded 4 times (x 69B)
Class kotlin.LazyKt__LazyJVMKt                                                        : loaded 4 times (x 69B)
Class kotlin.collections.AbstractList$Companion                                       : loaded 4 times (x 69B)
Class com.google.common.base.CharMatcher$None                                         : loaded 4 times (x 110B)
Class kotlin.jvm.internal.Intrinsics                                                  : loaded 4 times (x 69B)
Class kotlin.sequences.SequencesKt___SequencesKt                                      : loaded 4 times (x 69B)
Class kotlin.text.StringsKt__StringNumberConversionsKt                                : loaded 4 times (x 69B)
Class com.google.common.collect.Maps$EntryTransformer                                 : loaded 4 times (x 68B)
Class com.google.common.base.CharMatcher$JavaLetter                                   : loaded 4 times (x 109B)
Class com.google.common.base.CharMatcher$IsNot                                        : loaded 4 times (x 109B)
Class com.google.common.base.CommonPattern                                            : loaded 4 times (x 72B)
Class com.google.common.math.IntMath                                                  : loaded 4 times (x 69B)
Class com.google.common.base.CharMatcher$JavaDigit                                    : loaded 4 times (x 109B)
Class com.google.common.base.CharMatcher$SingleWidth                                  : loaded 4 times (x 110B)
Class com.google.common.collect.ImmutableSet$RegularSetBuilderImpl                    : loaded 4 times (x 75B)
Class com.google.common.base.Function                                                 : loaded 4 times (x 68B)
Class kotlin.enums.EnumEntries                                                        : loaded 4 times (x 68B)
Class com.google.common.base.CharMatcher$JavaUpperCase                                : loaded 4 times (x 109B)
Class com.google.common.collect.Maps                                                  : loaded 4 times (x 69B)
Class com.google.common.collect.Sets$2                                                : loaded 4 times (x 137B)
Class com.google.common.collect.ImmutableEnumSet                                      : loaded 4 times (x 144B)
Class kotlin.enums.EnumEntriesKt                                                      : loaded 4 times (x 69B)
Class kotlin.text.StringsKt___StringsKt                                               : loaded 4 times (x 69B)
Class com.google.common.base.CharMatcher$Whitespace                                   : loaded 4 times (x 110B)
Class com.google.common.base.Splitter$1$1                                             : loaded 4 times (x 84B)
Class kotlin.collections.CollectionsKt__MutableCollectionsJVMKt                       : loaded 4 times (x 69B)
Class kotlin.collections.EmptyIterator                                                : loaded 4 times (x 87B)
Class kotlin.SynchronizedLazyImpl                                                     : loaded 4 times (x 74B)
Class kotlin.text.StringsKt__RegexExtensionsKt                                        : loaded 4 times (x 69B)
Class com.google.common.collect.Sets$3                                                : loaded 4 times (x 137B)
Class kotlin.collections.SetsKt__SetsKt                                               : loaded 4 times (x 69B)
Class kotlin.collections.MapsKt__MapWithDefaultKt                                     : loaded 4 times (x 69B)
Class com.google.common.primitives.Ints$IntConverter                                  : loaded 4 times (x 88B)
Class kotlin.sequences.SequencesKt__SequencesJVMKt                                    : loaded 4 times (x 69B)
Class com.google.common.collect.Maps$8                                                : loaded 4 times (x 80B)
Class com.google.common.io.Files                                                      : loaded 4 times (x 69B)
Class com.google.common.collect.SortedMapDifference                                   : loaded 4 times (x 68B)
Class com.google.common.base.CharMatcher$JavaLowerCase                                : loaded 4 times (x 109B)
Class kotlin.collections.ArraysKt___ArraysKt                                          : loaded 4 times (x 69B)
Class kotlin.collections.AbstractList                                                 : loaded 4 times (x 195B)
Class kotlin.collections.AbstractCollection                                           : loaded 4 times (x 115B)
Class kotlin.collections.MapsKt___MapsKt                                              : loaded 4 times (x 69B)
Class com.google.common.base.AbstractIterator$State                                   : loaded 4 times (x 77B)
Class kotlin.text.StringsKt___StringsJvmKt                                            : loaded 4 times (x 69B)
Class kotlin.LazyKt__LazyKt                                                           : loaded 4 times (x 69B)
Class com.google.common.base.CharMatcher$JavaIsoControl                               : loaded 4 times (x 110B)
Class com.google.common.base.CharMatcher$Invisible                                    : loaded 4 times (x 110B)
Class kotlin.text.StringsKt__StringBuilderJVMKt                                       : loaded 4 times (x 69B)
Class com.google.common.collect.Sets$SetView                                          : loaded 4 times (x 136B)
Class com.google.common.collect.CollectPreconditions                                  : loaded 4 times (x 69B)
Class com.google.common.base.CharMatcher$Digit                                        : loaded 4 times (x 110B)
Class com.google.common.base.AbstractIterator$1                                       : loaded 4 times (x 69B)
Class kotlin.collections.CollectionsKt___CollectionsKt                                : loaded 4 times (x 69B)
Class Build_gradle$3                                                                  : loaded 4 times (x 72B)
Class com.google.common.base.CharMatcher$NegatedFastMatcher                           : loaded 4 times (x 111B)
Class com.google.common.graph.SuccessorsFunction                                      : loaded 4 times (x 68B)
Class kotlin.collections.MapsKt___MapsJvmKt                                           : loaded 4 times (x 69B)
Class kotlin.UNINITIALIZED_VALUE                                                      : loaded 4 times (x 69B)
Class com.google.common.io.Files$FileByteSink                                         : loaded 4 times (x 75B)
Class kotlin.jvm.functions.Function2                                                  : loaded 4 times (x 68B)
Class com.google.common.collect.ImmutableMap                                          : loaded 4 times (x 118B)
Class com.google.common.base.Predicate                                                : loaded 4 times (x 68B)
Class kotlin.ranges.RangesKt__RangesKt                                                : loaded 4 times (x 69B)
Class com.google.common.collect.Sets                                                  : loaded 4 times (x 69B)
Class com.google.common.base.CharMatcher$FastMatcher                                  : loaded 4 times (x 109B)
Class kotlin.jvm.functions.Function1                                                  : loaded 4 times (x 68B)
Class com.google.common.math.IntMath$1                                                : loaded 4 times (x 69B)
Class kotlin.collections.SetsKt___SetsKt                                              : loaded 4 times (x 69B)
Class kotlin.sequences.SequencesKt__SequencesKt                                       : loaded 4 times (x 69B)
Class kotlin.sequences.FilteringSequence                                              : loaded 4 times (x 73B)
Class com.google.common.base.AbstractIterator                                         : loaded 4 times (x 78B)
Class com.google.common.io.Closer                                                     : loaded 4 times (x 76B)
Class com.google.common.base.CharMatcher$Ascii                                        : loaded 4 times (x 110B)
Class kotlin.jvm.functions.Function0                                                  : loaded 4 times (x 68B)
Class kotlin.collections.ArraysUtilJVM                                                : loaded 4 times (x 69B)
Class com.google.common.base.CharMatcher$BitSetMatcher                                : loaded 4 times (x 110B)
Class com.google.common.collect.ImmutableSet                                          : loaded 4 times (x 143B)
Class kotlin.ranges.RangesKt                                                          : loaded 4 times (x 69B)
Class com.google.common.base.CharMatcher$Or                                           : loaded 4 times (x 110B)
Class kotlin.collections.CollectionsKt___CollectionsJvmKt                             : loaded 4 times (x 69B)
Class kotlin.sequences.SequencesKt___SequencesJvmKt                                   : loaded 4 times (x 69B)
Class com.google.common.io.Closer$Suppressor                                          : loaded 4 times (x 68B)
Class kotlin.Unit                                                                     : loaded 4 times (x 69B)
Class com.google.common.io.LineProcessor                                              : loaded 4 times (x 68B)
Class kotlin.jvm.internal.markers.KMutableIterable                                    : loaded 3 times (x 68B)
Class kotlin.TuplesKt                                                                 : loaded 3 times (x 69B)
Class kotlin.jvm.internal.FunctionReferenceImpl                                       : loaded 3 times (x 120B)
Class com.android.prefs.VariableType                                                  : loaded 3 times (x 77B)
Class com.android.tools.lint.model.PathVariables                                      : loaded 3 times (x 70B)
Class com.android.tools.lint.model.LintModelSerialization$LintModelSerializationFileAdapter: loaded 3 times (x 87B)
Class kotlin.text.DelimitedRangesSequence                                             : loaded 3 times (x 73B)
Class kotlin.reflect.jvm.internal.ReflectProperties$Val$1                             : loaded 3 times (x 69B)
Class com.android.ide.common.gradle.Version$Companion$ParseState                      : loaded 3 times (x 68B)
Class kotlin.reflect.jvm.internal.KClassImpl                                          : loaded 3 times (x 113B)
Class com.android.ide.common.repository.AgpVersion$Companion                          : loaded 3 times (x 69B)
Class kotlin.sequences.FlatteningSequence$iterator$1                                  : loaded 3 times (x 77B)
Class kotlin.reflect.KType                                                            : loaded 3 times (x 68B)
Class [Lorg.jetbrains.kotlin.build.report.metrics.GradleBuildTime;                    : loaded 3 times (x 67B)
Class com.android.prefs.AbstractAndroidLocations                                      : loaded 3 times (x 80B)
Class kotlin.comparisons.ComparisonsKt___ComparisonsKt                                : loaded 3 times (x 69B)
Class kotlin.comparisons.ComparisonsKt                                                : loaded 3 times (x 69B)
Class kotlin.text.CharsKt__CharJVMKt                                                  : loaded 3 times (x 69B)
Class com.android.tools.lint.model.LintModelDependencies                              : loaded 3 times (x 68B)
Class it.unimi.dsi.fastutil.objects.ReferenceSet                                      : loaded 3 times (x 68B)
Class Settings_gradle                                                                 : loaded 3 times (x 126B)
Class it.unimi.dsi.fastutil.Hash$Strategy                                             : loaded 3 times (x 68B)
Class kotlin.coroutines.jvm.internal.BaseContinuationImpl                             : loaded 3 times (x 85B)
Class kotlin.Result$Companion                                                         : loaded 3 times (x 69B)
Class kotlin.comparisons.ComparisonsKt__ComparisonsKt                                 : loaded 3 times (x 69B)
Class org.jetbrains.kotlin.cli.common.messages.GradleStyleMessageRenderer             : loaded 3 times (x 76B)
Class kotlin.sequences.TransformingSequence                                           : loaded 3 times (x 73B)
Class com.android.utils.NullLogger                                                    : loaded 3 times (x 83B)
Class com.android.utils.ILogger                                                       : loaded 3 times (x 68B)
Class com.android.ide.common.gradle.Version$Companion                                 : loaded 3 times (x 69B)
Class com.android.tools.lint.model.LintModelArtifactType                              : loaded 3 times (x 77B)
Class com.android.tools.lint.model.DefaultLintModelMavenName                          : loaded 3 times (x 85B)
Class kotlin.jvm.internal.markers.KMutableIterator                                    : loaded 3 times (x 68B)
Class kotlin.coroutines.Continuation                                                  : loaded 3 times (x 68B)
Class kotlin.coroutines.CoroutineContext$Element$DefaultImpls                         : loaded 3 times (x 69B)
Class kotlin.jvm.internal.ClassBasedDeclarationContainer                              : loaded 3 times (x 68B)
Class com.android.tools.lint.model.DefaultLintModelAndroidArtifact                    : loaded 3 times (x 89B)
Class kotlin.KotlinNothingValueException                                              : loaded 3 times (x 80B)
Class kotlin.jvm.internal.ReflectionFactory                                           : loaded 3 times (x 89B)
Class [Lcom.android.prefs.LocationValue;                                              : loaded 3 times (x 67B)
Class kotlin.collections.EmptySet                                                     : loaded 3 times (x 120B)
Class kotlin.ranges.IntProgression$Companion                                          : loaded 3 times (x 69B)
Class com.android.ide.common.gradle.Version                                           : loaded 3 times (x 73B)
Class kotlin.reflect.KDeclarationContainer                                            : loaded 3 times (x 68B)
Class com.android.utils.EnvironmentProvider                                           : loaded 3 times (x 68B)
Class kotlin.text.Regex                                                               : loaded 3 times (x 70B)
Class kotlin.collections.builders.MapBuilder                                          : loaded 3 times (x 110B)
Class kotlin.collections.ArrayAsCollection                                            : loaded 3 times (x 103B)
Class kotlin.reflect.jvm.internal.CachesKt$$Lambda$4                                  : loaded 3 times (x 73B)
Class kotlin.sequences.SequencesKt__SequenceBuilderKt$sequence$$inlined$Sequence$1    : loaded 3 times (x 73B)
Class kotlin.reflect.jvm.internal.KTypeParameterOwnerImpl                             : loaded 3 times (x 68B)
Class kotlin.jvm.internal.MutablePropertyReference2                                   : loaded 3 times (x 135B)
Class kotlin.reflect.jvm.internal.ReflectProperties$Val                               : loaded 3 times (x 72B)
Class kotlin.reflect.jvm.internal.KPropertyImpl$Companion                             : loaded 3 times (x 69B)
Class it.unimi.dsi.fastutil.objects.ObjectSet                                         : loaded 3 times (x 68B)
Class com.android.tools.lint.model.LintModelLibrary                                   : loaded 3 times (x 68B)
Class com.android.tools.lint.model.DefaultLintModelSourceProvider                     : loaded 3 times (x 82B)
Class kotlin.reflect.jvm.internal.CachesKt$$Lambda$3                                  : loaded 3 times (x 73B)
Class kotlin.coroutines.jvm.internal.RestrictedSuspendLambda                          : loaded 3 times (x 89B)
Class [Lcom.android.prefs.VariableType;                                               : loaded 3 times (x 67B)
Class kotlin.reflect.jvm.internal.KPropertyImpl$$Lambda$0                             : loaded 3 times (x 74B)
Class [Lkotlin.reflect.KClass;                                                        : loaded 3 times (x 67B)
Class kotlin.collections.builders.MapBuilder$Companion                                : loaded 3 times (x 69B)
Class com.android.tools.lint.model.LintModelMavenName                                 : loaded 3 times (x 68B)
Class kotlin.io.LinesSequence                                                         : loaded 3 times (x 73B)
Class [Lcom.android.tools.lint.model.LintModelArtifactType;                           : loaded 3 times (x 67B)
Class [Lcom.android.ide.common.gradle.Separator;                                      : loaded 3 times (x 67B)
Class com.android.prefs.QueryResult                                                   : loaded 3 times (x 82B)
Class kotlin.reflect.jvm.internal.CachesKt$$Lambda$2                                  : loaded 3 times (x 73B)
Class kotlin.jvm.internal.ArrayIterator                                               : loaded 3 times (x 77B)
Class kotlin.reflect.jvm.internal.KCallableImpl$$Lambda$0                             : loaded 3 times (x 74B)
Class it.unimi.dsi.fastutil.HashCommon                                                : loaded 3 times (x 69B)
Class kotlin.LazyThreadSafetyMode                                                     : loaded 3 times (x 77B)
Class kotlin.reflect.full.IllegalPropertyDelegateAccessException                      : loaded 3 times (x 80B)
Class kotlin.reflect.jvm.internal.CachesKt$$Lambda$1                                  : loaded 3 times (x 73B)
Class com.android.tools.lint.model.LintModelExternalLibrary                           : loaded 3 times (x 68B)
Class kotlin.LazyKt__LazyJVMKt$WhenMappings                                           : loaded 3 times (x 69B)
Class kotlin.UnsafeLazyImpl                                                           : loaded 3 times (x 74B)
Class kotlin.jvm.internal.PropertyReference2                                          : loaded 3 times (x 125B)
Class kotlin.jvm.internal.MutablePropertyReference                                    : loaded 3 times (x 117B)
Class kotlin.reflect.jvm.internal.CachesKt$$Lambda$0                                  : loaded 3 times (x 73B)
Class com.android.tools.lint.model.DefaultLintModelVariant$mainArtifact$2             : loaded 3 times (x 77B)
Class com.google.gson.JsonSyntaxException                                             : loaded 3 times (x 80B)
Class [Lkotlin.reflect.KClassifier;                                                   : loaded 3 times (x 67B)
Class com.android.tools.lint.model.LintModelNamespacingMode                           : loaded 3 times (x 77B)
Class com.android.tools.lint.model.LintModelModule                                    : loaded 3 times (x 68B)
Class kotlin.jvm.internal.PropertyReference1                                          : loaded 3 times (x 125B)
Class kotlin.reflect.full.IllegalCallableAccessException                              : loaded 3 times (x 80B)
Class kotlin.jvm.internal.DefaultConstructorMarker                                    : loaded 3 times (x 69B)
Class kotlin.reflect.jvm.internal.KClassImpl$$Lambda$0                                : loaded 3 times (x 74B)
Class kotlin.sequences.EmptySequence                                                  : loaded 3 times (x 76B)
Class it.unimi.dsi.fastutil.Hash                                                      : loaded 3 times (x 68B)
Class kotlin.jvm.internal.PropertyReference0                                          : loaded 3 times (x 125B)
Class org.gradle.kotlin.dsl.TestImplementationConfigurationAccessorsKt                : loaded 3 times (x 69B)
Class com.android.tools.lint.model.LintModelSerialization$LintModelSerializationAdapter: loaded 3 times (x 68B)
Class kotlin.text.MatchResult$DefaultImpls                                            : loaded 3 times (x 69B)
Class com.android.tools.lint.model.LintModelLibraryResolver                           : loaded 3 times (x 68B)
Class com.android.sdklib.AndroidVersion                                               : loaded 3 times (x 73B)
Class kotlin.reflect.jvm.internal.KDeclarationContainerImpl$Companion                 : loaded 3 times (x 69B)
Class com.android.prefs.PathLocator                                                   : loaded 3 times (x 71B)
Class com.android.tools.lint.model.DefaultLintModelJavaLibrary                        : loaded 3 times (x 101B)
Class com.google.gson.JsonParseException                                              : loaded 3 times (x 80B)
Class [Lorg.jetbrains.kotlin.cli.common.CompilerSystemProperties;                     : loaded 3 times (x 67B)
Class kotlin.reflect.jvm.internal.KPropertyImpl$$Lambda$1                             : loaded 3 times (x 74B)
Class kotlin.reflect.jvm.internal.EmptyContainerForLocal                              : loaded 3 times (x 82B)
Class [Lkotlin.LazyThreadSafetyMode;                                                  : loaded 3 times (x 67B)
Class com.android.prefs.LocationValue                                                 : loaded 3 times (x 68B)
Class org.jetbrains.kotlin.build.report.metrics.BuildTime                             : loaded 3 times (x 68B)
Class kotlin.reflect.jvm.internal.KCallableImpl$$Lambda$1                             : loaded 3 times (x 74B)
Class kotlin.ranges.IntRange                                                          : loaded 3 times (x 91B)
Class kotlin.jvm.internal.markers.KMutableMap                                         : loaded 3 times (x 68B)
Class kotlin.jvm.internal.CallableReference                                           : loaded 3 times (x 104B)
Class kotlin.collections.AbstractList$SubList                                         : loaded 3 times (x 196B)
Class kotlin.jvm.internal.markers.KMutableCollection                                  : loaded 3 times (x 68B)
Class kotlin.collections.AbstractList$IteratorImpl                                    : loaded 3 times (x 80B)
Class kotlin.coroutines.intrinsics.IntrinsicsKt                                       : loaded 3 times (x 69B)
Class kotlin.ranges.IntRange$Companion                                                : loaded 3 times (x 69B)
Class com.android.sdklib.IAndroidTarget                                               : loaded 3 times (x 68B)
Class org.jetbrains.kotlin.cli.jvm.compiler.KotlinCoreEnvironment$Companion           : loaded 3 times (x 69B)
Class com.android.tools.lint.model.LintModelBuildFeatures                             : loaded 3 times (x 68B)
Class [Lkotlin.sequences.Sequence;                                                    : loaded 3 times (x 67B)
Class org.jetbrains.kotlin.cli.common.CompilerSystemProperties$value$2                : loaded 3 times (x 123B)
Class com.android.ide.common.gradle.Part                                              : loaded 3 times (x 75B)
Class kotlin.collections.EmptyMap                                                     : loaded 3 times (x 107B)
Class kotlin.text.MatcherMatchResult$groups$1                                         : loaded 3 times (x 149B)
Class kotlin.text.MatchNamedGroupCollection                                           : loaded 3 times (x 68B)
Class kotlin.text.MatcherMatchResult$groupValues$1                                    : loaded 3 times (x 196B)
Class kotlin.reflect.KAnnotatedElement                                                : loaded 3 times (x 68B)
Class com.android.utils.EnvironmentProvider$DirectEnvironmentProvider                 : loaded 3 times (x 78B)
Class kotlin.reflect.jvm.internal.KCallableImpl$$Lambda$2                             : loaded 3 times (x 74B)
Class kotlin.coroutines.intrinsics.CoroutineSingletons                                : loaded 3 times (x 77B)
Class [Lkotlin.Pair;                                                                  : loaded 3 times (x 67B)
Class org.jetbrains.kotlin.cli.common.CompilerSystemProperties$value$1                : loaded 3 times (x 123B)
Class it.unimi.dsi.fastutil.objects.ObjectCollection                                  : loaded 3 times (x 68B)
Class kotlin.coroutines.CoroutineContext$Key                                          : loaded 3 times (x 68B)
Class kotlin.coroutines.jvm.internal.RestrictedContinuationImpl                       : loaded 3 times (x 85B)
Class com.android.sdklib.AndroidVersion$AndroidVersionException                       : loaded 3 times (x 80B)
Class com.android.tools.lint.model.LintModelSerialization                             : loaded 3 times (x 74B)
Class com.android.tools.lint.model.DefaultLintModelModule                             : loaded 3 times (x 96B)
Class kotlin.jvm.internal.markers.KMutableSet                                         : loaded 3 times (x 68B)
Class org.jetbrains.kotlin.build.report.metrics.GradleBuildTime$Companion             : loaded 3 times (x 69B)
Class kotlin.jvm.internal.MutablePropertyReference1                                   : loaded 3 times (x 135B)
Class kotlin.SafePublicationLazyImpl$Companion                                        : loaded 3 times (x 69B)
Class org.gradle.kotlin.dsl.ImplementationConfigurationAccessorsKt                    : loaded 3 times (x 69B)
Class kotlin.sequences.SequenceBuilderIterator                                        : loaded 3 times (x 83B)
Class kotlin.reflect.jvm.internal.KCallableImpl$$Lambda$3                             : loaded 3 times (x 74B)
Class kotlin.ranges.OpenEndRange                                                      : loaded 3 times (x 68B)
Class kotlin.collections.builders.MapBuilder$Itr                                      : loaded 3 times (x 70B)
Class org.jetbrains.kotlin.cli.common.CompilerSystemProperties$Companion              : loaded 3 times (x 69B)
Class com.android.ide.common.gradle.Version$Companion$ParseState$EMPTY                : loaded 3 times (x 72B)
Class [Lcom.android.prefs.Global;                                                     : loaded 3 times (x 67B)
Class kotlin.text.Charsets                                                            : loaded 3 times (x 69B)
Class kotlin.reflect.jvm.internal.KCallableImpl$$Lambda$4                             : loaded 3 times (x 74B)
Class com.android.ide.common.repository.AgpVersion$Companion$WhenMappings             : loaded 3 times (x 69B)
Class kotlin.text.RegexKt                                                             : loaded 3 times (x 69B)
Class kotlin.coroutines.intrinsics.IntrinsicsKt__IntrinsicsKt                         : loaded 3 times (x 69B)
Class kotlin.reflect.jvm.internal.KDeclarationContainerImpl                           : loaded 3 times (x 82B)
Class kotlin.reflect.jvm.internal.KCallableImpl$$Lambda$5                             : loaded 3 times (x 74B)
Class com.android.ProgressManagerAdapter                                              : loaded 3 times (x 71B)
Class com.android.ide.common.repository.AgpVersion$PreviewKind$Companion              : loaded 3 times (x 69B)
Class com.android.tools.lint.model.LintModelAndroidLibrary                            : loaded 3 times (x 68B)
Class com.android.tools.lint.model.LintModelSeverity$Companion                        : loaded 3 times (x 69B)
Class org.jetbrains.kotlin.cli.jvm.compiler.KotlinCoreEnvironment                     : loaded 3 times (x 70B)
Class it.unimi.dsi.fastutil.objects.ObjectIterator                                    : loaded 3 times (x 68B)
Class kotlin.SafePublicationLazyImpl                                                  : loaded 3 times (x 74B)
Class kotlin.reflect.jvm.internal.ReflectProperties                                   : loaded 3 times (x 69B)
Class kotlin.reflect.KProperty$Getter                                                 : loaded 3 times (x 68B)
Class kotlin.text.CharsKt__CharKt                                                     : loaded 3 times (x 69B)
Class kotlin.reflect.jvm.internal.CacheByClassKt                                      : loaded 3 times (x 69B)
Class kotlin.text.MatchResult$Destructured                                            : loaded 3 times (x 70B)
Class kotlin.coroutines.EmptyCoroutineContext                                         : loaded 3 times (x 75B)
Class kotlin.collections.AbstractMutableSet                                           : loaded 3 times (x 140B)
Class kotlin.jvm.internal.Lambda                                                      : loaded 3 times (x 73B)
Class com.android.prefs.AndroidLocationsProvider                                      : loaded 3 times (x 68B)
Class com.android.ide.common.gradle.Version$Companion$ParseState$NUMERIC              : loaded 3 times (x 72B)
Class com.android.tools.lint.model.DefaultLintModelAndroidLibrary                     : loaded 3 times (x 109B)
Class it.unimi.dsi.fastutil.objects.ObjectIterable                                    : loaded 3 times (x 68B)
Class [Lkotlin.reflect.KDeclarationContainer;                                         : loaded 3 times (x 67B)
Class com.android.ide.common.repository.AgpVersion$PreviewKind                        : loaded 3 times (x 77B)
Class com.android.tools.lint.model.PathVariables$Companion$PATH_COMPARATOR$4          : loaded 3 times (x 76B)
Class [Lcom.android.ide.common.repository.AgpVersion$PreviewKind;                     : loaded 3 times (x 67B)
Class kotlin.sequences.SequencesKt___SequencesKt$flatMap$2                            : loaded 3 times (x 123B)
Class kotlin.reflect.KFunction                                                        : loaded 3 times (x 68B)
Class kotlin.jvm.internal.CollectionToArray                                           : loaded 3 times (x 69B)
Class [Lcom.android.tools.lint.model.LintModelModuleType;                             : loaded 3 times (x 67B)
Class com.android.tools.lint.model.LintModelSerialization$LintModelSerializationFileAdapter$WhenMappings: loaded 3 times (x 69B)
Class com.android.tools.lint.model.PathVariables$Companion$PATH_COMPARATOR$3          : loaded 3 times (x 76B)
Class kotlin.reflect.jvm.internal.CachesKt                                            : loaded 3 times (x 69B)
Class kotlin.jvm.internal.CallableReference$NoReceiver                                : loaded 3 times (x 69B)
Class com.android.prefs.Global                                                        : loaded 3 times (x 78B)
Class com.android.tools.lint.model.PathVariables$Companion$PATH_COMPARATOR$2          : loaded 3 times (x 76B)
Class com.android.prefs.PathLocator$singlePathOf$values$2                             : loaded 3 times (x 76B)
Class kotlin.jvm.internal.TypeIntrinsics                                              : loaded 3 times (x 69B)
Class kotlin.reflect.jvm.internal.ComputableClassValue                                : loaded 3 times (x 78B)
Class com.android.tools.lint.model.PathVariables$Companion$PATH_COMPARATOR$1          : loaded 3 times (x 76B)
Class com.android.prefs.PathLocator$singlePathOf$values$1                             : loaded 3 times (x 77B)
Class com.android.tools.lint.model.LintModelLintOptions                               : loaded 3 times (x 68B)
Class kotlin.jvm.internal.MutablePropertyReference0                                   : loaded 3 times (x 135B)
Class org.jetbrains.kotlin.cli.common.PropertiesKt                                    : loaded 3 times (x 69B)
Class org.jetbrains.kotlin.cli.common.messages.MessageCollector                       : loaded 3 times (x 68B)
Class kotlin.ranges.ClosedRange                                                       : loaded 3 times (x 68B)
Class kotlin.reflect.KProperty                                                        : loaded 3 times (x 68B)
Class kotlin.jvm.internal.Reflection                                                  : loaded 3 times (x 69B)
Class kotlin.reflect.jvm.internal.KPropertyImpl                                       : loaded 3 times (x 113B)
Class kotlin.jvm.JvmClassMappingKt                                                    : loaded 3 times (x 69B)
Class [Lkotlin.reflect.KAnnotatedElement;                                             : loaded 3 times (x 67B)
Class kotlin.reflect.jvm.internal.ReflectProperties$LazySoftVal                       : loaded 3 times (x 76B)
Class org.jetbrains.kotlin.build.report.metrics.BuildMetricsReporter                  : loaded 3 times (x 68B)
Class org.jetbrains.kotlin.cli.common.messages.MessageRenderer                        : loaded 3 times (x 68B)
Class [Lcom.android.tools.lint.model.LintModelSerialization$TargetFile;               : loaded 3 times (x 67B)
Class com.android.tools.lint.model.LintModelAndroidArtifact                           : loaded 3 times (x 68B)
Class [Lkotlin.jvm.functions.Function1;                                               : loaded 3 times (x 67B)
Class com.android.prefs.AbstractAndroidLocations$Companion                            : loaded 3 times (x 69B)
Class com.android.prefs.VariableValue                                                 : loaded 3 times (x 82B)
Class kotlin.coroutines.ContinuationInterceptor                                       : loaded 3 times (x 68B)
Class org.jetbrains.kotlin.config.ApiVersion                                          : loaded 3 times (x 84B)
Class kotlin.jvm.internal.PropertyReference                                           : loaded 3 times (x 113B)
Class kotlin.collections.CharIterator                                                 : loaded 3 times (x 80B)
Class kotlin.internal.ProgressionUtilKt                                               : loaded 3 times (x 69B)
Class kotlin.reflect.KMutableProperty                                                 : loaded 3 times (x 68B)
Class kotlin.reflect.jvm.internal.KClassifierImpl                                     : loaded 3 times (x 68B)
Class com.google.common.collect.ImmutableSet$Builder                                  : loaded 3 times (x 83B)
Class com.android.tools.lint.model.LintModelMavenName$Companion                       : loaded 3 times (x 69B)
Class [Lkotlin.reflect.KProperty;                                                     : loaded 3 times (x 67B)
Class com.android.tools.lint.model.DefaultLintModelVariant$artifact$2                 : loaded 3 times (x 77B)
Class kotlin.reflect.jvm.internal.KotlinReflectionInternalError                       : loaded 3 times (x 80B)
Class com.android.tools.lint.model.DefaultLintModelDependencyGraph                    : loaded 3 times (x 76B)
Class com.android.prefs.AndroidPathLocator                                            : loaded 3 times (x 71B)
Class kotlin.Result$Failure                                                           : loaded 3 times (x 70B)
Class kotlin.sequences.FlatteningSequence                                             : loaded 3 times (x 73B)
Class kotlin.text.MatcherMatchResult                                                  : loaded 3 times (x 78B)
Class com.android.ide.common.repository.AgpVersion                                    : loaded 3 times (x 73B)
Class com.android.tools.lint.model.DefaultLintModelDependencies                       : loaded 3 times (x 77B)
Class kotlin.text.MatchGroupCollection                                                : loaded 3 times (x 68B)
Class kotlin.ResultKt                                                                 : loaded 3 times (x 69B)
Class kotlin.reflect.jvm.internal.ClassValueCache                                     : loaded 3 times (x 72B)
Class com.android.tools.lint.model.LintModelJavaLibrary                               : loaded 3 times (x 68B)
Class com.android.tools.lint.model.LintModelDependencyGraph                           : loaded 3 times (x 68B)
Class kotlin.collections.builders.ListBuilderKt                                       : loaded 3 times (x 69B)
Class com.android.manifmerger.ManifestMerger2$MergeFailureException                   : loaded 3 times (x 80B)
Class kotlin.sequences.DropTakeSequence                                               : loaded 3 times (x 68B)
Class com.android.tools.lint.model.PathVariables$Companion                            : loaded 3 times (x 69B)
Class kotlin.collections.ArraysKt___ArraysKt$asSequence$$inlined$Sequence$1           : loaded 3 times (x 73B)
Class [Lcom.android.prefs.VariableValue;                                              : loaded 3 times (x 67B)
Class com.android.tools.lint.model.DefaultLintModelLintOptions                        : loaded 3 times (x 101B)
Class com.google.common.collect.ImmutableSet$EmptySetBuilderImpl                      : loaded 3 times (x 74B)
Class kotlin.reflect.jvm.internal.KCallableImpl                                       : loaded 3 times (x 103B)
Class kotlin.reflect.KProperty$Accessor                                               : loaded 3 times (x 68B)
Class [Lkotlin.reflect.KCallable;                                                     : loaded 3 times (x 67B)
Class com.android.tools.lint.model.LintModelSourceProvider                            : loaded 3 times (x 68B)
Class com.android.ide.common.gradle.Separator                                         : loaded 3 times (x 77B)
Class kotlin.reflect.jvm.internal.ReflectionFactoryImpl                               : loaded 3 times (x 89B)
Class kotlin.reflect.KMutableProperty0                                                : loaded 3 times (x 68B)
Class com.android.tools.lint.model.LintModelModuleLoader                              : loaded 3 times (x 68B)
Class [Lorg.jetbrains.kotlin.build.report.metrics.BuildTime;                          : loaded 3 times (x 67B)
Class kotlin.reflect.KClassifier                                                      : loaded 3 times (x 68B)
Class com.android.tools.lint.model.DefaultLintModelLibraryResolver                    : loaded 3 times (x 74B)
Class it.unimi.dsi.fastutil.Function                                                  : loaded 3 times (x 68B)
Class kotlin.text.DelimitedRangesSequence$iterator$1                                  : loaded 3 times (x 77B)
Class kotlin.coroutines.ContinuationInterceptor$Key                                   : loaded 3 times (x 69B)
Class kotlin.coroutines.jvm.internal.SuspendFunction                                  : loaded 3 times (x 68B)
Class com.android.io.CancellableFileIo                                                : loaded 3 times (x 69B)
Class kotlin.text.CharsKt                                                             : loaded 3 times (x 69B)
Class com.android.tools.lint.model.LintModelSeverity                                  : loaded 3 times (x 77B)
Class kotlin.io.LinesSequence$iterator$1                                              : loaded 3 times (x 77B)
Class kotlin.reflect.KCallable                                                        : loaded 3 times (x 68B)
Class kotlin.reflect.KMutableProperty1                                                : loaded 3 times (x 68B)
Class com.android.ide.common.gradle.Numeric                                           : loaded 3 times (x 75B)
Class kotlin.coroutines.CoroutineContext$Element                                      : loaded 3 times (x 68B)
Class kotlin.jvm.internal.ArrayIteratorKt                                             : loaded 3 times (x 69B)
Class kotlin.coroutines.intrinsics.IntrinsicsKt__IntrinsicsJvmKt                      : loaded 3 times (x 69B)
Class kotlin.coroutines.jvm.internal.CoroutineStackFrame                              : loaded 3 times (x 68B)
Class kotlin.reflect.jvm.internal.CacheByClass                                        : loaded 3 times (x 71B)
Class com.android.tools.lint.model.DefaultLintModelVariant                            : loaded 3 times (x 99B)
Class com.android.tools.lint.model.LintModelDependency                                : loaded 3 times (x 68B)
Class com.android.tools.lint.model.LintModelArtifact                                  : loaded 3 times (x 68B)
Class kotlin.reflect.KProperty2                                                       : loaded 3 times (x 68B)
Class [Lkotlin.Function;                                                              : loaded 3 times (x 67B)
Class kotlin.sequences.TransformingSequence$iterator$1                                : loaded 3 times (x 77B)
Class com.android.tools.lint.model.LintModelModuleType                                : loaded 3 times (x 77B)
Class kotlin.Pair                                                                     : loaded 3 times (x 70B)
Class kotlin.reflect.KClass                                                           : loaded 3 times (x 68B)
Class kotlin.reflect.KProperty1                                                       : loaded 3 times (x 68B)
Class org.jetbrains.kotlin.build.report.metrics.GradleBuildTime                       : loaded 3 times (x 84B)
Class kotlin.reflect.KMutableProperty2                                                : loaded 3 times (x 68B)
Class com.google.common.base.Splitter$5                                               : loaded 3 times (x 78B)
Class it.unimi.dsi.fastutil.ints.IntCollection                                        : loaded 3 times (x 68B)
Class kotlin.Result                                                                   : loaded 3 times (x 70B)
Class kotlin.reflect.KProperty0                                                       : loaded 3 times (x 68B)
Class kotlin.comparisons.ComparisonsKt___ComparisonsJvmKt                             : loaded 3 times (x 69B)
Class kotlin.io.TextStreamsKt                                                         : loaded 3 times (x 69B)
Class com.google.common.collect.ImmutableCollection$Builder                           : loaded 3 times (x 74B)
Class kotlin.coroutines.jvm.internal.CompletedContinuation                            : loaded 3 times (x 73B)
Class kotlin.jvm.internal.FunctionBase                                                : loaded 3 times (x 68B)
Class kotlin.jvm.internal.FunctionReference                                           : loaded 3 times (x 120B)
Class com.android.tools.lint.model.DefaultLintModelArtifact                           : loaded 3 times (x 80B)
Class it.unimi.dsi.fastutil.objects.ReferenceCollection                               : loaded 3 times (x 68B)
Class kotlin.sequences.SequenceScope                                                  : loaded 3 times (x 71B)
Class [Lkotlin.coroutines.intrinsics.CoroutineSingletons;                             : loaded 3 times (x 67B)
Class com.android.utils.Pair                                                          : loaded 3 times (x 70B)
Class kotlin.text.Regex$Companion                                                     : loaded 3 times (x 69B)
Class kotlin._Assertions                                                              : loaded 3 times (x 69B)
Class [Lcom.android.tools.lint.model.LintModelSeverity;                               : loaded 3 times (x 67B)
Class com.android.prefs.PathLocator$WhenMappings                                      : loaded 3 times (x 69B)
Class kotlin.coroutines.jvm.internal.DebugProbesKt                                    : loaded 3 times (x 69B)
Class kotlin.coroutines.CoroutineContext                                              : loaded 3 times (x 68B)
Class com.android.tools.lint.model.DefaultLintModelDependency                         : loaded 3 times (x 84B)
Class com.android.tools.lint.model.LintModelSerialization$TargetFile                  : loaded 3 times (x 77B)
Class [Lcom.android.tools.lint.model.LintModelNamespacingMode;                        : loaded 3 times (x 67B)
Class it.unimi.dsi.fastutil.ints.IntSet                                               : loaded 3 times (x 68B)
Class it.unimi.dsi.fastutil.ints.IntIterable                                          : loaded 3 times (x 68B)
Class com.android.tools.lint.model.LintModelModuleLibrary                             : loaded 3 times (x 68B)
Class kotlin.reflect.KTypeParameter                                                   : loaded 3 times (x 68B)
Class kotlin.coroutines.jvm.internal.ContinuationImpl                                 : loaded 3 times (x 85B)
Class kotlin.coroutines.jvm.internal.SuspendLambda                                    : loaded 3 times (x 89B)
Class it.unimi.dsi.fastutil.objects.ObjectSpliterator                                 : loaded 3 times (x 68B)
Class com.android.tools.lint.model.DefaultLintModelLibrary                            : loaded 3 times (x 84B)
Class com.android.tools.lint.model.DefaultLintModelBuildFeatures                      : loaded 3 times (x 75B)
Class kotlin.text.MatchResult                                                         : loaded 3 times (x 68B)
Class com.android.prefs.AndroidLocationsException                                     : loaded 3 times (x 80B)
Class kotlin.ranges.IntProgression                                                    : loaded 3 times (x 79B)
Class com.android.tools.lint.model.LintModelVariant                                   : loaded 3 times (x 68B)
Class kotlin.jvm.KotlinReflectionNotSupportedError                                    : loaded 3 times (x 80B)
Class kotlin.collections.CollectionsKt___CollectionsKt$asSequence$$inlined$Sequence$1 : loaded 3 times (x 73B)
Class org.jetbrains.kotlin.cli.common.CompilerSystemProperties                        : loaded 3 times (x 78B)
Class com.google.common.collect.MapMakerInternalMap$Strength$1                        : loaded 2 times (x 78B)
Class com.google.common.collect.Maps$ViewCachingAbstractMap                           : loaded 2 times (x 123B)
Class com.google.common.collect.NaturalOrdering                                       : loaded 2 times (x 113B)
Class org.jetbrains.kotlin.gradle.tasks.configuration.BaseKotlinCompileConfig$1$3$classpathEntrySnapshotFiles$1: loaded 2 times (x 72B)
Class org.jetbrains.kotlin.gradle.tasks.configuration.KaptGenerateStubsConfig$Companion$wireJavaAndKotlinOutputs$1: loaded 2 times (x 77B)
Class org.jetbrains.kotlin.gradle.plugin.KotlinPluginLifecycleCoroutineContextElement : loaded 2 times (x 82B)
Class org.jetbrains.kotlin.gradle.dsl.PlatformSourceSetConventionsChecker             : loaded 2 times (x 72B)
Class org.jetbrains.kotlin.gradle.plugin.diagnostics.checkers.KotlinSourceSetTreeDependsOnMismatchChecker: loaded 2 times (x 72B)
Class org.jetbrains.kotlin.gradle.targets.CreateDefaultCompilationsSideEffectKt       : loaded 2 times (x 69B)
Class org.jetbrains.kotlin.gradle.plugin.mpp.SyncLanguageSettingsWithKotlinExtensionSetupActionKt: loaded 2 times (x 69B)
Class org.jetbrains.kotlin.statistics.metrics.NumericalMetrics                        : loaded 2 times (x 78B)
Class org.jetbrains.kotlin.gradle.plugin.VariantImplementationFactories$Companion$getProvider$2$1: loaded 2 times (x 77B)
Class [Lorg.gradle.api.internal.ClassPathProvider;                                    : loaded 2 times (x 67B)
Class org.gradle.api.internal.ClassPathProvider                                       : loaded 2 times (x 68B)
Class org.jetbrains.kotlin.psi.KtStringTemplateEntry                                  : loaded 2 times (x 442B)
Class org.jetbrains.kotlin.psi.KtIntersectionType                                     : loaded 2 times (x 503B)
Class [Lorg.jetbrains.kotlin.psi.KtDeclarationModifierList;                           : loaded 2 times (x 67B)
Class org.jetbrains.kotlin.psi.stubs.elements.KtTypeParameterElementType              : loaded 2 times (x 101B)
Class com.android.tools.lint.UastEnvironmentUtilsKt$configureAnalysisApiProjectStructure$1$invoke$$inlined$filter$1: loaded 2 times (x 77B)
Class com.android.tools.lint.PathCollection                                           : loaded 2 times (x 70B)
Class org.jetbrains.kotlin.load.java.structure.impl.classFiles.BinaryClassSignatureParser: loaded 2 times (x 70B)
Class kotlinx.coroutines.JobNode                                                      : loaded 2 times (x 88B)
Class com.fasterxml.aalto.util.BufferRecycler                                         : loaded 2 times (x 70B)
Class kotlinx.coroutines.ParentJob                                                    : loaded 2 times (x 68B)
Class kotlinx.coroutines.Delay                                                        : loaded 2 times (x 68B)
Class com.intellij.openapi.extensions.impl.ExtensionPointImpl$doAddChangeListener$listenerAdapter$1: loaded 2 times (x 75B)
Class com.intellij.psi.impl.source.javadoc.PsiSnippetAttributeValueImpl               : loaded 2 times (x 396B)
Class com.intellij.util.ConcurrentLongObjectHashMap$EntrySetView                      : loaded 2 times (x 128B)
Class [Lcom.intellij.openapi.extensions.ExtensionPoint$Kind;                          : loaded 2 times (x 67B)
Class [Lcom.intellij.openapi.options.Scheme;                                          : loaded 2 times (x 67B)
Class org.jetbrains.kotlin.config.LanguageVersion$Companion                           : loaded 2 times (x 69B)
Class com.intellij.openapi.components.ComponentManagerEx                              : loaded 2 times (x 68B)
Class com.google.common.io.CharSource$ConcatenatedCharSource                          : loaded 2 times (x 84B)
Class com.intellij.openapi.util.Key                                                   : loaded 2 times (x 75B)
Class com.android.tools.lint.checks.WearBackNavigationDetector$Issues                 : loaded 2 times (x 69B)
Class com.android.tools.lint.checks.MissingClassDetector                              : loaded 2 times (x 160B)
Class com.android.tools.lint.detector.api.ClassContext                                : loaded 2 times (x 74B)
Class com.android.tools.lint.checks.ButtonDetector                                    : loaded 2 times (x 152B)
Class com.android.tools.lint.checks.BidirectionalTextDetector$Companion               : loaded 2 times (x 69B)
Class com.android.tools.lint.checks.AppBundleLocaleChangesDetector                    : loaded 2 times (x 176B)
Class com.android.tools.lint.detector.api.LintModelModuleProject$Companion            : loaded 2 times (x 69B)
Class kotlin.reflect.jvm.internal.KProperty1Impl$$Lambda$0                            : loaded 2 times (x 74B)
Class kotlin.reflect.jvm.internal.impl.builtins.jvm.JavaToKotlinClassMap$PlatformMutabilityMapping: loaded 2 times (x 70B)
Class com.android.tools.lint.detector.api.FileScanner                                 : loaded 2 times (x 68B)
Class kotlin.jvm.functions.Function20                                                 : loaded 2 times (x 68B)
Class kotlin.reflect.jvm.internal.KProperty1Impl$$Lambda$1                            : loaded 2 times (x 74B)
Class com.google.common.reflect.Types$ClassOwnership$1                                : loaded 2 times (x 78B)
Class com.google.common.collect.MapMakerInternalMap$Strength$2                        : loaded 2 times (x 78B)
Class org.jetbrains.kotlin.gradle.plugin.statistics.ExecutedTaskMetrics               : loaded 2 times (x 69B)
Class org.jetbrains.kotlin.gradle.plugin.diagnostics.CheckKotlinGradlePluginConfigurationErrors$Companion: loaded 2 times (x 69B)
Class org.jetbrains.kotlin.gradle.tasks.KotlinJvmCompile$DefaultImpls                 : loaded 2 times (x 69B)
Class org.jetbrains.kotlin.gradle.tasks.CacheableTasksKt                              : loaded 2 times (x 69B)
Class org.jetbrains.kotlin.konan.target.HostManager$targetValues$2                    : loaded 2 times (x 76B)
Class [Lorg.jetbrains.kotlin.konan.target.Family;                                     : loaded 2 times (x 67B)
Class org.jetbrains.kotlin.gradle.plugin.diagnostics.checkers.UnusedSourceSetsChecker$runChecks$1: loaded 2 times (x 86B)
Class org.jetbrains.kotlin.gradle.targets.js.npm.PeerNpmDependencyExtension           : loaded 2 times (x 68B)
Class org.jetbrains.kotlin.gradle.dsl.AndroidMainSourceSetConventionsChecker          : loaded 2 times (x 72B)
Class org.jetbrains.kotlin.gradle.plugin.diagnostics.checkers.WasmJsEnvironmentChecker$1: loaded 2 times (x 76B)
Class org.jetbrains.kotlin.gradle.targets.js.npm.NpmDependencyExtensionKt$AddNpmDependencyExtensionProjectSetupAction$1: loaded 2 times (x 72B)
Class org.jetbrains.kotlin.build.report.metrics.GradleBuildPerformanceMetric          : loaded 2 times (x 90B)
Class org.jetbrains.kotlin.gradle.internal.properties.PropertiesBuildService$NullableBooleanGradleProperty: loaded 2 times (x 74B)
Class [Lorg.objectweb.asm.AnnotationVisitor;                                          : loaded 2 times (x 67B)
Class com.google.common.util.concurrent.AbstractFuture$SafeAtomicHelper               : loaded 2 times (x 77B)
Class com.google.common.cache.LocalCache$LocalLoadingCache                            : loaded 2 times (x 132B)
Class org.gradle.internal.service.UnknownServiceException                             : loaded 2 times (x 81B)
Class org.jetbrains.kotlin.psi.KtInitializerList                                      : loaded 2 times (x 442B)
Class [Lorg.jetbrains.kotlin.psi.KtVariableDeclaration;                               : loaded 2 times (x 67B)
Class [Lorg.jetbrains.kotlin.psi.KtCallableDeclaration;                               : loaded 2 times (x 67B)
Class com.intellij.psi.impl.source.PsiImmediateClassType                              : loaded 2 times (x 128B)
Class com.intellij.psi.PsiClassType$Stub                                              : loaded 2 times (x 128B)
Class com.intellij.openapi.vfs.VirtualFileFilter                                      : loaded 2 times (x 68B)
Class com.intellij.psi.SmartTypePointer                                               : loaded 2 times (x 68B)
Class kotlinx.coroutines.IncompleteStateBox                                           : loaded 2 times (x 70B)
Class org.codehaus.stax2.ri.typed.ValueDecoderFactory                                 : loaded 2 times (x 70B)
Class com.intellij.ide.plugins.ModuleDependenciesDescriptor$Companion                 : loaded 2 times (x 69B)
Class org.codehaus.stax2.ri.typed.ValueDecoderFactory$BooleanDecoder                  : loaded 2 times (x 82B)
Class com.intellij.openapi.extensions.LoadingOrder$Companion                          : loaded 2 times (x 69B)
Class com.intellij.util.ConcurrentLongObjectHashMap$Node                              : loaded 2 times (x 75B)
Class com.intellij.lang.java.JavaLanguage                                             : loaded 2 times (x 105B)
Class com.android.tools.lint.checks.WrongConstructorDetector$Issues                   : loaded 2 times (x 69B)
Class com.android.tools.lint.checks.RequiredAttributeDetector                         : loaded 2 times (x 177B)
Class com.android.tools.lint.checks.PermissionDetector$Companion                      : loaded 2 times (x 69B)
Class com.android.tools.lint.checks.OnClickDetector                                   : loaded 2 times (x 177B)
Class com.android.tools.lint.checks.GradleDetector                                    : loaded 2 times (x 165B)
Class com.android.tools.lint.checks.ExtraTextDetector                                 : loaded 2 times (x 151B)
Class com.android.tools.lint.checks.DuplicateResourceDetector                         : loaded 2 times (x 152B)
Class com.android.tools.lint.detector.api.TextFormat$Companion                        : loaded 2 times (x 69B)
Class com.intellij.psi.PsiTypeParameterListOwner                                      : loaded 2 times (x 68B)
Class com.android.tools.lint.detector.api.LintModelModuleLibraryProject               : loaded 2 times (x 154B)
Class it.unimi.dsi.fastutil.longs.LongIterable                                        : loaded 2 times (x 68B)
Class kotlin.jvm.functions.Function21                                                 : loaded 2 times (x 68B)
Class kotlin.reflect.jvm.internal.impl.name.ClassId                                   : loaded 2 times (x 70B)
Class build_7k9adszza6wvbq5qkdsjypebc$_run_closure1$_closure3                         : loaded 2 times (x 137B)
Class com.google.common.reflect.Types$ClassOwnership$2                                : loaded 2 times (x 78B)
Class com.google.common.reflect.TypeResolver                                          : loaded 2 times (x 70B)
Class com.google.common.collect.MapMakerInternalMap$StrongValueEntry                  : loaded 2 times (x 68B)
Class com.google.common.io.ByteArrayDataInput                                         : loaded 2 times (x 68B)
Class org.jetbrains.kotlin.gradle.tasks.configuration.BaseKotlinCompileConfig$2$1$1$1 : loaded 2 times (x 72B)
Class org.jetbrains.kotlin.gradle.tasks.KotlinCompile$ScriptFilterSpec                : loaded 2 times (x 73B)
Class org.jetbrains.kotlin.gradle.plugin.diagnostics.checkers.ComposePluginSuggestApplyChecker$runChecks$1: loaded 2 times (x 86B)
Class org.jetbrains.kotlin.konan.target.KonanTarget$TVOS_ARM64                        : loaded 2 times (x 76B)
Class org.jetbrains.kotlin.gradle.targets.js.npm.DefaultPeerNpmDependencyExtension    : loaded 2 times (x 139B)
Class org.jetbrains.kotlin.gradle.plugin.KotlinPluginLifecycleKt                      : loaded 2 times (x 69B)
Class org.jetbrains.kotlin.gradle.plugin.diagnostics.checkers.WasmJsEnvironmentChecker$2: loaded 2 times (x 76B)
Class org.jetbrains.kotlin.gradle.plugin.mpp.AbstractKotlinTarget                     : loaded 2 times (x 154B)
Class org.jetbrains.kotlin.gradle.internal.properties.NativePropertiesLoader$kotlinNativeVersion$1: loaded 2 times (x 73B)
Class org.jetbrains.kotlin.gradle.plugin.VariantImplementationFactoriesConfigurator$Inject: loaded 2 times (x 94B)
Class org.jetbrains.kotlin.gradle.dsl.KotlinSingleTargetExtension                     : loaded 2 times (x 122B)
Class org.objectweb.asm.ModuleVisitor                                                 : loaded 2 times (x 79B)
Class com.google.common.cache.LocalCache$Strength$1                                   : loaded 2 times (x 79B)
Class com.intellij.util.CachedValueBase$PsiDependentData                              : loaded 2 times (x 79B)
Class org.jetbrains.kotlin.psi.KtCollectionLiteralExpression                          : loaded 2 times (x 567B)
Class [Lorg.jetbrains.kotlin.psi.KtSuperTypeListEntry;                                : loaded 2 times (x 67B)
Class org.jetbrains.kotlin.psi.KtTypeParameterList                                    : loaded 2 times (x 444B)
Class kotlin.collections.Grouping                                                     : loaded 2 times (x 68B)
Class org.jetbrains.kotlin.analysis.api.standalone.base.projectStructure.PluginStructureProvider$ReadContext: loaded 2 times (x 73B)
Class com.intellij.codeInsight.ExternalAnnotationsManager                             : loaded 2 times (x 87B)
Class org.jetbrains.uast.UAnnotated                                                   : loaded 2 times (x 68B)
Class org.jetbrains.kotlin.cli.jvm.compiler.KotlinCliJavaFileManagerImpl              : loaded 2 times (x 89B)
Class com.intellij.psi.search.GlobalSearchScope$FileScope                             : loaded 2 times (x 102B)
Class com.intellij.psi.impl.GeneratedMarkerVisitor                                    : loaded 2 times (x 75B)
Class kotlinx.coroutines.JobImpl                                                      : loaded 2 times (x 136B)
Class com.intellij.mock.MockResolveScopeManager                                       : loaded 2 times (x 73B)
Class com.fasterxml.aalto.in.ByteBasedPNameTable$Bucket                               : loaded 2 times (x 70B)
Class com.fasterxml.aalto.UncheckedStreamException                                    : loaded 2 times (x 80B)
Class kotlinx.coroutines.internal.SystemPropsKt                                       : loaded 2 times (x 69B)
Class com.android.tools.lint.checks.OpenForTestingDetector                            : loaded 2 times (x 167B)
Class com.android.tools.lint.checks.ViewHolderDetector                                : loaded 2 times (x 167B)
Class com.intellij.openapi.vfs.VirtualFileManagerListener                             : loaded 2 times (x 68B)
Class com.intellij.util.containers.RefHashMap$MyMap                                   : loaded 2 times (x 184B)
Class org.jetbrains.kotlin.util.Logger                                                : loaded 2 times (x 68B)
Class com.android.tools.lint.checks.UnsafeBroadcastReceiverDetector                   : loaded 2 times (x 177B)
Class com.android.tools.lint.checks.StringFormatDetector                              : loaded 2 times (x 177B)
Class com.android.tools.lint.checks.SliceDetector                                     : loaded 2 times (x 167B)
Class com.android.tools.lint.checks.SignatureOrSystemDetector                         : loaded 2 times (x 151B)
Class com.android.tools.lint.checks.NotificationTrampolineDetector                    : loaded 2 times (x 167B)
Class com.android.tools.lint.checks.InternalInsetResourceDetector$Companion           : loaded 2 times (x 69B)
Class com.android.tools.lint.checks.IntentDetector                                    : loaded 2 times (x 167B)
Class com.android.ide.common.fonts.FontQueryParserError                               : loaded 2 times (x 80B)
Class com.android.tools.lint.checks.AppLinksAutoVerifyDetector                        : loaded 2 times (x 152B)
Class com.android.tools.lint.checks.ApiLookup$UnsupportedVersionException             : loaded 2 times (x 82B)
Class com.intellij.openapi.util.UserDataHolder                                        : loaded 2 times (x 68B)
Class com.android.tools.lint.detector.api.Issue                                       : loaded 2 times (x 73B)
Class com.android.tools.lint.Main$ArgumentState                                       : loaded 2 times (x 70B)
Class kotlin.jvm.functions.Function22                                                 : loaded 2 times (x 68B)
Class org.apache.commons.io.output.QueueOutputStream                                  : loaded 2 times (x 85B)
Class com.google.common.reflect.Types$ClassOwnership$3                                : loaded 2 times (x 69B)
Class org.jetbrains.kotlin.gradle.tasks.configuration.BaseKotlinCompileConfig$2$1$1$2 : loaded 2 times (x 72B)
Class org.jetbrains.kotlin.gradle.plugin.mpp.KotlinCompilationsKt$addSourcesToKotlinCompileTask$configureAction$2: loaded 2 times (x 77B)
Class org.jetbrains.kotlin.gradle.plugin.mpp.compilationImpl.KotlinCompilationTaskNamesContainer: loaded 2 times (x 70B)
Class org.jetbrains.kotlin.gradle.plugin.mpp.compilationImpl.factory.KotlinCompilationImplFactory$KotlinCompilerOptionsFactory: loaded 2 times (x 68B)
Class org.jetbrains.kotlin.gradle.internal.properties.PropertiesBuildServiceKt$propertyWithDeprecatedName$1: loaded 2 times (x 73B)
Class org.jetbrains.kotlin.gradle.targets.js.npm.NpmDependencyExtension               : loaded 2 times (x 68B)
Class org.jetbrains.kotlin.gradle.plugin.LanguageSettingsBuilder                      : loaded 2 times (x 68B)
Class org.jetbrains.kotlin.gradle.plugin.diagnostics.checkers.WasmWasiEnvironmentChecker: loaded 2 times (x 74B)
Class org.jetbrains.kotlin.gradle.plugin.diagnostics.checkers.WasmJsEnvironmentChecker$3: loaded 2 times (x 76B)
Class org.jetbrains.kotlin.gradle.targets.ConfigureBuildSideEffectKt                  : loaded 2 times (x 69B)
Class org.jetbrains.kotlin.gradle.plugin.BuildEventsListenerRegistryHolder$Companion  : loaded 2 times (x 69B)
Class [Lorg.jetbrains.kotlin.statistics.metrics.StringMetrics;                        : loaded 2 times (x 67B)
Class org.jetbrains.kotlin.gradle.internal.properties.PropertiesBuildService$Inject   : loaded 2 times (x 94B)
Class com.google.common.util.concurrent.SettableFuture                                : loaded 2 times (x 112B)
Class com.google.common.cache.LocalCache$Strength$2                                   : loaded 2 times (x 79B)
Class com.intellij.util.text.CharArrayUtil                                            : loaded 2 times (x 69B)
Class com.intellij.openapi.util.Pair                                                  : loaded 2 times (x 70B)
Class [Lorg.jetbrains.kotlin.psi.KtConstructorCalleeExpression;                       : loaded 2 times (x 67B)
Class [Lorg.jetbrains.kotlin.psi.KtDeclarationWithInitializer;                        : loaded 2 times (x 67B)
Class com.intellij.extapi.psi.StubBasedPsiElementBase$1                               : loaded 2 times (x 75B)
Class org.jetbrains.kotlin.psi.stubs.elements.KtValueArgumentListElementType          : loaded 2 times (x 101B)
Class kotlin.collections.GroupingKt__GroupingKt                                       : loaded 2 times (x 69B)
Class com.android.tools.lint.checks.WearableConfigurationActionDetector               : loaded 2 times (x 152B)
Class kotlinx.coroutines.internal.ThreadContextKt$countAll$1                          : loaded 2 times (x 76B)
Class kotlinx.coroutines.DispatchedTask                                               : loaded 2 times (x 79B)
Class kotlinx.coroutines.scheduling.DefaultIoScheduler                                : loaded 2 times (x 111B)
Class com.intellij.lang.folding.CustomFoldingBuilder                                  : loaded 2 times (x 92B)
Class com.intellij.psi.PsiSubstitutor                                                 : loaded 2 times (x 68B)
Class com.intellij.openapi.util.SimpleModificationTracker                             : loaded 2 times (x 74B)
Class com.android.tools.lint.checks.SecurityDetector$IdentifierVisitor                : loaded 2 times (x 125B)
Class com.android.tools.lint.checks.SdkSuppressDetector                               : loaded 2 times (x 167B)
Class com.android.tools.lint.checks.MergeRootFrameLayoutDetector                      : loaded 2 times (x 177B)
Class com.android.tools.lint.checks.LabelForDetector                                  : loaded 2 times (x 152B)
Class com.android.tools.lint.checks.FirebaseAnalyticsDetector                         : loaded 2 times (x 167B)
Class com.android.tools.lint.checks.AllowAllHostnameVerifierDetector                  : loaded 2 times (x 167B)
Class com.intellij.util.containers.CollectionFactory                                  : loaded 2 times (x 69B)
Class com.android.tools.lint.detector.api.Intervals$Companion                         : loaded 2 times (x 69B)
Class org.jetbrains.kotlin.config.LanguageVersionSettingsImpl$Companion               : loaded 2 times (x 69B)
Class com.intellij.psi.stubs.StubTreeLoader                                           : loaded 2 times (x 79B)
Class com.intellij.diagnostic.ImplementationConflictException                         : loaded 2 times (x 80B)
Class com.intellij.codeInsight.folding.impl.JavaCodeFoldingSettingsBase               : loaded 2 times (x 101B)
Class com.intellij.psi.compiled.ClsStubBuilder                                        : loaded 2 times (x 71B)
Class com.intellij.psi.impl.compiled.ClsDecompilerImpl$MyClsStubBuilder               : loaded 2 times (x 71B)
Class com.intellij.psi.FileContextProvider                                            : loaded 2 times (x 72B)
Class com.google.common.collect.Interners$InternerImpl                                : loaded 2 times (x 73B)
Class com.google.common.collect.Interner                                              : loaded 2 times (x 68B)
Class com.google.common.io.ByteStreams                                                : loaded 2 times (x 69B)
Class com.google.common.collect.TransformedIterator                                   : loaded 2 times (x 78B)
Class com.google.common.collect.AllEqualOrdering                                      : loaded 2 times (x 112B)
Class org.jetbrains.kotlin.gradle.tasks.KotlinJavaToolchain$JdkSetter                 : loaded 2 times (x 68B)
Class org.jetbrains.kotlin.gradle.utils.ConfigurationCacheKt                          : loaded 2 times (x 69B)
Class org.jetbrains.kotlin.gradle.plugin.KotlinPluginLifecycle$ProjectConfigurationResult$Success: loaded 2 times (x 69B)
Class org.jetbrains.kotlin.gradle.internal.StdlibDependencyManagementKt$configureStdlibVersionAlignment$1: loaded 2 times (x 73B)
Class org.jetbrains.kotlin.gradle.plugin.diagnostics.checkers.OverriddenKotlinNativeHomeChecker$allKonanMainSubdirectoriesExist$1$1: loaded 2 times (x 73B)
Class org.jetbrains.kotlin.gradle.dsl.PlatformSourceSetConventionsChecker$CheckedPlatformInfo: loaded 2 times (x 70B)
Class org.jetbrains.kotlin.gradle.plugin.diagnostics.checkers.WasmJsEnvironmentChecker$4: loaded 2 times (x 76B)
Class org.jetbrains.kotlin.gradle.plugin.mpp.KotlinUsages$KotlinCinteropDisambiguation: loaded 2 times (x 74B)
Class org.jetbrains.kotlin.gradle.plugin.KotlinPluginInMultipleProjectsHolder         : loaded 2 times (x 70B)
Class org.jetbrains.kotlin.gradle.report.BuildReportType$Companion                    : loaded 2 times (x 69B)
Class com.google.common.cache.LocalCache$Strength$3                                   : loaded 2 times (x 79B)
Class [Lcom.intellij.openapi.vfs.VirtualFileVisitor$Option;                           : loaded 2 times (x 67B)
Class org.jetbrains.kotlin.analysis.project.structure.builder.KtBinaryModuleBuilder   : loaded 2 times (x 71B)
Class org.jetbrains.kotlin.psi.KtScript                                               : loaded 2 times (x 915B)
Class org.jetbrains.kotlin.psi.stubs.KotlinValueArgumentStub                          : loaded 2 times (x 68B)
Class [Lorg.jetbrains.kotlin.psi.KtModifierList;                                      : loaded 2 times (x 67B)
Class org.jetbrains.kotlin.psi.KtDeclarationModifierList                              : loaded 2 times (x 508B)
Class org.jetbrains.kotlin.psi.KtTypeParameter                                        : loaded 2 times (x 913B)
Class [Lcom.intellij.navigation.NavigationItem;                                       : loaded 2 times (x 67B)
Class com.intellij.psi.LanguageSubstitutors                                           : loaded 2 times (x 94B)
Class kotlinx.serialization.descriptors.SerialKind                                    : loaded 2 times (x 69B)
Class com.intellij.util.xml.dom.XmlDomReader                                          : loaded 2 times (x 69B)
Class com.intellij.psi.search.ProjectScope                                            : loaded 2 times (x 69B)
Class com.intellij.core.CoreJavaFileManager                                           : loaded 2 times (x 84B)
Class com.intellij.core.CoreJavaCodeStyleManager                                      : loaded 2 times (x 96B)
Class com.intellij.openapi.vfs.CompactVirtualFileSetFactory                           : loaded 2 times (x 73B)
Class com.intellij.ide.plugins.PathResolver                                           : loaded 2 times (x 68B)
Class com.intellij.psi.javadoc.PsiDocTagValue                                         : loaded 2 times (x 68B)
Class [Lcom.intellij.openapi.vfs.VirtualFileSystem;                                   : loaded 2 times (x 67B)
Class it.unimi.dsi.fastutil.objects.Object2ObjectOpenHashMap                          : loaded 2 times (x 184B)
Class com.intellij.util.containers.ConcurrentList                                     : loaded 2 times (x 68B)
Class kotlinx.coroutines.internal.SoftLimitedDispatcher                               : loaded 2 times (x 106B)
Class kotlin.coroutines.ContinuationInterceptor$DefaultImpls                          : loaded 2 times (x 69B)
Class kotlinx.coroutines.internal.intellij.IntellijKt                                 : loaded 2 times (x 69B)
Class com.android.tools.lint.client.api.Configuration                                 : loaded 2 times (x 91B)
Class kotlin.reflect.jvm.internal.impl.builtins.functions.FunctionTypeKind            : loaded 2 times (x 70B)
Class com.google.common.reflect.Invokable                                             : loaded 2 times (x 101B)
Class com.google.common.collect.MapMaker$Dummy                                        : loaded 2 times (x 77B)
Class org.jetbrains.kotlin.gradle.tasks.KotlinCompilerPluginData$InputsOutputsState   : loaded 2 times (x 70B)
Class org.jetbrains.kotlin.gradle.plugin.sources.FragmentConsistencyChecks$optInAnnotationsCheck$1: loaded 2 times (x 77B)
Class org.jetbrains.kotlin.gradle.plugin.mpp.AbstractKotlinCompilationToRunnableFiles : loaded 2 times (x 194B)
Class org.jetbrains.kotlin.gradle.artifacts.KotlinMetadataArtifactKt$KotlinMetadataArtifact$1: loaded 2 times (x 72B)
Class org.jetbrains.kotlin.gradle.plugin.mpp.KotlinUsages$KotlinMetadataCompatibility : loaded 2 times (x 74B)
Class [Lorg.jetbrains.kotlin.gradle.dsl.JvmTarget;                                    : loaded 2 times (x 67B)
Class org.jetbrains.kotlin.gradle.utils.ConfigurationsKt$maybeCreateResolvable$1      : loaded 2 times (x 76B)
Class org.jetbrains.kotlin.gradle.plugin.StatisticsBuildFlowManager$Companion         : loaded 2 times (x 69B)
Class org.jetbrains.kotlin.statistics.metrics.StringMetrics$Companion                 : loaded 2 times (x 69B)
Class org.jetbrains.kotlin.gradle.internal.properties.PropertiesBuildService$property$1$1: loaded 2 times (x 73B)
Class org.jetbrains.kotlin.tooling.core.Extras$Type                                   : loaded 2 times (x 70B)
Class org.objectweb.asm.FieldWriter                                                   : loaded 2 times (x 76B)
Class com.google.common.cache.CacheBuilder$NullListener                               : loaded 2 times (x 80B)
Class org.gradle.internal.classpath.TransformedClassPath                              : loaded 2 times (x 94B)
Class org.gradle.internal.classloader.InstrumentingClassLoader                        : loaded 2 times (x 68B)
Class [Lorg.jetbrains.kotlin.psi.KtTypeParameterListOwnerStub;                        : loaded 2 times (x 67B)
Class com.android.tools.lint.UastEnvironment$Module$Variant$Companion$WhenMappings    : loaded 2 times (x 69B)
Class com.intellij.psi.impl.PsiCachedValuesFactory                                    : loaded 2 times (x 76B)
Class com.fasterxml.aalto.in.PName                                                    : loaded 2 times (x 77B)
Class kotlinx.coroutines.DisposableHandle                                             : loaded 2 times (x 68B)
Class [Lcom.intellij.ide.plugins.MyXmlInterner;                                       : loaded 2 times (x 67B)
Class com.intellij.lang.jvm.JvmPackage                                                : loaded 2 times (x 68B)
Class com.intellij.util.containers.ConcurrentLongObjectMap                            : loaded 2 times (x 68B)
Class com.intellij.openapi.progress.TaskInfo                                          : loaded 2 times (x 68B)
Class com.intellij.openapi.util.ProperTextRange                                       : loaded 2 times (x 99B)
Class com.intellij.openapi.application.impl.AnyModalityState                          : loaded 2 times (x 70B)
Class org.jetbrains.kotlin.psi.KtImportInfo$ImportContent$ExpressionBased             : loaded 2 times (x 70B)
Class com.android.tools.lint.UastEnvironmentUtilsKt                                   : loaded 2 times (x 69B)
Class com.android.tools.lint.checks.ViewConstructorDetector                           : loaded 2 times (x 167B)
Class com.android.tools.lint.checks.PublicKeyCredentialDetector                       : loaded 2 times (x 167B)
Class com.android.tools.lint.checks.PendingIntentMutableFlagDetector                  : loaded 2 times (x 167B)
Class com.android.tools.lint.checks.ConstraintLayoutDetector                          : loaded 2 times (x 151B)
Class com.android.tools.lint.checks.AppCompatCustomViewDetector                       : loaded 2 times (x 167B)
Class com.intellij.psi.PsiElement                                                     : loaded 2 times (x 68B)
Class [Lorg.jetbrains.kotlin.psi.KtValueArgumentList;                                 : loaded 2 times (x 67B)
Class com.intellij.util.containers.SLRUMap                                            : loaded 2 times (x 80B)
Class org.gradle.api.internal.DefaultClassPathProvider                                : loaded 2 times (x 74B)
Class org.objectweb.asm.AnnotationVisitor                                             : loaded 2 times (x 76B)
Class it.unimi.dsi.fastutil.longs.LongSet                                             : loaded 2 times (x 68B)
Class kotlin.reflect.jvm.internal.impl.name.StandardClassIds                          : loaded 2 times (x 69B)
Class org.jetbrains.kotlin.gradle.plugin.VariantImplementationFactoriesConfigurator$Companion$getProvider$1: loaded 2 times (x 72B)
Class org.apache.commons.io.output.UnsynchronizedByteArrayOutputStream                : loaded 2 times (x 100B)
Class com.google.common.reflect.Types$ParameterizedTypeImpl                           : loaded 2 times (x 79B)
Class com.google.common.collect.ImmutableListMultimap                                 : loaded 2 times (x 174B)
Class org.jetbrains.kotlin.gradle.internal.StdlibDependencyManagementKt$configureStdlibVersionAlignment$1$1$1: loaded 2 times (x 73B)
Class org.jetbrains.kotlin.gradle.plugin.BuildFinishedListenerService$Companion       : loaded 2 times (x 69B)
Class org.jetbrains.kotlin.gradle.plugin.BuildFinishedListenerService                 : loaded 2 times (x 78B)
Class com.google.common.collect.ImmutableRangeSet$AsSet                               : loaded 2 times (x 297B)
Class org.jetbrains.kotlin.gradle.plugin.sources.FragmentConsistencyChecks$optInAnnotationsCheck$2: loaded 2 times (x 76B)
Class org.jetbrains.kotlin.gradle.targets.NativeForwardImplementationToApiElementsSideEffectKt$special$$inlined$KotlinTargetSideEffect$1: loaded 2 times (x 72B)
Class com.google.common.cache.CacheLoader$FunctionToCacheLoader                       : loaded 2 times (x 73B)
Class com.google.common.collect.Iterators$ArrayItr                                    : loaded 2 times (x 95B)
Class org.jetbrains.kotlin.analysis.project.structure.impl.KtModuleWithPlatform       : loaded 2 times (x 68B)
Class [Lorg.jetbrains.kotlin.psi.KtClassLiteralExpression;                            : loaded 2 times (x 67B)
Class org.jetbrains.kotlin.psi.KtSuperTypeEntry                                       : loaded 2 times (x 443B)
Class org.jetbrains.kotlin.psi.stubs.elements.KtTypeProjectionElementType             : loaded 2 times (x 101B)
Class org.jetbrains.kotlin.psi.KtSimpleNameExpression                                 : loaded 2 times (x 68B)
Class org.jetbrains.kotlin.psi.KtTypeReference                                        : loaded 2 times (x 640B)
Class [Lorg.jetbrains.kotlin.psi.KtImportList;                                        : loaded 2 times (x 67B)
Class org.jetbrains.kotlin.psi.stubs.KotlinClassStub                                  : loaded 2 times (x 68B)
Class org.jetbrains.kotlin.psi.stubs.elements.KtPlaceHolderStubElementType            : loaded 2 times (x 101B)
Class com.intellij.psi.impl.file.PsiBinaryFileImpl                                    : loaded 2 times (x 711B)
Class com.android.tools.lint.detector.api.GraphUtils$reverseTopologicalSort$leaveSequence$1: loaded 2 times (x 93B)
Class [Lcom.android.tools.lint.UastEnvironment$Module$Variant;                        : loaded 2 times (x 67B)
Class com.intellij.util.containers.HashSetInterner                                    : loaded 2 times (x 74B)
Class com.intellij.util.containers.Interner                                           : loaded 2 times (x 72B)
Class com.intellij.psi.impl.PsiJavaParserFacadeImpl                                   : loaded 2 times (x 125B)
Class com.intellij.psi.search.GlobalSearchScope                                       : loaded 2 times (x 97B)
Class com.intellij.openapi.vfs.VirtualFileFilter$1                                    : loaded 2 times (x 75B)
Class kotlinx.coroutines.scheduling.CoroutineScheduler$Companion                      : loaded 2 times (x 69B)
Class com.intellij.psi.impl.java.stubs.PsiJavaFileStub                                : loaded 2 times (x 68B)
Class kotlinx.collections.immutable.PersistentList                                    : loaded 2 times (x 68B)
Class com.intellij.openapi.vfs.SavingRequestor                                        : loaded 2 times (x 68B)
Class com.intellij.openapi.vfs.impl.CoreVirtualFilePointerManager                     : loaded 2 times (x 84B)
Class com.android.tools.lint.detector.api.LintModelModuleProject$getJavaSourceFolders$1$1: loaded 2 times (x 76B)
Class com.android.tools.lint.checks.OverrideDetector                                  : loaded 2 times (x 151B)
Class com.android.tools.lint.detector.api.ResourceContext                             : loaded 2 times (x 74B)
Class org.jetbrains.kotlin.gradle.plugin.PropertiesProvider$kotlinExperimentalTryNext$1: loaded 2 times (x 73B)
Class org.jetbrains.kotlin.statistics.metrics.BooleanOverridePolicy$OVERRIDE          : loaded 2 times (x 83B)
Class kotlin.collections.builders.ListBuilder$Companion                               : loaded 2 times (x 69B)
Class kotlin.collections.builders.ListBuilder                                         : loaded 2 times (x 205B)
Class kotlin.reflect.jvm.internal.impl.name.FqNamesUtilKt                             : loaded 2 times (x 69B)
Class kotlin.reflect.jvm.internal.impl.name.StandardClassIdsKt                        : loaded 2 times (x 69B)
Class org.apache.commons.io.output.ByteArrayOutputStream                              : loaded 2 times (x 100B)
Class com.google.common.reflect.TypeResolver$TypeVariableKey                          : loaded 2 times (x 70B)
Class com.google.common.collect.EmptyImmutableListMultimap                            : loaded 2 times (x 174B)
Class com.google.common.collect.BaseImmutableMultimap                                 : loaded 2 times (x 121B)
Class org.jetbrains.kotlin.gradle.tasks.configuration.BaseKotlinCompileConfig$1$3$2   : loaded 2 times (x 73B)
Class org.jetbrains.kotlin.gradle.tasks.AbstractKotlinCompileTool$sources$1           : loaded 2 times (x 77B)
Class org.jetbrains.kotlin.gradle.tasks.configuration.TaskConfigAction                : loaded 2 times (x 70B)
Class org.jetbrains.kotlin.gradle.plugin.diagnostics.checkers.OverriddenKotlinNativeHomeChecker$allKonanMainSubdirectoriesExist$1: loaded 2 times (x 73B)
Class org.jetbrains.kotlin.gradle.plugin.AbstractKotlinPlugin$Companion               : loaded 2 times (x 69B)
Class org.jetbrains.kotlin.gradle.plugin.KotlinSourceSetTree                          : loaded 2 times (x 70B)
Class org.jetbrains.kotlin.gradle.plugin.KotlinPluginLifecycle$Stage                  : loaded 2 times (x 77B)
Class org.jetbrains.kotlin.gradle.plugin.mpp.compilationImpl.KotlinCreateResourcesTaskSideEffectKt$KotlinCreateResourcesTaskSideEffect$1: loaded 2 times (x 72B)
Class org.jetbrains.kotlin.gradle.plugin.sources.KotlinSourceSetFactory               : loaded 2 times (x 78B)
Class org.jetbrains.kotlin.gradle.targets.native.toolchain.KotlinNativeBundleBuildService$Parameters_Decorated: loaded 2 times (x 141B)
Class org.jetbrains.kotlin.gradle.internal.ClassLoadersCachingBuildService$Companion  : loaded 2 times (x 69B)
Class org.jetbrains.kotlin.gradle.plugin.StatisticsBuildFlowManager$subscribeForBuildResult$1$1: loaded 2 times (x 72B)
Class com.google.common.base.Joiner                                                   : loaded 2 times (x 77B)
Class com.google.common.base.MoreObjects                                              : loaded 2 times (x 69B)
Class com.intellij.util.text.ImmutableCharSequence                                    : loaded 2 times (x 89B)
Class com.intellij.util.containers.LinkedCustomHashMap                                : loaded 2 times (x 70B)
Class com.intellij.psi.impl.source.FileTrees                                          : loaded 2 times (x 70B)
Class com.intellij.psi.impl.source.SubstrateRef$StubRef                               : loaded 2 times (x 75B)
Class kotlinx.serialization.internal.PrimitiveSerialDescriptor                        : loaded 2 times (x 83B)
Class org.jetbrains.kotlin.statistics.metrics.BooleanAnonymizationPolicy              : loaded 2 times (x 83B)
Class com.intellij.psi.PsiResolveHelper                                               : loaded 2 times (x 68B)
Class com.intellij.util.LocalTimeCounter                                              : loaded 2 times (x 69B)
Class com.intellij.openapi.extensions.ExtensionPointUtil$1                            : loaded 2 times (x 76B)
Class com.intellij.openapi.util.StackOverflowPreventedException                       : loaded 2 times (x 80B)
Class com.intellij.openapi.vfs.VirtualFileFilter$2                                    : loaded 2 times (x 75B)
Class com.intellij.psi.impl.source.resolve.ResolveCache$StrongValueReference          : loaded 2 times (x 79B)
Class com.intellij.openapi.project.DumbService                                        : loaded 2 times (x 92B)
Class com.intellij.psi.PsiInvalidElementAccessException                               : loaded 2 times (x 83B)
Class org.jetbrains.kotlin.gradle.targets.native.toolchain.KotlinNativeBundleBuildService$Companion$registerIfAbsent$1: loaded 2 times (x 73B)
Class kotlinx.coroutines.scheduling.NanoTimeSource                                    : loaded 2 times (x 70B)
Class kotlinx.coroutines.BuildersKt__BuildersKt                                       : loaded 2 times (x 69B)
Class com.intellij.ide.plugins.MyXmlInterner                                          : loaded 2 times (x 74B)
Class com.intellij.codeInsight.runner.JavaMainMethodProvider                          : loaded 2 times (x 68B)
Class com.intellij.navigation.ItemPresentationProvider                                : loaded 2 times (x 68B)
Class com.intellij.util.containers.Stack                                              : loaded 2 times (x 213B)
Class com.intellij.util.ConcurrentLongObjectHashMap                                   : loaded 2 times (x 89B)
Class com.intellij.openapi.util.ObjectNode$ListNodeChildren                           : loaded 2 times (x 77B)
Class com.intellij.openapi.application.PathManager                                    : loaded 2 times (x 69B)
Class com.intellij.openapi.progress.ProgressIndicatorProvider                         : loaded 2 times (x 71B)
Class org.jetbrains.kotlin.config.LanguageOrApiVersion                                : loaded 2 times (x 68B)
Class org.jetbrains.kotlin.gradle.utils.ProviderApiUtilsKt$mapOrNull$1                : loaded 2 times (x 73B)
Class com.android.tools.lint.checks.WearMaterialThemeDetector$Companion               : loaded 2 times (x 69B)
Class com.android.tools.lint.checks.TileProviderDetector$Issues                       : loaded 2 times (x 69B)
Class com.android.tools.lint.checks.OpenForTestingDetector$Companion                  : loaded 2 times (x 69B)
Class com.android.tools.lint.checks.CredentialManagerSignInWithGoogleDetector         : loaded 2 times (x 167B)
Class org.jetbrains.kotlin.gradle.targets.CreateDefaultTestRunSideEffectKt            : loaded 2 times (x 69B)
Class org.jetbrains.kotlin.gradle.plugin.diagnostics.KotlinGradleProjectCheckersRunnerKt$launchKotlinGradleProjectCheckers$1$1: loaded 2 times (x 93B)
Class org.jetbrains.kotlin.gradle.plugin.diagnostics.checkers.AndroidSourceSetLayoutV1SourceSetsNotFoundChecker$runChecks$1: loaded 2 times (x 86B)
Class [Lorg.jetbrains.kotlin.build.report.metrics.BuildAttribute;                     : loaded 2 times (x 67B)
Class org.jetbrains.kotlin.gradle.utils.ProviderApiUtilsKt$mapOrNull$1$1              : loaded 2 times (x 73B)
Class org.jetbrains.kotlin.gradle.plugin.hierarchy.KotlinSourceSetTreeClassifier$Default: loaded 2 times (x 69B)
Class org.jetbrains.kotlin.gradle.plugin.mpp.InternalKotlinCompilationKt              : loaded 2 times (x 69B)
Class org.jetbrains.kotlin.gradle.tasks.configuration.AbstractKotlinCompileConfig     : loaded 2 times (x 70B)
Class org.jetbrains.kotlin.gradle.plugin.mpp.compilationImpl.KotlinCompilationImpl$attributes$2: loaded 2 times (x 77B)
Class org.jetbrains.kotlin.gradle.plugin.diagnostics.checkers.OverriddenKotlinNativeHomeChecker$StdlibExistenceCheckerValueSource: loaded 2 times (x 76B)
Class org.jetbrains.kotlin.gradle.utils.IsolatedKotlinClasspathClassCastException     : loaded 2 times (x 80B)
Class [Lorg.objectweb.asm.Type;                                                       : loaded 2 times (x 67B)
Class com.google.common.collect.Platform                                              : loaded 2 times (x 69B)
Class org.gradle.internal.service.ServiceLocator                                      : loaded 2 times (x 68B)
Class org.jetbrains.kotlin.psi.stubs.elements.KtClassLiteralExpressionElementType     : loaded 2 times (x 98B)
Class org.jetbrains.kotlin.psi.KtSuperTypeListEntry                                   : loaded 2 times (x 443B)
Class [Lorg.jetbrains.kotlin.psi.KtContractEffectList;                                : loaded 2 times (x 67B)
Class [Lorg.jetbrains.kotlin.psi.KtReferenceExpression;                               : loaded 2 times (x 67B)
Class org.jetbrains.kotlin.psi.KtParameterList                                        : loaded 2 times (x 452B)
Class org.jetbrains.kotlin.psi.KtCommonFile                                           : loaded 2 times (x 866B)
Class [Lcom.intellij.psi.PsiCheckedRenameElement;                                     : loaded 2 times (x 67B)
Class com.intellij.openapi.vfs.limits.FileSizeLimit                                   : loaded 2 times (x 68B)
Class kotlin.reflect.jvm.internal.KProperty2Impl$$Lambda$0                            : loaded 2 times (x 74B)
Class org.jetbrains.kotlin.gradle.plugin.diagnostics.checkers.AndroidPluginWithoutAndroidTargetChecker$runChecks$1: loaded 2 times (x 86B)
Class org.jetbrains.kotlin.konan.target.KonanTarget                                   : loaded 2 times (x 76B)
Class com.intellij.psi.scope.ElementClassHint                                         : loaded 2 times (x 68B)
Class org.jetbrains.kotlin.analysis.decompiler.psi.BuiltinsVirtualFileProviderCliImpl : loaded 2 times (x 73B)
Class com.intellij.psi.impl.PsiManagerImpl                                            : loaded 2 times (x 124B)
Class [Lcom.intellij.util.xml.dom.XmlInterner;                                        : loaded 2 times (x 67B)
Class [Lcom.intellij.openapi.components.Service$Level;                                : loaded 2 times (x 67B)
Class com.intellij.psi.search.searches.SmartExtensionPoint$1                          : loaded 2 times (x 80B)
Class com.intellij.psi.stubs.PsiClassHolderFileStub                                   : loaded 2 times (x 68B)
Class com.intellij.lang.ASTFactory$DefaultFactoryHolder                               : loaded 2 times (x 69B)
Class com.intellij.lang.PsiBuilderFactory                                             : loaded 2 times (x 75B)
Class com.intellij.util.messages.impl.CompositeMessageBusKt                           : loaded 2 times (x 69B)
Class com.intellij.util.containers.ConcurrentRefValueHashMap$ValueReference           : loaded 2 times (x 68B)
Class com.intellij.util.containers.ConcurrentRefValueHashMap                          : loaded 2 times (x 147B)
Class com.intellij.DynamicBundle                                                      : loaded 2 times (x 76B)
Class [Lcom.android.tools.lint.detector.api.Project;                                  : loaded 2 times (x 67B)
Class org.jetbrains.kotlin.js.inline.util.CollectionUtilsKt                           : loaded 2 times (x 69B)
Class com.android.tools.lint.checks.MissingResourcesPropertiesDetector                : loaded 2 times (x 150B)
Class com.android.tools.lint.checks.GradleDetector$Companion$playSdkIndexFactory$1    : loaded 2 times (x 76B)
Class com.android.tools.lint.checks.FullBackupContentDetector                         : loaded 2 times (x 151B)
Class com.android.tools.lint.checks.CredentialManagerDigitalAssetLinkDetector$Companion: loaded 2 times (x 69B)
Class com.android.tools.lint.checks.BuildListDetector$Issues                          : loaded 2 times (x 69B)
Class com.google.common.collect.Iterators$EmptyModifiableIterator                     : loaded 2 times (x 84B)
Class org.jetbrains.kotlin.gradle.ExternalKotlinTargetApi                             : loaded 2 times (x 68B)
Class org.jetbrains.kotlin.buildtools.api.jvm.ClassSnapshotGranularity                : loaded 2 times (x 77B)
Class org.jetbrains.kotlin.incremental.ClasspathChanges                               : loaded 2 times (x 69B)
Class org.apache.commons.io.FileExistsException                                       : loaded 2 times (x 80B)
Class com.google.common.collect.ImmutableSortedMap$Builder                            : loaded 2 times (x 88B)
Class com.google.common.collect.HashBiMap$BiEntry                                     : loaded 2 times (x 81B)
Class org.jetbrains.kotlin.gradle.tasks.DefaultKotlinJavaToolchain$DefaultJavaToolchainSetter$useAsConvention$1: loaded 2 times (x 73B)
Class org.jetbrains.kotlin.gradle.plugin.KotlinCompilerArgumentsProducer$CreateCompilerArgumentsContext: loaded 2 times (x 68B)
Class org.jetbrains.kotlin.gradle.utils.GradleAttributesContainerUtilsKt$copyAttributeTo$1: loaded 2 times (x 77B)
Class org.jetbrains.kotlin.gradle.plugin.diagnostics.RenderReportedDiagnosticsKt      : loaded 2 times (x 69B)
Class org.jetbrains.kotlin.gradle.plugin.hierarchy.KotlinSourceSetTreeClassifierKt$classify$1: loaded 2 times (x 86B)
Class com.google.common.collect.SingletonImmutableBiMap                               : loaded 2 times (x 141B)
Class [Lorg.jetbrains.kotlin.konan.target.KonanTarget;                                : loaded 2 times (x 67B)
Class org.jetbrains.kotlin.gradle.plugin.diagnostics.checkers.WasmSourceSetsNotFoundChecker: loaded 2 times (x 72B)
Class org.jetbrains.kotlin.gradle.plugin.diagnostics.checkers.AndroidSourceSetLayoutV1SourceSetsNotFoundChecker$androidSourceSetRegex$2: loaded 2 times (x 76B)
Class org.jetbrains.kotlin.gradle.plugin.statistics.KotlinBuildStatsLoggerService$Companion: loaded 2 times (x 69B)
Class com.google.common.base.Ascii                                                    : loaded 2 times (x 69B)
Class com.google.common.cache.LocalCache$1                                            : loaded 2 times (x 87B)
Class com.google.common.collect.AbstractMapEntry                                      : loaded 2 times (x 79B)
Class com.intellij.psi.util.PsiUtilCore$NullPsiElement                                : loaded 2 times (x 192B)
Class org.jetbrains.kotlin.psi.KtConstructorCalleeExpression                          : loaded 2 times (x 505B)
Class com.android.tools.lint.UastEnvironmentVirtualFileUtilsKt$collectFilePaths$1     : loaded 2 times (x 80B)
Class kotlin.reflect.jvm.internal.KProperty2Impl$$Lambda$1                            : loaded 2 times (x 74B)
Class com.google.common.collect.ComparatorOrdering                                    : loaded 2 times (x 113B)
Class com.intellij.util.messages.impl.ToParentMessagePublisher                        : loaded 2 times (x 75B)
Class [Lcom.fasterxml.aalto.in.PName;                                                 : loaded 2 times (x 67B)
Class kotlinx.coroutines.scheduling.GlobalQueue                                       : loaded 2 times (x 70B)
Class com.intellij.util.containers.WeakList                                           : loaded 2 times (x 121B)
Class com.intellij.psi.impl.source.tree.java.PsiJavaTokenImpl                         : loaded 2 times (x 394B)
Class com.intellij.openapi.editor.impl.DocumentImpl                                   : loaded 2 times (x 172B)
Class com.intellij.openapi.components.ComponentManager                                : loaded 2 times (x 68B)
Class com.intellij.openapi.Disposable                                                 : loaded 2 times (x 68B)
Class com.intellij.openapi.progress.ProcessCanceledException                          : loaded 2 times (x 80B)
Class com.android.tools.lint.checks.UastImplementationDetector                        : loaded 2 times (x 167B)
Class [Lorg.jetbrains.kotlin.name.FqName;                                             : loaded 2 times (x 67B)
Class com.android.tools.lint.checks.MissingIdDetector                                 : loaded 2 times (x 151B)
Class com.android.tools.lint.checks.HighSensorSamplingRateDetector                    : loaded 2 times (x 151B)
Class com.android.tools.lint.checks.FontDetector                                      : loaded 2 times (x 152B)
Class com.android.tools.lint.checks.DosLineEndingDetector$Issues                      : loaded 2 times (x 69B)
Class com.android.tools.lint.checks.AppCompatCustomViewDetector$Companion             : loaded 2 times (x 69B)
Class com.google.common.collect.ImmutableSet$SerializedForm                           : loaded 2 times (x 71B)
Class kotlin.reflect.jvm.internal.impl.builtins.functions.FunctionTypeKind$Function   : loaded 2 times (x 70B)
Class com.android.tools.lint.model.LintModelModuleReader                              : loaded 2 times (x 71B)
Class kotlin.jvm.internal.AdaptedFunctionReference                                    : loaded 2 times (x 75B)
Class com.google.common.reflect.TypeToken$SimpleTypeToken                             : loaded 2 times (x 71B)
Class com.google.common.io.CharSource$StringCharSource                                : loaded 2 times (x 84B)
Class com.google.common.io.ByteSource$ByteArrayByteSource                             : loaded 2 times (x 83B)
Class com.google.common.collect.MapMakerInternalMap$AbstractStrongKeyEntry            : loaded 2 times (x 78B)
Class com.google.common.collect.AbstractSetMultimap                                   : loaded 2 times (x 172B)
Class org.jetbrains.kotlin.gradle.plugin.KotlinCompilationWithResources               : loaded 2 times (x 68B)
Class com.google.common.collect.Sets$ImprovedAbstractSet                              : loaded 2 times (x 133B)
Class com.google.common.collect.ImmutableList$Builder                                 : loaded 2 times (x 75B)
Class org.jetbrains.kotlin.gradle.plugin.KotlinTargetPreset                           : loaded 2 times (x 68B)
Class org.jetbrains.kotlin.gradle.plugin.diagnostics.checkers.KotlinTargetAlreadyDeclaredChecker: loaded 2 times (x 72B)
Class org.jetbrains.kotlin.gradle.plugin.mpp.compilationImpl.KotlinCompilationProcessorSideEffectKt: loaded 2 times (x 69B)
Class org.jetbrains.kotlin.gradle.plugin.mpp.KotlinUsages$KotlinJavaRuntimeJarsCompatibility: loaded 2 times (x 74B)
Class org.jetbrains.kotlin.gradle.utils.FileUtilsKt$localProperties$1                 : loaded 2 times (x 73B)
Class org.jetbrains.kotlin.gradle.dsl.HasConfigurableKotlinCompilerOptions            : loaded 2 times (x 68B)
Class com.google.common.cache.LocalCache$2                                            : loaded 2 times (x 140B)
Class com.google.common.collect.AbstractMultimap                                      : loaded 2 times (x 121B)
Class com.intellij.openapi.vfs.impl.ZipHandler$1                                      : loaded 2 times (x 84B)
Class com.intellij.psi.TokenType                                                      : loaded 2 times (x 68B)
Class org.jetbrains.kotlin.psi.KtTypeArgumentList                                     : loaded 2 times (x 444B)
Class org.jetbrains.kotlin.psi.KtEnumEntrySuperclassReferenceExpression               : loaded 2 times (x 630B)
Class [Lorg.jetbrains.kotlin.psi.KtTypeConstraint;                                    : loaded 2 times (x 67B)
Class com.intellij.openapi.vfs.limits.FileSizeLimit$Companion$getLimits$$inlined$groupingBy$1: loaded 2 times (x 74B)
Class com.android.tools.lint.client.api.LintDriver$DriverMode                         : loaded 2 times (x 77B)
Class org.jetbrains.kotlin.util.PerformanceCounter                                    : loaded 2 times (x 71B)
Class com.intellij.openapi.roots.LanguageLevelProjectExtension$LanguageLevelChangeListener: loaded 2 times (x 68B)
Class com.intellij.psi.impl.source.JavaDummyElement                                   : loaded 2 times (x 283B)
Class com.intellij.core.MockDocumentCommitProcessor                                   : loaded 2 times (x 73B)
Class com.intellij.platform.util.coroutines.CoroutineScopeKt                          : loaded 2 times (x 69B)
Class org.codehaus.stax2.typed.TypedArrayDecoder                                      : loaded 2 times (x 73B)
Class kotlinx.coroutines.internal.LimitedDispatcherKt                                 : loaded 2 times (x 69B)
Class com.android.tools.lint.checks.C2dmDetector$Companion                            : loaded 2 times (x 69B)
Class com.intellij.psi.presentation.java.VariablePresentationProvider                 : loaded 2 times (x 72B)
Class com.intellij.util.Java11Shim                                                    : loaded 2 times (x 81B)
Class com.intellij.util.SmartList                                                     : loaded 2 times (x 199B)
Class org.jetbrains.kotlin.config.MavenComparableVersion$IntegerItem                  : loaded 2 times (x 78B)
Class it.unimi.dsi.fastutil.objects.Object2ObjectFunction                             : loaded 2 times (x 68B)
Class com.android.tools.lint.checks.WrongCommentTypeDetector$Issues                   : loaded 2 times (x 69B)
Class com.android.tools.lint.checks.ViewBindingTypeDetector$Companion                 : loaded 2 times (x 69B)
Class com.android.tools.lint.checks.LayoutConsistencyDetector                         : loaded 2 times (x 177B)
Class com.android.tools.lint.checks.InteroperabilityDetector                          : loaded 2 times (x 167B)
Class com.android.ide.common.gradle.Component                                         : loaded 2 times (x 70B)
Class com.android.tools.lint.checks.CordovaVersionDetector                            : loaded 2 times (x 151B)
Class com.android.tools.lint.checks.BinderGetCallingInMainThreadDetector$Companion    : loaded 2 times (x 69B)
Class com.android.tools.lint.checks.ArraySizeDetector                                 : loaded 2 times (x 152B)
Class com.android.tools.lint.detector.api.Issue$Companion                             : loaded 2 times (x 69B)
Class com.android.tools.lint.checks.StartDestinationDetector$Issues                   : loaded 2 times (x 69B)
Class kotlin.reflect.jvm.internal.impl.utils.CollectionsKt                            : loaded 2 times (x 69B)
Class org.jetbrains.kotlin.gradle.tasks.configuration.AbstractKotlinCompileConfig$2$1 : loaded 2 times (x 77B)
Class org.jetbrains.kotlin.gradle.tasks.DefaultKotlinJavaToolchain_Decorated          : loaded 2 times (x 124B)
Class org.jetbrains.kotlin.gradle.plugin.statistics.KotlinProjectConfigurationMetrics : loaded 2 times (x 69B)
Class org.jetbrains.kotlin.gradle.plugin.KotlinCompilationInfo$TCS                    : loaded 2 times (x 87B)
Class com.google.common.collect.ImmutableRangeSet$1                                   : loaded 2 times (x 207B)
Class org.jetbrains.kotlin.gradle.plugin.mpp.HasBinaries                              : loaded 2 times (x 68B)
Class org.jetbrains.kotlin.gradle.dsl.KotlinCommonOptions                             : loaded 2 times (x 68B)
Class org.jetbrains.kotlin.gradle.plugin.mpp.compilationImpl.KotlinCreateSourcesJarTaskSideEffectKt: loaded 2 times (x 69B)
Class org.jetbrains.kotlin.gradle.dsl.KotlinJvmProjectExtension                       : loaded 2 times (x 137B)
Class org.jetbrains.kotlin.gradle.plugin.KotlinGradlePluginExtensionPointInternalKt   : loaded 2 times (x 69B)
Class org.jetbrains.kotlin.gradle.targets.native.toolchain.UsesKotlinNativeBundleBuildService: loaded 2 times (x 68B)
Class org.jetbrains.kotlin.gradle.plugin.KotlinCompilerArgumentsProducer              : loaded 2 times (x 68B)
Class org.jetbrains.kotlin.build.report.metrics.ValueType                             : loaded 2 times (x 77B)
Class com.google.common.util.concurrent.AbstractFuture$UnsafeAtomicHelper$1           : loaded 2 times (x 74B)
Class org.jetbrains.kotlin.psi.KtFunctionType                                         : loaded 2 times (x 511B)
Class org.jetbrains.kotlin.psi.KtConstructor                                          : loaded 2 times (x 1272B)
Class com.intellij.psi.scope.processor.FilterScopeProcessor                           : loaded 2 times (x 82B)
Class com.intellij.psi.PsiClassType                                                   : loaded 2 times (x 128B)
Class com.intellij.psi.PsiElementFactory                                              : loaded 2 times (x 68B)
Class com.intellij.psi.search.impl.VirtualFileEnumeration                             : loaded 2 times (x 68B)
Class [Lcom.intellij.openapi.editor.event.DocumentListener;                           : loaded 2 times (x 67B)
Class com.android.tools.lint.checks.StringAuthLeakDetector                            : loaded 2 times (x 167B)
Class com.intellij.psi.compiled.ClassFileDecompilers$Decompiler                       : loaded 2 times (x 68B)
Class com.intellij.openapi.application.QueryExecutorBase                              : loaded 2 times (x 75B)
Class com.intellij.psi.stubs.LightStubBuilder                                         : loaded 2 times (x 78B)
Class com.intellij.psi.impl.source.tree.PsiCommentImpl                                : loaded 2 times (x 565B)
Class it.unimi.dsi.fastutil.objects.Object2ObjectOpenCustomHashMap                    : loaded 2 times (x 185B)
Class com.intellij.util.text.CharSequenceBackedByArray                                : loaded 2 times (x 68B)
Class com.intellij.openapi.util.UserDataHolderBase                                    : loaded 2 times (x 93B)
Class org.jetbrains.kotlin.config.CompilerConfiguration                               : loaded 2 times (x 86B)
Class com.android.tools.lint.client.api.SimplePlatformLookup$PlatformTarget           : loaded 2 times (x 99B)
Class com.android.tools.lint.checks.WrongConstructorDetector                          : loaded 2 times (x 167B)
Class com.android.tools.lint.checks.SetTextDetector                                   : loaded 2 times (x 167B)
Class com.android.tools.lint.checks.ScopedStorageDetector$Companion                   : loaded 2 times (x 69B)
Class com.android.tools.lint.checks.ActivityIconColorDetector                         : loaded 2 times (x 181B)
Class com.android.tools.lint.detector.api.ApiConstraint$SdkApiConstraint              : loaded 2 times (x 92B)
Class [Lcom.intellij.openapi.util.UserDataHolder;                                     : loaded 2 times (x 67B)
Class com.android.tools.lint.checks.UnusedResourceDetector                            : loaded 2 times (x 181B)
Class com.android.tools.lint.checks.ViewBindingTypeDetector                           : loaded 2 times (x 152B)
Class org.jetbrains.kotlin.util.Logger$Companion                                      : loaded 2 times (x 69B)
Class com.android.tools.lint.client.api.CompositeIssueRegistry                        : loaded 2 times (x 81B)
Class org.jetbrains.kotlin.cli.common.messages.MessageCollector$Companion             : loaded 2 times (x 69B)
Class com.google.common.base.Optional                                                 : loaded 2 times (x 78B)
Class org.jetbrains.kotlin.build.report.metrics.BuildTimes$Companion                  : loaded 2 times (x 69B)
Class org.jetbrains.kotlin.gradle.tasks.configuration.BaseKotlinCompileConfig$1$classpathConfiguration$1: loaded 2 times (x 73B)
Class com.google.common.collect.Range                                                 : loaded 2 times (x 85B)
Class org.jetbrains.kotlin.gradle.targets.js.npm.NpmDependencyExtensionDelegate       : loaded 2 times (x 165B)
Class org.jetbrains.kotlin.gradle.plugin.sources.FragmentConsistencyChecker           : loaded 2 times (x 70B)
Class org.jetbrains.kotlin.gradle.dsl.DefaultToolchainSupport_Decorated               : loaded 2 times (x 122B)
Class org.jetbrains.kotlin.gradle.internal.properties.NativePropertiesLoader$jvmArgs$1: loaded 2 times (x 73B)
Class org.jetbrains.kotlin.gradle.report.BuildMetricsService$Companion                : loaded 2 times (x 69B)
Class org.jetbrains.kotlin.gradle.tasks.KotlinCompileTool                             : loaded 2 times (x 68B)
Class org.jetbrains.kotlin.gradle.utils.SingleAction$PerformedActions                 : loaded 2 times (x 70B)
Class org.jetbrains.kotlin.gradle.plugin.VariantImplementationFactories$Parameters_Decorated: loaded 2 times (x 132B)
Class org.jetbrains.kotlin.gradle.plugin.PropertiesProvider$PropertyNames             : loaded 2 times (x 69B)
Class org.jetbrains.kotlin.gradle.utils.GradleUtilsKt                                 : loaded 2 times (x 69B)
Class org.jetbrains.kotlin.gradle.plugin.HasProject                                   : loaded 2 times (x 68B)
Class com.google.common.util.concurrent.AbstractFuture$Trusted                        : loaded 2 times (x 68B)
Class com.google.common.collect.Iterators                                             : loaded 2 times (x 69B)
Class org.jetbrains.kotlin.psi.KtExpressionCodeFragmentType                           : loaded 2 times (x 82B)
Class org.jetbrains.kotlin.psi.stubs.KotlinImportDirectiveStub                        : loaded 2 times (x 68B)
Class org.jetbrains.kotlin.psi.stubs.elements.KtObjectElementType                     : loaded 2 times (x 102B)
Class org.jetbrains.kotlin.psi.KtBackingField                                         : loaded 2 times (x 788B)
Class com.intellij.psi.impl.PsiElementBase                                            : loaded 2 times (x 289B)
Class kotlin.jvm.internal.PropertyReference2Impl                                      : loaded 2 times (x 125B)
Class org.jetbrains.kotlin.cli.jvm.compiler.MockInferredAnnotationsManager            : loaded 2 times (x 72B)
Class com.fasterxml.aalto.util.XmlConsts                                              : loaded 2 times (x 68B)
Class com.fasterxml.aalto.impl.CommonConfig                                           : loaded 2 times (x 75B)
Class com.intellij.util.text.StringKt                                                 : loaded 2 times (x 69B)
Class com.intellij.openapi.util.registry.RegistryValue                                : loaded 2 times (x 77B)
Class com.intellij.openapi.extensions.impl.ExtensionPointImpl$Companion               : loaded 2 times (x 69B)
Class com.intellij.util.ConcurrentLongObjectHashMap$TreeBin                           : loaded 2 times (x 76B)
Class io.opentelemetry.api.trace.DefaultTracerProvider                                : loaded 2 times (x 77B)
Class com.intellij.psi.stubs.StubTree                                                 : loaded 2 times (x 79B)
Class com.intellij.model.psi.UrlReferenceHost                                         : loaded 2 times (x 68B)
Class com.intellij.lang.DefaultASTFactory                                             : loaded 2 times (x 68B)
Class com.intellij.openapi.application.ApplicationManager                             : loaded 2 times (x 69B)
Class com.intellij.psi.impl.source.tree.OwnBufferLeafPsiElement                       : loaded 2 times (x 322B)
Class com.android.tools.lint.checks.WrongIdDetector                                   : loaded 2 times (x 152B)
Class com.android.tools.lint.checks.WebViewClientDetector                             : loaded 2 times (x 167B)
Class com.android.tools.lint.checks.NoOpDetector$Issues                               : loaded 2 times (x 69B)
Class com.android.tools.lint.checks.EmptySuperDetector$Companion                      : loaded 2 times (x 69B)
Class [Lkotlinx.collections.immutable.implementations.immutableSet.TrieNodeIterator;  : loaded 2 times (x 67B)
Class com.android.tools.lint.model.LintModelVariantReader                             : loaded 2 times (x 71B)
Class com.intellij.util.io.DataOutputStream                                           : loaded 2 times (x 103B)
Class kotlin.reflect.jvm.internal.impl.builtins.functions.FunctionTypeKind$SuspendFunction: loaded 2 times (x 70B)
Class com.intellij.psi.presentation.java.ClassPresentationProvider                    : loaded 2 times (x 72B)
Class com.google.common.io.ByteSink$AsCharSink                                        : loaded 2 times (x 78B)
Class com.google.common.collect.ExplicitOrdering                                      : loaded 2 times (x 113B)
Class org.jetbrains.kotlin.gradle.tasks.configuration.AbstractKotlinCompileConfig$2$3 : loaded 2 times (x 73B)
Class org.jetbrains.kotlin.gradle.tasks.configuration.BaseKotlinCompileConfig         : loaded 2 times (x 70B)
Class org.jetbrains.kotlin.gradle.plugin.mpp.compilationImpl.factory.KotlinCompilationImplFactory$KotlinCompilationTaskNamesContainerFactory: loaded 2 times (x 68B)
Class org.jetbrains.kotlin.gradle.internal.KotlinDependenciesManagementKt$CustomizeKotlinDependenciesSetupAction$1$coreLibrariesVersion$1: loaded 2 times (x 77B)
Class org.jetbrains.kotlin.gradle.plugin.diagnostics.checkers.CInteropInputChecker$runChecks$1: loaded 2 times (x 86B)
Class org.jetbrains.kotlin.gradle.ExperimentalKotlinGradlePluginApi                   : loaded 2 times (x 68B)
Class org.jetbrains.kotlin.gradle.internal.properties.NativePropertiesLoader          : loaded 2 times (x 84B)
Class org.jetbrains.kotlin.statistics.metrics.NumberAnonymizationPolicy$SAFE          : loaded 2 times (x 83B)
Class org.jetbrains.kotlin.gradle.plugin.statistics.BuildFusService                   : loaded 2 times (x 82B)
Class com.google.common.util.concurrent.UncheckedExecutionException                   : loaded 2 times (x 80B)
Class com.intellij.psi.AbstractBasicJavaFile                                          : loaded 2 times (x 68B)
Class org.jetbrains.kotlin.psi.stubs.KotlinClassifierStub                             : loaded 2 times (x 68B)
Class org.jetbrains.kotlin.psi.stubs.elements.KtStubElementType                       : loaded 2 times (x 98B)
Class org.jetbrains.kotlin.psi.KtFile$Companion                                       : loaded 2 times (x 69B)
Class org.jetbrains.kotlin.platform.jvm.JvmPlatforms                                  : loaded 2 times (x 69B)
Class kotlinx.serialization.internal.LinkedHashMapClassDesc                           : loaded 2 times (x 94B)
Class com.intellij.openapi.components.ServiceDescriptor$PreloadMode                   : loaded 2 times (x 77B)
Class com.intellij.psi.impl.PsiConstantEvaluationHelperImpl                           : loaded 2 times (x 72B)
Class com.intellij.core.CorePsiDocumentManager                                        : loaded 2 times (x 134B)
Class com.intellij.mock.MockFileIndexFacade                                           : loaded 2 times (x 84B)
Class org.jetbrains.kotlin.parsing.KotlinParserDefinition$Companion                   : loaded 2 times (x 69B)
Class org.codehaus.stax2.ri.typed.ValueDecoderFactory$FloatDecoder                    : loaded 2 times (x 82B)
Class com.intellij.lexer.MergingLexerAdapter                                          : loaded 2 times (x 85B)
Class com.intellij.psi.impl.source.resolve.reference.PsiReferenceRegistrarImpl        : loaded 2 times (x 86B)
Class com.intellij.openapi.editor.impl.IntervalTree                                   : loaded 2 times (x 68B)
Class org.jetbrains.kotlin.config.MavenComparableVersion                              : loaded 2 times (x 76B)
Class com.android.tools.lint.checks.TypographyDetector$Companion                      : loaded 2 times (x 69B)
Class com.android.tools.lint.checks.RestrictToDetector$Companion                      : loaded 2 times (x 69B)
Class com.android.tools.lint.checks.PxUsageDetector                                   : loaded 2 times (x 151B)
Class com.android.tools.lint.checks.MediaBrowserServiceCompatVersionDetector$Issues   : loaded 2 times (x 69B)
Class com.intellij.pom.Navigatable                                                    : loaded 2 times (x 68B)
Class com.android.tools.lint.detector.api.Location$Companion$NONE$1                   : loaded 2 times (x 79B)
Class com.intellij.psi.impl.search.MethodSuperSearcher                                : loaded 2 times (x 75B)
Class kotlinx.coroutines.EventLoop_commonKt                                           : loaded 2 times (x 69B)
Class com.android.tools.lint.checks.optional.AospIssueRegistry                        : loaded 2 times (x 80B)
Class org.jetbrains.kotlin.gradle.tasks.configuration.AbstractKotlinCompileConfig$2$4 : loaded 2 times (x 73B)
Class org.jetbrains.kotlin.gradle.tasks.KotlinCompile$scriptSources$1                 : loaded 2 times (x 73B)
Class org.jetbrains.kotlin.build.report.metrics.BuildAttribute$Companion              : loaded 2 times (x 69B)
Class org.jetbrains.kotlin.gradle.plugin.diagnostics.checkers.CInteropInputChecker$runChecks$2: loaded 2 times (x 73B)
Class org.jetbrains.kotlin.gradle.tasks.configuration.KaptGenerateStubsConfig$Companion: loaded 2 times (x 69B)
Class org.jetbrains.kotlin.gradle.internal.KotlinTestDependencyManagementKt$maybeAddTestDependencyCapability$1: loaded 2 times (x 73B)
Class com.google.common.collect.ImmutableSortedSetFauxverideShim                      : loaded 2 times (x 145B)
Class org.jetbrains.kotlin.gradle.plugin.diagnostics.CheckKotlinGradlePluginConfigurationErrorsKt: loaded 2 times (x 69B)
Class org.jetbrains.kotlin.gradle.targets.js.npm.NpmDependencyExtensionKt$AddNpmDependencyExtensionProjectSetupAction$1$WhenMappings: loaded 2 times (x 69B)
Class org.jetbrains.kotlin.gradle.plugin.mpp.KotlinJvmAndroidCompilation              : loaded 2 times (x 196B)
Class org.jetbrains.kotlin.gradle.targets.CreateDefaultCompilationsSideEffectKt$CreateDefaultCompilationsSideEffect$1: loaded 2 times (x 72B)
Class org.jetbrains.kotlin.gradle.targets.native.internal.AddKotlinPlatformIntegersSupportLibraryKt$AddKotlinPlatformIntegersSupportLibrary$1: loaded 2 times (x 93B)
Class org.jetbrains.kotlin.gradle.plugin.mpp.ApplyUserDefinedAttributesKt             : loaded 2 times (x 69B)
Class org.jetbrains.kotlin.tooling.core.TypeUtils$WhenMappings                        : loaded 2 times (x 69B)
Class org.jetbrains.kotlin.gradle.utils.FutureImpl                                    : loaded 2 times (x 78B)
Class org.jetbrains.kotlin.gradle.internal.properties.NativePropertiesLoader$isToolchainEnabled$1: loaded 2 times (x 73B)
Class [Lorg.jetbrains.kotlin.statistics.metrics.NumericalMetrics;                     : loaded 2 times (x 67B)
Class org.gradle.internal.InternalTransformer                                         : loaded 2 times (x 68B)
Class com.intellij.psi.impl.ResolveScopeManager                                       : loaded 2 times (x 72B)
Class com.intellij.psi.impl.PsiFileEx                                                 : loaded 2 times (x 68B)
Class kotlin.collections.builders.SetBuilder$Companion                                : loaded 2 times (x 69B)
Class com.fasterxml.aalto.in.ByteBasedPNameFactory                                    : loaded 2 times (x 69B)
Class org.codehaus.stax2.ri.typed.ValueDecoderFactory$IntDecoder                      : loaded 2 times (x 82B)
Class kotlinx.coroutines.internal.ThreadLocalKt                                       : loaded 2 times (x 69B)
Class com.intellij.openapi.components.Service$Level                                   : loaded 2 times (x 77B)
Class com.intellij.openapi.command.CommandProcessorEx                                 : loaded 2 times (x 94B)
Class com.intellij.util.ConcurrentLongObjectHashMap$ForwardingNode                    : loaded 2 times (x 75B)
Class com.intellij.openapi.vfs.impl.ZipHandlerBase                                    : loaded 2 times (x 87B)
Class com.android.tools.lint.FirUastEnvironment$Configuration                         : loaded 2 times (x 86B)
Class it.unimi.dsi.fastutil.ints.Int2ObjectFunction                                   : loaded 2 times (x 68B)
Class it.unimi.dsi.fastutil.objects.ObjectBidirectionalIterable                       : loaded 2 times (x 68B)
Class com.intellij.core.CoreInjectedLanguageManager                                   : loaded 2 times (x 92B)
Class com.intellij.pom.PomRenameableTarget                                            : loaded 2 times (x 68B)
Class com.intellij.lang.jvm.JvmModifiersOwner                                         : loaded 2 times (x 68B)
Class com.android.tools.lint.checks.AndroidAutoDetector                               : loaded 2 times (x 177B)
Class org.jetbrains.kotlin.analysis.api.standalone.base.projectStructure.AnalysisApiServiceRegistrar: loaded 2 times (x 68B)
Class com.android.tools.lint.UastEnvironmentVirtualFileUtilsKt                        : loaded 2 times (x 69B)
Class org.jetbrains.kotlin.psi.KtUserType                                             : loaded 2 times (x 510B)
Class org.jetbrains.kotlin.psi.stubs.elements.KtEnumEntrySuperClassReferenceExpressionElementType: loaded 2 times (x 98B)
Class com.google.common.collect.ListMultimap                                          : loaded 2 times (x 68B)
Class org.jetbrains.kotlin.gradle.plugin.sources.DefaultKotlinSourceSetFactory        : loaded 2 times (x 78B)
Class org.jetbrains.kotlin.gradle.plugin.diagnostics.ToolingDiagnostic                : loaded 2 times (x 70B)
Class org.jetbrains.kotlin.gradle.tasks.TasksProviderKt                               : loaded 2 times (x 69B)
Class com.google.common.collect.ImmutableBiMap$Builder                                : loaded 2 times (x 80B)
Class com.google.common.collect.HashMultimapGwtSerializationDependencies              : loaded 2 times (x 172B)
Class org.jetbrains.kotlin.gradle.tasks.CompileUsingKotlinDaemonWithNormalization     : loaded 2 times (x 68B)
Class org.jetbrains.kotlin.gradle.plugin.mpp.compilationImpl.factory.KotlinCompilationImplFactory$PostConfigure$Companion: loaded 2 times (x 69B)
Class com.google.common.collect.AbstractMapBasedMultimap$KeySet$1                     : loaded 2 times (x 80B)
Class org.jetbrains.kotlin.gradle.internal.KotlinDomApiDependencyManagementKt$configureKotlinDomApiDefaultDependency$1: loaded 2 times (x 77B)
Class org.jetbrains.kotlin.gradle.targets.js.npm.DefaultDevNpmDependencyExtension     : loaded 2 times (x 143B)
Class [Lorg.jetbrains.kotlin.gradle.plugin.HasKotlinDependencies;                     : loaded 2 times (x 67B)
Class org.jetbrains.kotlin.gradle.tasks.DefaultKotlinJavaToolchain$Companion$wireJvmTargetToToolchain$1: loaded 2 times (x 73B)
Class org.jetbrains.kotlin.gradle.plugin.diagnostics.checkers.JsLikeEnvironmentChecker: loaded 2 times (x 74B)
Class org.jetbrains.kotlin.gradle.plugin.KotlinPlatformType                           : loaded 2 times (x 80B)
Class org.jetbrains.kotlin.gradle.internal.properties.PropertiesBuildServiceKt        : loaded 2 times (x 69B)
Class org.jetbrains.kotlin.gradle.plugin.KotlinGradleBuildServices$Companion          : loaded 2 times (x 69B)
Class org.objectweb.asm.ClassWriter                                                   : loaded 2 times (x 104B)
Class com.google.common.cache.CacheLoader$UnsupportedLoadingOperationException        : loaded 2 times (x 80B)
Class org.gradle.internal.classloader.ClasspathUtil$1                                 : loaded 2 times (x 74B)
Class com.intellij.util.containers.hash.EqualityPolicy                                : loaded 2 times (x 68B)
Class com.intellij.psi.impl.source.PsiJavaFileBaseImpl                                : loaded 2 times (x 962B)
Class [Lorg.jetbrains.kotlin.psi.KtBlockStringTemplateEntry;                          : loaded 2 times (x 67B)
Class org.jetbrains.kotlin.types.model.KotlinTypeMarker                               : loaded 2 times (x 68B)
Class org.jetbrains.kotlin.psi.KtDeclarationWithInitializer                           : loaded 2 times (x 68B)
Class org.jetbrains.kotlin.psi.KtElementImplStub                                      : loaded 2 times (x 441B)
Class it.unimi.dsi.fastutil.objects.ObjectOpenHashSet                                 : loaded 2 times (x 185B)
Class com.intellij.psi.impl.source.resolve.JavaResolveCache$1                         : loaded 2 times (x 76B)
Class com.intellij.psi.scope.NameHint                                                 : loaded 2 times (x 68B)
Class com.intellij.psi.PsiPolyVariantReference                                        : loaded 2 times (x 68B)
Class com.intellij.psi.impl.PsiCachedValueImpl$DirectTracked                          : loaded 2 times (x 93B)
Class com.intellij.psi.util.CachedValueProvider                                       : loaded 2 times (x 68B)
Class com.intellij.psi.PsiDocumentManager                                             : loaded 2 times (x 93B)
Class org.jetbrains.kotlin.konan.target.KonanTarget$ANDROID_ARM32                     : loaded 2 times (x 76B)
Class kotlinx.coroutines.JobSupport                                                   : loaded 2 times (x 130B)
Class com.intellij.psi.search.searches.SmartExtensionPoint                            : loaded 2 times (x 70B)
Class com.intellij.psi.presentation.java.MethodPresentationProvider                   : loaded 2 times (x 72B)
Class com.intellij.psi.impl.file.PsiPackageImplementationHelper                       : loaded 2 times (x 75B)
Class com.intellij.openapi.extensions.impl.ExtensionPointImplKt                       : loaded 2 times (x 69B)
Class com.intellij.lang.java.lexer.JavaLexer                                          : loaded 2 times (x 82B)
Class com.intellij.openapi.progress.Task                                              : loaded 2 times (x 93B)
Class com.intellij.psi.impl.source.tree.PsiWhiteSpaceImpl                             : loaded 2 times (x 393B)
Class com.intellij.psi.impl.source.tree.CompositeElement                              : loaded 2 times (x 233B)
Class com.intellij.psi.impl.ReparseableASTNode                                        : loaded 2 times (x 68B)
Class com.intellij.util.messages.impl.BusState$Disposed                               : loaded 2 times (x 70B)
Class com.intellij.openapi.extensions.impl.InterfaceExtensionPoint                    : loaded 2 times (x 95B)
Class com.intellij.util.keyFMap.KeyFMap                                               : loaded 2 times (x 68B)
Class com.intellij.util.containers.ObjectIntMap                                       : loaded 2 times (x 68B)
Class com.android.tools.lint.checks.Utf8Detector                                      : loaded 2 times (x 151B)
Class com.android.tools.lint.checks.ShortcutUsageDetector                             : loaded 2 times (x 167B)
Class com.android.tools.lint.checks.ManifestResourceDetector                          : loaded 2 times (x 151B)
Class com.android.tools.lint.checks.CanvasSizeDetector                                : loaded 2 times (x 167B)
Class com.google.common.collect.ImmutableRangeSet                                     : loaded 2 times (x 113B)
Class org.jetbrains.kotlin.gradle.plugin.mpp.compilationImpl.DefaultKotlinCompilationConfigurationsContainer: loaded 2 times (x 83B)
Class com.android.tools.lint.CliConfiguration                                         : loaded 2 times (x 104B)
Class kotlin.reflect.jvm.internal.impl.builtins.StandardNames$FqNames                 : loaded 2 times (x 69B)
Class com.google.common.collect.FluentIterable$1                                      : loaded 2 times (x 79B)
Class com.google.common.base.Objects                                                  : loaded 2 times (x 69B)
Class org.jetbrains.kotlin.gradle.plugin.diagnostics.TransformActionUsingKotlinToolingDiagnostics$Companion: loaded 2 times (x 69B)
Class org.jetbrains.kotlin.gradle.plugin.BuildFinishedListenerService$Companion$registerIfAbsent$1: loaded 2 times (x 72B)
Class com.google.common.collect.AbstractMapBasedMultimap$Itr                          : loaded 2 times (x 81B)
Class org.jetbrains.kotlin.gradle.plugin.diagnostics.ToolingDiagnosticRenderingOptions$Companion: loaded 2 times (x 69B)
Class org.jetbrains.kotlin.gradle.dsl.KotlinJvmCompilerOptionsHelper                  : loaded 2 times (x 69B)
Class org.jetbrains.kotlin.gradle.tasks.DefaultKotlinJavaToolchain$Companion$wireJvmTargetToToolchain$2: loaded 2 times (x 73B)
Class org.jetbrains.kotlin.gradle.plugin.ProjectLocalConfigurations$ProjectLocalDisambiguation: loaded 2 times (x 74B)
Class org.jetbrains.kotlin.gradle.plugin.mpp.apple.swiftexport.internal.SwiftExportInitKt: loaded 2 times (x 69B)
Class org.jetbrains.kotlin.gradle.internal.properties.PropertiesBuildService$NullableStringGradleProperty: loaded 2 times (x 74B)
Class org.jetbrains.kotlin.gradle.plugin.KotlinGradleBuildServices$detectKotlinPluginLoadedInMultipleProjects$onRegister$1$1: loaded 2 times (x 73B)
Class org.jetbrains.kotlin.gradle.plugin.internal.ConfigurationCacheStartParameterAccessor$Factory: loaded 2 times (x 68B)
Class org.objectweb.asm.FieldVisitor                                                  : loaded 2 times (x 75B)
Class com.google.common.collect.IndexedImmutableSet                                   : loaded 2 times (x 148B)
Class com.google.common.collect.ImmutableMap$1                                        : loaded 2 times (x 79B)
Class org.gradle.api.internal.classpath.DefaultModuleRegistry$DefaultModule           : loaded 2 times (x 84B)
Class com.intellij.openapi.vfs.VirtualFileVisitor$Result                              : loaded 2 times (x 70B)
Class org.jetbrains.kotlin.psi.stubs.elements.KtScriptElementType                     : loaded 2 times (x 98B)
Class [Lorg.jetbrains.kotlin.psi.KtSuperTypeEntry;                                    : loaded 2 times (x 67B)
Class [Lorg.jetbrains.kotlin.psi.KtSimpleNameExpression;                              : loaded 2 times (x 67B)
Class org.jetbrains.kotlin.psi.KtTypeConstraint                                       : loaded 2 times (x 569B)
Class org.jetbrains.kotlin.platform.jvm.JvmPlatform                                   : loaded 2 times (x 73B)
Class org.jetbrains.kotlin.gradle.utils.CompatibilityKt                               : loaded 2 times (x 69B)
Class com.intellij.util.containers.ConcurrentWeakKeySoftValueHashMap$KeyReference     : loaded 2 times (x 68B)
Class com.intellij.openapi.util.LowMemoryWatcher                                      : loaded 2 times (x 70B)
Class com.intellij.psi.impl.PsiTreeChangePreprocessor                                 : loaded 2 times (x 68B)
Class com.google.common.collect.AbstractIterator$1                                    : loaded 2 times (x 69B)
Class com.intellij.lang.PsiBuilder                                                    : loaded 2 times (x 68B)
Class com.intellij.util.containers.DisposableWrapperList                              : loaded 2 times (x 197B)
Class com.intellij.util.pico.AmbiguousComponentResolutionException                    : loaded 2 times (x 80B)
Class com.intellij.util.messages.impl.BusState                                        : loaded 2 times (x 69B)
Class com.intellij.core.CoreApplicationEnvironment                                    : loaded 2 times (x 91B)
Class com.intellij.openapi.util.CheckedDisposable                                     : loaded 2 times (x 68B)
Class it.unimi.dsi.fastutil.objects.AbstractObjectSortedSet                           : loaded 2 times (x 299B)
Class org.apache.commons.io.output.StringBuilderWriter                                : loaded 2 times (x 98B)
Class com.android.tools.lint.checks.SyntheticAccessorDetector$Companion               : loaded 2 times (x 69B)
Class com.android.tools.lint.checks.StringCasingDetector                              : loaded 2 times (x 152B)
Class com.android.tools.lint.checks.NotificationPermissionDetector                    : loaded 2 times (x 175B)
Class org.jetbrains.kotlin.name.ClassId                                               : loaded 2 times (x 70B)
Class com.android.tools.lint.checks.LocaleDetector                                    : loaded 2 times (x 167B)
Class com.android.tools.lint.checks.FileEndsWithDetector                              : loaded 2 times (x 167B)
Class com.android.tools.lint.checks.CredentialManagerDigitalAssetLinkDetector         : loaded 2 times (x 167B)
Class com.android.tools.lint.checks.AssertDetector$Issues                             : loaded 2 times (x 69B)
Class com.intellij.psi.PsiJvmMember                                                   : loaded 2 times (x 68B)
Class [Lorg.apache.commons.io.StandardLineSeparator;                                  : loaded 2 times (x 67B)
Class com.android.tools.lint.LintCliClient                                            : loaded 2 times (x 169B)
Class com.google.common.reflect.Reflection                                            : loaded 2 times (x 69B)
Class org.jetbrains.kotlin.buildtools.api.KotlinLogger                                : loaded 2 times (x 68B)
Class org.jetbrains.kotlin.gradle.internal.transforms.BuildToolsApiClasspathEntrySnapshotTransform$Parameters$Inject: loaded 2 times (x 116B)
Class com.google.common.collect.FluentIterable$2                                      : loaded 2 times (x 79B)
Class com.google.common.base.Absent                                                   : loaded 2 times (x 78B)
Class com.google.common.collect.NullsFirstOrdering                                    : loaded 2 times (x 113B)
Class org.jetbrains.kotlin.gradle.plugin.diagnostics.CheckKotlinGradlePluginConfigurationErrors_Decorated: loaded 2 times (x 363B)
Class org.jetbrains.kotlin.gradle.plugin.mpp.compilationImpl.KotlinCompilationSourceSetInclusion$DefaultAddSourcesToCompileTask$addSources$1: loaded 2 times (x 77B)
Class org.jetbrains.kotlin.gradle.plugin.diagnostics.checkers.WasmSourceSetsNotFoundChecker$wasmSourceSetRegex$2: loaded 2 times (x 76B)
Class org.jetbrains.kotlin.gradle.plugin.mpp.compilationImpl.KotlinCompilationSideEffect: loaded 2 times (x 68B)
Class org.jetbrains.kotlin.gradle.plugin.KotlinGradlePluginExtensionPoint             : loaded 2 times (x 68B)
Class org.jetbrains.kotlin.tooling.core.ExtrasUtilsKt                                 : loaded 2 times (x 69B)
Class org.jetbrains.kotlin.buildtools.api.ExperimentalBuildToolsApi                   : loaded 2 times (x 68B)
Class org.jetbrains.kotlin.gradle.utils.ResourceUtilsKt                               : loaded 2 times (x 69B)
Class org.jetbrains.kotlin.gradle.plugin.KotlinPluginWrapperKt$kotlinPluginVersionFromResources$1: loaded 2 times (x 76B)
Class com.google.common.collect.AbstractIterator                                      : loaded 2 times (x 80B)
Class org.jetbrains.kotlin.analysis.api.impl.base.util.LibraryUtils                   : loaded 2 times (x 69B)
Class org.jetbrains.kotlin.psi.KtContextReceiverList                                  : loaded 2 times (x 441B)
Class org.jetbrains.kotlin.psi.stubs.elements.KtContextReceiverElementType            : loaded 2 times (x 98B)
Class [Lorg.jetbrains.kotlin.psi.KtPureClassOrObject;                                 : loaded 2 times (x 67B)
Class [Lorg.jetbrains.kotlin.psi.KtDeclaration;                                       : loaded 2 times (x 67B)
Class com.intellij.openapi.vfs.PersistentFSConstants                                  : loaded 2 times (x 69B)
Class org.jetbrains.kotlin.platform.TargetPlatform                                    : loaded 2 times (x 117B)
Class [Lcom.intellij.openapi.components.ServiceDescriptor$PreloadMode;                : loaded 2 times (x 67B)
Class kotlin.reflect.jvm.internal.KProperty2Impl                                      : loaded 2 times (x 126B)
Class com.intellij.psi.JavaPsiFacade                                                  : loaded 2 times (x 84B)
Class com.intellij.openapi.vfs.NonPhysicalFileSystem                                  : loaded 2 times (x 68B)
Class [Lcom.android.tools.lint.checks.BinderGetCallingInMainThreadDetector$Method;    : loaded 2 times (x 67B)
Class kotlinx.coroutines.ExecutorCoroutineDispatcher                                  : loaded 2 times (x 105B)
Class com.intellij.psi.PsiVariable                                                    : loaded 2 times (x 68B)
Class com.intellij.psi.stubs.BinaryFileStubBuilder$CompositeBinaryFileStubBuilder     : loaded 2 times (x 68B)
Class com.intellij.openapi.util.Condition$1                                           : loaded 2 times (x 84B)
Class com.intellij.util.graph.Graph                                                   : loaded 2 times (x 68B)
Class [Lcom.intellij.util.containers.ConcurrentLongObjectMap$LongEntry;               : loaded 2 times (x 67B)
Class com.intellij.platform.diagnostic.telemetry.TelemetryManagerKt                   : loaded 2 times (x 69B)
Class com.intellij.openapi.progress.PerformInBackgroundOption                         : loaded 2 times (x 68B)
Class com.intellij.openapi.vfs.VirtualFileListener                                    : loaded 2 times (x 68B)
Class com.intellij.openapi.fileTypes.FileTypeExtension                                : loaded 2 times (x 88B)
Class org.jetbrains.kotlin.cli.jvm.compiler.CompatKt                                  : loaded 2 times (x 69B)
Class com.android.tools.lint.checks.TranslationDetector$Companion                     : loaded 2 times (x 69B)
Class com.intellij.lang.jvm.types.JvmPrimitiveTypeKind                                : loaded 2 times (x 70B)
Class com.android.tools.lint.checks.RestrictToDetector                                : loaded 2 times (x 167B)
Class com.intellij.psi.PsiParameterListOwner                                          : loaded 2 times (x 68B)
Class com.android.tools.lint.checks.KeyboardNavigationDetector                        : loaded 2 times (x 151B)
Class com.google.common.collect.FluentIterable$3                                      : loaded 2 times (x 79B)
Class org.jetbrains.kotlin.gradle.tasks.UsesKotlinJavaToolchain$DefaultImpls          : loaded 2 times (x 69B)
Class org.jetbrains.kotlin.build.report.metrics.BuildAttributeKind$Companion          : loaded 2 times (x 69B)
Class org.jetbrains.kotlin.gradle.plugin.mpp.KotlinTargetSoftwareComponentImplKt$KotlinTargetSoftwareComponent$1$1$1: loaded 2 times (x 73B)
Class org.jetbrains.kotlin.gradle.tasks.configuration.KaptGenerateStubsConfig$Companion$configureLibraries$1: loaded 2 times (x 77B)
Class org.jetbrains.kotlin.gradle.plugin.mpp.compilationImpl.KotlinCompilationSourceSetInclusion$DefaultAddSourcesToCompileTask$addSources$2: loaded 2 times (x 77B)
Class org.jetbrains.kotlin.gradle.tasks.AbstractKotlinCompile                         : loaded 2 times (x 451B)
Class org.jetbrains.kotlin.gradle.plugin.KotlinCompilationOutput                      : loaded 2 times (x 68B)
Class org.jetbrains.kotlin.gradle.plugin.diagnostics.CheckKotlinGradlePluginConfigurationErrorsKt$addDependsOnFromTasksThatShouldFailWhenErrorsReported$1: loaded 2 times (x 73B)
Class org.jetbrains.kotlin.konan.target.KonanTarget$TVOS_X64                          : loaded 2 times (x 76B)
Class org.jetbrains.kotlin.gradle.plugin.diagnostics.KotlinToolingDiagnosticsSetupActionKt: loaded 2 times (x 69B)
Class org.jetbrains.kotlin.gradle.plugin.KotlinGradleBuildServices$Parameters$Inject  : loaded 2 times (x 104B)
Class org.jetbrains.kotlin.gradle.plugin.statistics.BuildFusService$Companion$registerIfAbsentImpl$2: loaded 2 times (x 73B)
Class org.jetbrains.kotlin.gradle.plugin.KotlinPluginWrapperKt$kotlinPluginVersionFromResources$1$1: loaded 2 times (x 69B)
Class com.google.common.collect.Multiset                                              : loaded 2 times (x 68B)
Class com.google.common.collect.ArrayListMultimapGwtSerializationDependencies         : loaded 2 times (x 170B)
Class com.google.common.collect.ObjectArrays                                          : loaded 2 times (x 69B)
Class com.google.common.collect.AbstractIndexedListIterator                           : loaded 2 times (x 94B)
Class [Lorg.jetbrains.kotlin.psi.KtAnnotation;                                        : loaded 2 times (x 67B)
Class com.android.tools.lint.checks.ManifestTypoDetector                              : loaded 2 times (x 151B)
Class com.intellij.psi.impl.source.DummyHolder                                        : loaded 2 times (x 723B)
Class com.intellij.psi.PsiQualifiedReferenceElement                                   : loaded 2 times (x 68B)
Class com.intellij.psi.impl.file.PsiDirectoryFactoryImpl                              : loaded 2 times (x 75B)
Class com.intellij.psi.util.CachedValue                                               : loaded 2 times (x 68B)
Class com.intellij.psi.impl.file.impl.FileManagerImpl                                 : loaded 2 times (x 82B)
Class com.intellij.psi.impl.file.impl.FileManager                                     : loaded 2 times (x 68B)
Class org.jetbrains.kotlin.analysis.decompiler.stub.file.ClsKotlinBinaryClassCache    : loaded 2 times (x 70B)
Class kotlinx.coroutines.Job                                                          : loaded 2 times (x 68B)
Class com.intellij.openapi.util.Condition$2                                           : loaded 2 times (x 84B)
Class com.intellij.openapi.extensions.impl.BeanExtensionPoint                         : loaded 2 times (x 98B)
Class com.intellij.openapi.vfs.VirtualFileMoveEvent                                   : loaded 2 times (x 82B)
Class com.intellij.openapi.editor.impl.RedBlackTree                                   : loaded 2 times (x 91B)
Class [Lcom.intellij.openapi.fileTypes.FileType;                                      : loaded 2 times (x 67B)
Class com.intellij.ide.plugins.DisabledPluginsState                                   : loaded 2 times (x 85B)
Class it.unimi.dsi.fastutil.objects.AbstractReference2ObjectFunction                  : loaded 2 times (x 98B)
Class com.intellij.openapi.util.ObjectTree                                            : loaded 2 times (x 70B)
Class it.unimi.dsi.fastutil.ints.Int2ObjectMap$FastEntrySet                           : loaded 2 times (x 68B)
Class com.intellij.openapi.diagnostic.Logger$Factory                                  : loaded 2 times (x 68B)
Class com.android.tools.lint.checks.ResourcePrefixDetector                            : loaded 2 times (x 156B)
Class [Lorg.jetbrains.kotlin.name.ClassId;                                            : loaded 2 times (x 67B)
Class com.android.tools.lint.checks.MissingInflatedIdDetector$Companion               : loaded 2 times (x 69B)
Class com.android.tools.lint.detector.api.Option                                      : loaded 2 times (x 74B)
Class com.intellij.psi.PsiTarget                                                      : loaded 2 times (x 68B)
Class com.intellij.psi.PsiType$Stub                                                   : loaded 2 times (x 103B)
Class [Lcom.intellij.psi.PsiElement;                                                  : loaded 2 times (x 67B)
Class [Lorg.jetbrains.kotlin.config.LanguageOrApiVersion;                             : loaded 2 times (x 67B)
Class com.intellij.mock.MockApplication                                               : loaded 2 times (x 432B)
Class kotlin.reflect.jvm.internal.impl.builtins.jvm.JavaToKotlinClassMap              : loaded 2 times (x 69B)
Class org.apache.commons.io.output.NullOutputStream                                   : loaded 2 times (x 83B)
Class org.jetbrains.kotlin.tooling.core.Extras$Entry                                  : loaded 2 times (x 70B)
Class org.jetbrains.kotlin.gradle.plugin.sources.InternalKotlinSourceSetKt            : loaded 2 times (x 69B)
Class org.jetbrains.kotlin.gradle.internal.Kapt3GradleSubplugin$Kapt3SubpluginContext : loaded 2 times (x 70B)
Class org.jetbrains.kotlin.gradle.artifacts.KotlinTargetArtifact                      : loaded 2 times (x 68B)
Class org.jetbrains.kotlin.gradle.dsl.KotlinJvmCompilerOptionsDefault_Decorated       : loaded 2 times (x 166B)
Class org.jetbrains.kotlin.gradle.plugin.HasKotlinDependencies                        : loaded 2 times (x 68B)
Class org.jetbrains.kotlin.gradle.targets.native.toolchain.KotlinNativeBundleBuildService$Companion: loaded 2 times (x 69B)
Class org.jetbrains.kotlin.gradle.plugin.BuildEventsListenerRegistryHolder_Decorated  : loaded 2 times (x 117B)
Class org.jetbrains.kotlin.gradle.plugin.statistics.BuildFusService$Companion$registerIfAbsentImpl$2$1: loaded 2 times (x 73B)
Class org.jetbrains.kotlin.gradle.plugin.statistics.MetricContainer                   : loaded 2 times (x 70B)
Class org.jetbrains.kotlin.gradle.plugin.statistics.old.Pre232IdeaKotlinBuildStatsMXBean: loaded 2 times (x 68B)
Class org.jetbrains.kotlin.gradle.plugin.statistics.KotlinBuildStatsServicesRegistry  : loaded 2 times (x 76B)
Class org.jetbrains.kotlin.gradle.plugin.VariantImplementationFactoriesConfigurator   : loaded 2 times (x 74B)
Class com.google.common.collect.ImmutableMapEntrySet                                  : loaded 2 times (x 149B)
Class org.gradle.api.internal.classpath.Module                                        : loaded 2 times (x 68B)
Class com.intellij.util.CachedValueBase$TrackedData                                   : loaded 2 times (x 79B)
Class org.jetbrains.kotlin.psi.KtTypeParameterListOwner                               : loaded 2 times (x 68B)
Class com.intellij.openapi.editor.ReadOnlyFragmentModificationException               : loaded 2 times (x 82B)
Class com.intellij.util.containers.Unsafe                                             : loaded 2 times (x 69B)
Class com.intellij.psi.search.GlobalSearchScope$AbstractFilesScope                    : loaded 2 times (x 106B)
Class com.intellij.openapi.util.Comparing                                             : loaded 2 times (x 69B)
Class org.codehaus.stax2.ri.typed.ValueDecoderFactory$IntArrayDecoder                 : loaded 2 times (x 76B)
Class org.codehaus.stax2.AttributeInfo                                                : loaded 2 times (x 68B)
Class com.fasterxml.aalto.in.ReaderConfig$EncodingContext                             : loaded 2 times (x 70B)
Class kotlinx.coroutines.internal.DispatchedContinuationKt                            : loaded 2 times (x 69B)
Class com.intellij.openapi.project.PossiblyDumbAware                                  : loaded 2 times (x 68B)
Class com.intellij.openapi.application.ApplicationInfo                                : loaded 2 times (x 92B)
Class com.intellij.psi.tree.StubFileElementType                                       : loaded 2 times (x 100B)
Class com.intellij.psi.PsiLiteralValue                                                : loaded 2 times (x 68B)
Class com.intellij.openapi.util.Condition$3                                           : loaded 2 times (x 84B)
Class com.intellij.psi.tree.IElementType$Predicate                                    : loaded 2 times (x 68B)
Class com.intellij.openapi.progress.impl.ProgressManagerScopeKt                       : loaded 2 times (x 69B)
Class [Lcom.intellij.openapi.extensions.PluginId;                                     : loaded 2 times (x 67B)
Class com.intellij.openapi.editor.impl.RangeMarkerImpl                                : loaded 2 times (x 157B)
Class com.android.tools.lint.checks.ChildCountDetector$Issues                         : loaded 2 times (x 69B)
Class com.intellij.psi.PsiModifierListOwner                                           : loaded 2 times (x 68B)
Class com.android.tools.lint.detector.api.Intervals                                   : loaded 2 times (x 82B)
Class com.android.tools.lint.TextReporter                                             : loaded 2 times (x 73B)
Class kotlinx.collections.immutable.implementations.immutableSet.PersistentHashSet$Companion: loaded 2 times (x 69B)
Class kotlin.reflect.jvm.internal.KClassImpl$Data$$Lambda$0                           : loaded 2 times (x 74B)
Class org.jetbrains.kotlin.gradle.tasks.DefaultKotlinJavaToolchain$getToolsJarFromJvm$1$1: loaded 2 times (x 77B)
Class org.jetbrains.kotlin.gradle.tasks.KotlinCompile$ClasspathSnapshotProperties_Decorated: loaded 2 times (x 135B)
Class org.jetbrains.kotlin.gradle.internal.transforms.BuildToolsApiClasspathEntrySnapshotTransform$Parameters_Decorated: loaded 2 times (x 153B)
Class org.jetbrains.kotlin.gradle.plugin.mpp.compilationImpl.KotlinCompilationSourceSetInclusion$Companion$includedSourceSets$2: loaded 2 times (x 76B)
Class org.jetbrains.kotlin.gradle.plugin.diagnostics.KotlinToolingDiagnosticsSetupActionKt$KotlinToolingDiagnosticsSetupAction$1$1: loaded 2 times (x 73B)
Class org.jetbrains.kotlin.gradle.targets.js.npm.NpmDirectoryDependencyWithExternalsExtension: loaded 2 times (x 68B)
Class org.jetbrains.kotlin.gradle.plugin.KotlinProjectSetupAction                     : loaded 2 times (x 68B)
Class org.jetbrains.kotlin.gradle.plugin.KotlinGradleFinishBuildHandler$Companion     : loaded 2 times (x 69B)
Class com.google.common.cache.Weigher                                                 : loaded 2 times (x 68B)
Class org.gradle.api.internal.classpath.UnknownModuleException                        : loaded 2 times (x 80B)
Class com.intellij.openapi.vfs.impl.ArchiveHandler$EntryInfo                          : loaded 2 times (x 70B)
Class com.intellij.openapi.util.io.FileAttributes                                     : loaded 2 times (x 69B)
Class com.intellij.util.io.FileAccessorCache$Handle                                   : loaded 2 times (x 78B)
Class org.jetbrains.kotlin.analysis.project.structure.builder.KtLibraryModuleBuilder  : loaded 2 times (x 72B)
Class [Lcom.intellij.model.psi.PsiExternalReferenceHost;                              : loaded 2 times (x 67B)
Class org.jetbrains.kotlin.psi.KtClassLiteralExpression                               : loaded 2 times (x 577B)
Class org.jetbrains.kotlin.psi.KtSuperTypeCallEntry                                   : loaded 2 times (x 517B)
Class org.jetbrains.kotlin.psi.KtSuperTypeList                                        : loaded 2 times (x 445B)
Class org.jetbrains.kotlin.psi.LambdaArgument                                         : loaded 2 times (x 68B)
Class [Lorg.jetbrains.kotlin.psi.KtTypeConstraintList;                                : loaded 2 times (x 67B)
Class org.jetbrains.kotlin.lexer.KtToken                                              : loaded 2 times (x 73B)
Class org.jetbrains.kotlin.platform.TargetPlatformVersion$NoVersion                   : loaded 2 times (x 72B)
Class org.jetbrains.kotlin.analysis.project.structure.builder.KtModuleProviderBuilder : loaded 2 times (x 70B)
Class org.jetbrains.kotlin.analysis.api.standalone.base.projectStructure.PluginStructureProvider$ResourceDataLoader: loaded 2 times (x 78B)
Class com.intellij.openapi.fileTypes.PlainTextFileType                                : loaded 2 times (x 99B)
Class kotlinx.coroutines.JobCancellingNode                                            : loaded 2 times (x 88B)
Class kotlinx.coroutines.internal.LockFreeTaskQueueCore                               : loaded 2 times (x 70B)
Class com.intellij.platform.diagnostic.telemetry.TelemetryManager$Companion           : loaded 2 times (x 69B)
Class com.intellij.psi.impl.source.tree.FileElement                                   : loaded 2 times (x 279B)
Class com.intellij.util.containers.ConcurrentFactoryMap                               : loaded 2 times (x 147B)
Class com.intellij.openapi.util.SystemInfoRt                                          : loaded 2 times (x 69B)
Class com.intellij.openapi.extensions.ExtensionPointAdapter                           : loaded 2 times (x 74B)
Class com.intellij.openapi.diagnostic.Logger                                          : loaded 2 times (x 97B)
Class [Lcom.intellij.psi.PsiAnnotation;                                               : loaded 2 times (x 67B)
Class com.android.tools.lint.checks.PackageVisibilityDetector                         : loaded 2 times (x 177B)
Class com.android.tools.lint.checks.MonochromeLauncherIconDetector                    : loaded 2 times (x 151B)
Class com.android.tools.lint.checks.FileEndsWithDetector$Issues                       : loaded 2 times (x 69B)
Class kotlinx.coroutines.DebugKt                                                      : loaded 2 times (x 69B)
Class org.codehaus.stax2.validation.Validatable                                       : loaded 2 times (x 68B)
Class com.android.tools.lint.detector.api.Lint                                        : loaded 2 times (x 69B)
Class kotlin.reflect.jvm.internal.KClassImpl$Data$$Lambda$1                           : loaded 2 times (x 74B)
Class org.apache.commons.io.Charsets                                                  : loaded 2 times (x 69B)
Class org.jetbrains.kotlin.gradle.plugin.mpp.InternalKotlinTargetComponentKt          : loaded 2 times (x 69B)
Class org.jetbrains.kotlin.gradle.plugin.mpp.InternalKotlinTarget$DefaultImpls        : loaded 2 times (x 69B)
Class org.jetbrains.kotlin.gradle.plugin.KotlinPluginLifecycleImpl$executeCurrentStageAndScheduleNext$3: loaded 2 times (x 73B)
Class org.jetbrains.kotlin.gradle.plugin.mpp.compilationImpl.KotlinCompilationRegisterInSourceSetsConfigurator$configure$1: loaded 2 times (x 77B)
Class org.jetbrains.kotlin.gradle.plugin.diagnostics.KotlinToolingDiagnosticsSetupActionKt$KotlinToolingDiagnosticsSetupAction$1$2: loaded 2 times (x 93B)
Class org.jetbrains.kotlin.gradle.targets.js.npm.NpmDependencyWithExternalsExtension  : loaded 2 times (x 68B)
Class org.jetbrains.kotlin.gradle.plugin.mpp.KotlinUsageContext                       : loaded 2 times (x 68B)
Class org.jetbrains.kotlin.gradle.plugin.KotlinTargetsContainer                       : loaded 2 times (x 68B)
Class org.jetbrains.kotlin.compilerRunner.GradleCliCommonizerKt                       : loaded 2 times (x 69B)
Class org.jetbrains.kotlin.gradle.utils.ConfigurationsKt                              : loaded 2 times (x 69B)
Class org.jetbrains.kotlin.gradle.plugin.StatisticsBuildFlowManager                   : loaded 2 times (x 70B)
Class org.jetbrains.kotlin.gradle.plugin.statistics.BuildFusService$Parameters        : loaded 2 times (x 68B)
Class org.jetbrains.kotlin.gradle.plugin.PluginWrappersKt                             : loaded 2 times (x 69B)
Class com.google.common.base.Stopwatch                                                : loaded 2 times (x 70B)
Class com.google.common.cache.LocalCache$Strength                                     : loaded 2 times (x 79B)
Class com.google.common.cache.Cache                                                   : loaded 2 times (x 68B)
Class [Lorg.jetbrains.kotlin.psi.KtLambdaArgument;                                    : loaded 2 times (x 67B)
Class org.jetbrains.kotlin.psi.stubs.KotlinUserTypeStub                               : loaded 2 times (x 68B)
Class org.jetbrains.kotlin.psi.stubs.elements.KtSecondaryConstructorElementType       : loaded 2 times (x 105B)
Class [Lorg.jetbrains.kotlin.psi.KtTypeAlias;                                         : loaded 2 times (x 67B)
Class [Lcom.intellij.psi.NavigatablePsiElement;                                       : loaded 2 times (x 67B)
Class com.intellij.platform.util.coroutines.ChildScope                                : loaded 2 times (x 140B)
Class org.jetbrains.kotlin.analysis.api.standalone.base.projectStructure.PluginStructureProvider: loaded 2 times (x 69B)
Class com.intellij.psi.codeStyle.SuggestedNameInfo                                    : loaded 2 times (x 71B)
Class com.intellij.openapi.util.RecursionManager$1                                    : loaded 2 times (x 75B)
Class kotlin.coroutines.CombinedContext                                               : loaded 2 times (x 76B)
Class com.intellij.util.QueryFactory                                                  : loaded 2 times (x 74B)
Class com.intellij.openapi.util.Disposer$1                                            : loaded 2 times (x 73B)
Class com.intellij.openapi.util.UserDataHolderEx                                      : loaded 2 times (x 68B)
Class org.jetbrains.kotlin.cli.common.CLIConfigurationKeys                            : loaded 2 times (x 69B)
Class it.unimi.dsi.fastutil.objects.ObjectLinkedOpenCustomHashSet                     : loaded 2 times (x 315B)
Class com.intellij.DynamicBundle$1                                                    : loaded 2 times (x 76B)
Class com.android.tools.lint.checks.NegativeMarginDetector                            : loaded 2 times (x 151B)
Class com.android.tools.lint.checks.InvalidPackageDetector                            : loaded 2 times (x 151B)
Class com.android.tools.lint.checks.HighSensorSamplingRateDetector$Companion          : loaded 2 times (x 69B)
Class com.android.tools.lint.checks.ExportedFlagDetector$Companion                    : loaded 2 times (x 69B)
Class com.android.tools.lint.checks.CommentDetector$CommentChecker                    : loaded 2 times (x 125B)
Class com.intellij.psi.PsiClass                                                       : loaded 2 times (x 68B)
Class com.intellij.psi.impl.PsiCachedValueImpl$Direct                                 : loaded 2 times (x 93B)
Class com.android.tools.lint.model.LazyLintModelDependency                            : loaded 2 times (x 84B)
Class com.intellij.psi.impl.PsiParameterizedCachedValue$SoftTracked                   : loaded 2 times (x 92B)
Class com.intellij.psi.search.GlobalSearchScope$FilesScope                            : loaded 2 times (x 106B)
Class kotlin.reflect.jvm.internal.KClassImpl$Data$$Lambda$2                           : loaded 2 times (x 74B)
Class kotlin.reflect.jvm.internal.KPackageImpl$$Lambda$0                              : loaded 2 times (x 74B)
Class com.intellij.lang.jvm.types.JvmReferenceType                                    : loaded 2 times (x 68B)
Class org.apache.commons.io.filefilter.IOFileFilter                                   : loaded 2 times (x 68B)
Class com.google.common.io.AppendableWriter                                           : loaded 2 times (x 98B)
Class org.jetbrains.kotlin.gradle.plugin.mpp.InternalKotlinTargetKt                   : loaded 2 times (x 69B)
Class com.google.common.collect.AbstractMultimap$Entries                              : loaded 2 times (x 118B)
Class org.jetbrains.kotlin.gradle.plugin.diagnostics.KotlinToolingDiagnosticsSetupActionKt$KotlinToolingDiagnosticsSetupAction$1$3: loaded 2 times (x 73B)
Class org.jetbrains.kotlin.gradle.targets.js.dsl.KotlinTargetWithNodeJsDsl            : loaded 2 times (x 68B)
Class org.jetbrains.kotlin.gradle.plugin.sources.DefaultKotlinSourceSetKt$defaultSourceSetLanguageSettingsChecker$1: loaded 2 times (x 76B)
Class org.jetbrains.kotlin.gradle.plugin.sources.InternalKotlinSourceSet              : loaded 2 times (x 68B)
Class org.jetbrains.kotlin.gradle.plugin.KotlinJvmPlugin                              : loaded 2 times (x 78B)
Class org.jetbrains.kotlin.gradle.plugin.mpp.SyncLanguageSettingsWithKotlinExtensionSetupActionKt$SyncLanguageSettingsWithKotlinExtensionSetupAction$1: loaded 2 times (x 93B)
Class org.jetbrains.kotlin.gradle.dsl.KotlinGradlePluginPublicDsl                     : loaded 2 times (x 68B)
Class org.jetbrains.kotlin.gradle.internal.properties.NativeProperties                : loaded 2 times (x 68B)
Class org.jetbrains.kotlin.statistics.BuildSessionLogger                              : loaded 2 times (x 75B)
Class org.jetbrains.kotlin.gradle.plugin.internal.ConfigurationCacheStartParameterAccessor: loaded 2 times (x 68B)
Class com.google.common.util.concurrent.AbstractFuture$Cancellation                   : loaded 2 times (x 70B)
Class com.google.common.collect.ImmutableMap$Builder                                  : loaded 2 times (x 80B)
Class [Lorg.jetbrains.kotlin.psi.LambdaArgument;                                      : loaded 2 times (x 67B)
Class [Lorg.jetbrains.kotlin.psi.KtTypeParameterList;                                 : loaded 2 times (x 67B)
Class [Lorg.jetbrains.kotlin.psi.KtNamedFunction;                                     : loaded 2 times (x 67B)
Class org.jetbrains.kotlin.lexer.KtModifierKeywordToken                               : loaded 2 times (x 76B)
Class [Lorg.jetbrains.kotlin.psi.KtNamedDeclarationStub;                              : loaded 2 times (x 67B)
Class com.intellij.psi.scope.processor.MethodsProcessor                               : loaded 2 times (x 106B)
Class com.intellij.psi.impl.source.DummyHolderFactory$DefaultFactory                  : loaded 2 times (x 85B)
Class com.intellij.psi.impl.source.DummyHolderFactory                                 : loaded 2 times (x 69B)
Class com.intellij.openapi.util.RecursionManager$2                                    : loaded 2 times (x 73B)
Class com.intellij.psi.impl.PsiParameterizedCachedValue$DirectTracked                 : loaded 2 times (x 92B)
Class com.intellij.psi.ClassTypePointerFactory                                        : loaded 2 times (x 68B)
Class com.intellij.util.diff.FlyweightCapableTreeStructure                            : loaded 2 times (x 68B)
Class com.intellij.psi.stubs.PsiFileStub                                              : loaded 2 times (x 68B)
Class com.intellij.psi.stubs.Stub                                                     : loaded 2 times (x 68B)
Class kotlinx.collections.immutable.implementations.immutableList.BufferIterator      : loaded 2 times (x 97B)
Class com.intellij.psi.impl.source.resolve.reference.ReferenceProvidersRegistry$1     : loaded 2 times (x 72B)
Class [Lcom.intellij.util.messages.Topic$BroadcastDirection;                          : loaded 2 times (x 67B)
Class com.intellij.openapi.extensions.impl.ExtensionPointImpl                         : loaded 2 times (x 95B)
Class com.intellij.openapi.util.Disposer$2                                            : loaded 2 times (x 74B)
Class com.intellij.DynamicBundle$2                                                    : loaded 2 times (x 78B)
Class com.android.tools.lint.checks.WebViewApiAvailabilityDetector                    : loaded 2 times (x 167B)
Class com.android.tools.lint.checks.RtlDetector$IdentifierChecker                     : loaded 2 times (x 125B)
Class com.android.tools.lint.checks.LocaleConfigDetector                              : loaded 2 times (x 155B)
Class com.android.tools.lint.checks.ApiDetector                                       : loaded 2 times (x 181B)
Class com.android.tools.lint.checks.AllCapsDetector$Issues                            : loaded 2 times (x 69B)
Class com.android.tools.lint.model.LintModelDependenciesReader                        : loaded 2 times (x 71B)
Class com.android.tools.lint.client.api.LintXmlConfiguration                          : loaded 2 times (x 92B)
Class [Lkotlin.reflect.jvm.internal.impl.builtins.PrimitiveType;                      : loaded 2 times (x 67B)
Class kotlin.reflect.jvm.internal.impl.builtins.StandardNames                         : loaded 2 times (x 69B)
Class kotlin.reflect.jvm.internal.KClassImpl$Data$$Lambda$3                           : loaded 2 times (x 74B)
Class com.google.common.base.Present                                                  : loaded 2 times (x 79B)
Class com.google.common.collect.AbstractMapBasedMultimap$WrappedCollection$WrappedIterator: loaded 2 times (x 82B)
Class org.jetbrains.kotlin.gradle.utils.FutureKt$future$2$1                           : loaded 2 times (x 93B)
Class [Lorg.jetbrains.kotlin.gradle.plugin.statistics.plugins.ObservablePlugins;      : loaded 2 times (x 67B)
Class org.jetbrains.kotlin.gradle.plugin.internal.BuildIdService$Companion$registerIfAbsent$1$1: loaded 2 times (x 73B)
Class org.jetbrains.kotlin.gradle.plugin.mpp.compilationImpl.factory.KotlinCompilationDependencyConfigurationsFactoriesKt$WhenMappings: loaded 2 times (x 69B)
Class org.jetbrains.kotlin.konan.target.KonanTarget$IOS_ARM64                         : loaded 2 times (x 76B)
Class org.jetbrains.kotlin.gradle.targets.js.dsl.KotlinWasmTargetDsl                  : loaded 2 times (x 68B)
Class org.jetbrains.kotlin.gradle.plugin.diagnostics.checkers.DisabledCinteropCommonizationInHmppProjectChecker$runChecks$1: loaded 2 times (x 86B)
Class org.jetbrains.kotlin.gradle.plugin.sources.ConsistencyCheck                     : loaded 2 times (x 70B)
Class org.jetbrains.kotlin.gradle.plugin.sources.DefaultKotlinSourceSetKt$defaultSourceSetLanguageSettingsChecker$2: loaded 2 times (x 76B)
Class org.jetbrains.kotlin.gradle.dsl.KotlinCommonToolOptions                         : loaded 2 times (x 68B)
Class org.jetbrains.kotlin.gradle.plugin.AbstractKotlinPlugin                         : loaded 2 times (x 77B)
Class org.jetbrains.kotlin.gradle.tasks.DefaultKotlinJavaToolchain$Companion$wireJvmTargetToJvm$1: loaded 2 times (x 73B)
Class org.jetbrains.kotlin.gradle.plugin.diagnostics.checkers.ComposePluginSuggestApplyChecker: loaded 2 times (x 72B)
Class org.jetbrains.kotlin.gradle.dsl.KotlinMultiplatformExtension                    : loaded 2 times (x 699B)
Class com.google.common.cache.RemovalListener                                         : loaded 2 times (x 68B)
Class org.gradle.api.internal.DefaultClassPathRegistry                                : loaded 2 times (x 74B)
Class org.jetbrains.kotlin.psi.KtSimpleNameStringTemplateEntry                        : loaded 2 times (x 442B)
Class org.jetbrains.kotlin.psi.stubs.KotlinCollectionLiteralExpressionStub            : loaded 2 times (x 68B)
Class org.jetbrains.kotlin.psi.stubs.elements.KtConstantExpressionElementType$Companion: loaded 2 times (x 69B)
Class [Lorg.jetbrains.kotlin.psi.KtInitializerList;                                   : loaded 2 times (x 67B)
Class org.jetbrains.kotlin.psi.KtExpressionImplStub                                   : loaded 2 times (x 503B)
Class [Lorg.jetbrains.kotlin.psi.KtClassInitializer;                                  : loaded 2 times (x 67B)
Class org.jetbrains.kotlin.psi.KtVariableDeclaration                                  : loaded 2 times (x 68B)
Class org.jetbrains.kotlin.psi.KtClassOrObject                                        : loaded 2 times (x 1097B)
Class [Lcom.intellij.openapi.vfs.VFileProperty;                                       : loaded 2 times (x 67B)
Class com.android.tools.lint.VirtualFileWrapper                                       : loaded 2 times (x 119B)
Class com.intellij.ide.plugins.XmlReader$readExtensions$1$1                           : loaded 2 times (x 72B)
Class org.jetbrains.kotlin.psi.KtPureElement                                          : loaded 2 times (x 68B)
Class [Lorg.jetbrains.kotlin.psi.KtImportDirective;                                   : loaded 2 times (x 67B)
Class [Lorg.jetbrains.kotlin.psi.KtTypeElement;                                       : loaded 2 times (x 67B)
Class com.intellij.psi.PsiTypeElement                                                 : loaded 2 times (x 68B)
Class com.intellij.psi.search.GlobalSearchScope$EmptyScope                            : loaded 2 times (x 97B)
Class com.intellij.psi.impl.source.tree.RecursiveTreeElementWalkingVisitor            : loaded 2 times (x 75B)
Class com.intellij.psi.impl.PsiTreeChangeEventImpl                                    : loaded 2 times (x 84B)
Class com.intellij.codeInsight.folding.impl.JavaFoldingBuilderBase$1                  : loaded 2 times (x 209B)
Class com.intellij.psi.PsiField                                                       : loaded 2 times (x 68B)
Class [Lorg.jetbrains.kotlin.psi.KtValueArgument;                                     : loaded 2 times (x 67B)
Class com.intellij.lang.java.lexer.JavaDocLexer                                       : loaded 2 times (x 85B)
Class com.intellij.util.graph.impl.GraphAlgorithmsImpl                                : loaded 2 times (x 80B)
Class com.intellij.openapi.vfs.newvfs.BulkFileListener                                : loaded 2 times (x 68B)
Class kotlinx.collections.immutable.implementations.immutableList.AbstractPersistentList: loaded 2 times (x 326B)
Class com.intellij.openapi.application.Application                                    : loaded 2 times (x 68B)
Class com.intellij.util.io.ResourceHandle                                             : loaded 2 times (x 77B)
Class com.intellij.util.containers.FactoryMap                                         : loaded 2 times (x 122B)
Class com.android.tools.lint.checks.UnsafeIntentLaunchDetector                        : loaded 2 times (x 177B)
Class com.android.tools.lint.checks.RequiredFeatureDetector                           : loaded 2 times (x 151B)
Class com.android.tools.lint.checks.RegistrationDetector                              : loaded 2 times (x 177B)
Class com.android.tools.lint.checks.ExifInterfaceDetector$MyVisitor                   : loaded 2 times (x 125B)
Class com.android.tools.lint.checks.CredentialManagerSignInWithGoogleDetector$Companion: loaded 2 times (x 69B)
Class org.gradle.api.internal.classpath.EffectiveClassPath                            : loaded 2 times (x 88B)
Class [Lcom.android.tools.lint.detector.api.TextFormat;                               : loaded 2 times (x 67B)
Class [Lcom.google.common.collect.ImmutableMapEntry;                                  : loaded 2 times (x 67B)
Class org.jetbrains.kotlin.tooling.core.TypeUtils                                     : loaded 2 times (x 69B)
Class org.jetbrains.kotlin.gradle.report.ConfigureReporingKt                          : loaded 2 times (x 69B)
Class kotlin.reflect.jvm.internal.KClassImpl$Data$$Lambda$4                           : loaded 2 times (x 74B)
Class org.apache.commons.io.file.DeleteOption                                         : loaded 2 times (x 68B)
Class com.google.common.reflect.Invokable$ConstructorInvokable                        : loaded 2 times (x 105B)
Class com.google.common.collect.ImmutableMultimap$Keys                                : loaded 2 times (x 164B)
Class org.jetbrains.kotlin.gradle.plugin.mpp.KotlinTargetSoftwareComponentImplKt$KotlinTargetSoftwareComponent$1$1$configuration$1: loaded 2 times (x 77B)
Class org.jetbrains.kotlin.gradle.targets.js.npm.DefaultPeerNpmDependencyExtension$delegate$1: loaded 2 times (x 165B)
Class org.jetbrains.kotlin.gradle.targets.js.npm.NpmDependency                        : loaded 2 times (x 95B)
Class org.jetbrains.kotlin.gradle.targets.js.npm.DefaultNpmDependencyExtension        : loaded 2 times (x 150B)
Class org.jetbrains.kotlin.gradle.targets.js.npm.NpmDependency$Scope                  : loaded 2 times (x 77B)
Class org.jetbrains.kotlin.gradle.plugin.sources.FragmentConsistencyChecks$unstableFeaturesCheck$1: loaded 2 times (x 77B)
Class org.jetbrains.kotlin.gradle.plugin.sources.DefaultKotlinSourceSet               : loaded 2 times (x 139B)
Class org.jetbrains.kotlin.gradle.plugin.diagnostics.checkers.AndroidSourceSetLayoutV1SourceSetsNotFoundChecker: loaded 2 times (x 72B)
Class org.jetbrains.kotlin.gradle.utils.ConfigurationsKt$sam$org_gradle_api_Action$0  : loaded 2 times (x 73B)
Class org.jetbrains.kotlin.gradle.plugin.VariantImplementationFactories$Parameters    : loaded 2 times (x 68B)
Class org.gradle.api.internal.ClassPathRegistry                                       : loaded 2 times (x 68B)
Class org.gradle.internal.classpath.DefaultClassPath$ImmutableUniqueList              : loaded 2 times (x 197B)
Class org.jetbrains.kotlin.psi.KtStringTemplateExpression                             : loaded 2 times (x 676B)
Class org.jetbrains.kotlin.psi.KtImportInfo$ImportContent                             : loaded 2 times (x 69B)
Class com.intellij.psi.LanguageFileViewProviders                                      : loaded 2 times (x 94B)
Class org.jetbrains.kotlin.gradle.report.ReportingSettings$Companion                  : loaded 2 times (x 69B)
Class com.intellij.openapi.util.RecursionGuard                                        : loaded 2 times (x 74B)
Class kotlinx.coroutines.DispatchedTaskKt                                             : loaded 2 times (x 69B)
Class kotlinx.coroutines.internal.SystemPropsKt__SystemProps_commonKt                 : loaded 2 times (x 69B)
Class kotlinx.coroutines.ThreadContextElement                                         : loaded 2 times (x 68B)
Class kotlinx.collections.immutable.implementations.immutableList.UtilsKt             : loaded 2 times (x 69B)
Class com.intellij.util.messages.impl.MessageBusImpl$Companion                        : loaded 2 times (x 69B)
Class com.intellij.core.CoreFileTypeRegistry                                          : loaded 2 times (x 80B)
Class it.unimi.dsi.fastutil.ints.Int2ObjectOpenHashMap                                : loaded 2 times (x 220B)
Class com.android.tools.lint.checks.WorkManagerDetector                               : loaded 2 times (x 167B)
Class com.android.tools.lint.checks.TitleDetector                                     : loaded 2 times (x 151B)
Class com.android.tools.lint.checks.RegisterReceiverFlagDetector                      : loaded 2 times (x 167B)
Class com.android.tools.lint.checks.ObjectAnimatorDetector                            : loaded 2 times (x 177B)
Class com.android.tools.lint.checks.JavaScriptInterfaceDetector$Companion             : loaded 2 times (x 69B)
Class com.android.tools.lint.checks.JavaScriptInterfaceDetector                       : loaded 2 times (x 167B)
Class com.android.tools.lint.checks.EmptySuperDetector                                : loaded 2 times (x 167B)
Class [Lcom.android.tools.lint.detector.api.Platform;                                 : loaded 2 times (x 67B)
Class org.jetbrains.kotlin.gradle.plugin.KotlinProjectSetupActionKt                   : loaded 2 times (x 69B)
Class org.jetbrains.kotlin.gradle.dsl.KotlinTargetContainerWithJsPresetFunctions      : loaded 2 times (x 68B)
Class org.jetbrains.kotlin.gradle.plugin.mpp.compilationImpl.KotlinCreateNativeCompileTasksSideEffectKt: loaded 2 times (x 69B)
Class org.jetbrains.kotlin.gradle.plugin.mpp.KotlinTargetComponentWithPublication     : loaded 2 times (x 68B)
Class com.android.tools.lint.client.api.ConfigurationHierarchy$lintXmlCreator$1       : loaded 2 times (x 76B)
Class com.android.tools.lint.client.api.FlagConfiguration                             : loaded 2 times (x 104B)
Class kotlin.reflect.jvm.internal.impl.resolve.jvm.JvmPrimitiveType                   : loaded 2 times (x 77B)
Class kotlin.reflect.jvm.internal.KClassImpl$Data$$Lambda$5                           : loaded 2 times (x 74B)
Class org.apache.commons.io.IOUtils                                                   : loaded 2 times (x 69B)
Class com.google.common.reflect.TypeToken                                             : loaded 2 times (x 71B)
Class com.google.common.collect.NullnessCasts                                         : loaded 2 times (x 69B)
Class com.google.common.collect.MapMakerInternalMap$Segment                           : loaded 2 times (x 140B)
Class com.google.common.base.ExtraObjectsMethodsForWeb                                : loaded 2 times (x 69B)
Class org.jetbrains.kotlin.gradle.plugin.statistics.KotlinBuildStatisticsUtilsKt$collectGeneralConfigurationTimeMetrics$statisticOverhead$1$2: loaded 2 times (x 73B)
Class org.jetbrains.kotlin.gradle.plugin.KotlinCompilation$DefaultImpls               : loaded 2 times (x 69B)
Class org.jetbrains.kotlin.gradle.utils.ProviderApiUtilsKt$providerWithLazyConvention$1: loaded 2 times (x 72B)
Class org.jetbrains.kotlin.konan.target.KonanTarget$Companion$predefinedTargets$2     : loaded 2 times (x 76B)
Class org.jetbrains.kotlin.gradle.plugin.sources.FragmentConsistencyChecks$unstableFeaturesCheck$2: loaded 2 times (x 76B)
Class org.jetbrains.kotlin.gradle.plugin.KotlinPluginLifecycleImpl                    : loaded 2 times (x 78B)
Class org.jetbrains.kotlin.gradle.plugin.diagnostics.KotlinToolingDiagnostics$WasmWasiEnvironmentNotChosenExplicitly: loaded 2 times (x 71B)
Class org.jetbrains.kotlin.gradle.artifacts.KotlinNativeKlibArtifactKt$KotlinNativeKlibArtifact$1: loaded 2 times (x 72B)
Class org.jetbrains.kotlin.gradle.dsl.KotlinCommonCompilerOptionsDefault              : loaded 2 times (x 94B)
Class org.jetbrains.kotlin.gradle.dsl.KotlinCommonCompilerToolOptionsDefault          : loaded 2 times (x 82B)
Class org.jetbrains.kotlin.gradle.internal.properties.NativePropertiesLoader$isUseXcodeMessageStyleEnabled$1: loaded 2 times (x 73B)
Class org.jetbrains.kotlin.gradle.plugin.StatisticsBuildFlowManager_Decorated         : loaded 2 times (x 117B)
Class org.jetbrains.kotlin.gradle.report.BuildReportMode$Companion                    : loaded 2 times (x 69B)
Class org.jetbrains.kotlin.gradle.plugin.VariantImplementationFactories$VariantImplementationFactory: loaded 2 times (x 68B)
Class org.jetbrains.kotlin.analysis.api.projectStructure.KaLibraryModule              : loaded 2 times (x 68B)
Class [Lorg.jetbrains.kotlin.psi.KtContextReceiver;                                   : loaded 2 times (x 67B)
Class com.intellij.openapi.util.io.FileUtilRt$RepeatableIOOperation                   : loaded 2 times (x 68B)
Class [Lorg.jetbrains.kotlin.gradle.plugin.KotlinCompilation;                         : loaded 2 times (x 67B)
Class com.intellij.util.containers.SoftKeySoftValueHashMap$ValueReference             : loaded 2 times (x 78B)
Class com.intellij.mock.MockDumbUtil                                                  : loaded 2 times (x 73B)
Class org.codehaus.stax2.XMLStreamReader2                                             : loaded 2 times (x 68B)
Class com.intellij.ide.plugins.ActionDescriptorName                                   : loaded 2 times (x 77B)
Class com.intellij.psi.search.searches.SuperMethodsSearch$1                           : loaded 2 times (x 77B)
Class com.intellij.psi.impl.source.tree.CompositePsiElement                           : loaded 2 times (x 404B)
Class com.intellij.util.cls.ClsFormatException                                        : loaded 2 times (x 80B)
Class kotlinx.collections.immutable.implementations.immutableSet.PersistentHashSet    : loaded 2 times (x 218B)
Class com.intellij.psi.impl.source.resolve.reference.ReferenceProvidersRegistry       : loaded 2 times (x 72B)
Class kotlinx.collections.immutable.internal.CommonFunctionsKt                        : loaded 2 times (x 69B)
Class com.intellij.util.messages.impl.MessageQueue                                    : loaded 2 times (x 70B)
Class org.jetbrains.kotlin.compiler.plugin.CompilerPluginRegistrar$Companion          : loaded 2 times (x 69B)
Class [Lcom.intellij.openapi.projectRoots.JavaSdkVersion;                             : loaded 2 times (x 67B)
Class com.android.tools.lint.checks.VectorDetector                                    : loaded 2 times (x 151B)
Class com.android.tools.lint.checks.TypographyDetector                                : loaded 2 times (x 151B)
Class com.android.tools.lint.checks.TileProviderDetector                              : loaded 2 times (x 156B)
Class com.intellij.lang.jvm.types.JvmPrimitiveType                                    : loaded 2 times (x 68B)
Class com.android.tools.lint.checks.RemoteViewDetector                                : loaded 2 times (x 167B)
Class com.android.tools.lint.checks.RangeDetector$Companion                           : loaded 2 times (x 69B)
Class org.jetbrains.kotlin.name.FqNameUnsafe$Companion                                : loaded 2 times (x 69B)
Class com.android.tools.lint.checks.InvalidNotificationIdDetector                     : loaded 2 times (x 167B)
Class com.android.tools.lint.checks.IntentWillNullActionDetector$Companion            : loaded 2 times (x 69B)
Class com.android.tools.lint.checks.FineLocationDetector                              : loaded 2 times (x 151B)
Class com.android.tools.lint.checks.DeprecatedSinceApiDetector$Companion              : loaded 2 times (x 69B)
Class com.android.tools.lint.checks.AlarmDetector                                     : loaded 2 times (x 177B)
Class com.android.tools.lint.detector.api.LayoutDetector                              : loaded 2 times (x 151B)
Class org.jetbrains.kotlin.gradle.plugin.KotlinPluginLifecycleKt$await$1              : loaded 2 times (x 86B)
Class com.android.tools.lint.model.LintModelReader                                    : loaded 2 times (x 71B)
Class com.android.tools.lint.model.PathVariables$PathVariable                         : loaded 2 times (x 70B)
Class org.jetbrains.kotlin.gradle.plugin.mpp.compilationImpl.KotlinCompilationLanguageSettingsConfigurator: loaded 2 times (x 72B)
Class org.jetbrains.kotlin.build.report.metrics.BuildPerformanceMetrics               : loaded 2 times (x 70B)
Class it.unimi.dsi.fastutil.longs.LongCollection                                      : loaded 2 times (x 68B)
Class kotlin.reflect.jvm.internal.KClassImpl$Data$$Lambda$6                           : loaded 2 times (x 74B)
Class com.google.common.collect.Ordering                                              : loaded 2 times (x 112B)
Class org.jetbrains.kotlin.gradle.plugin.mpp.ApplyUserDefinedAttributesKt$UserDefinedAttributesSetupAction$1$1: loaded 2 times (x 77B)
Class org.jetbrains.kotlin.compilerRunner.CompilerSystemPropertiesService             : loaded 2 times (x 78B)
Class org.jetbrains.kotlin.gradle.plugin.mpp.compilationImpl.KotlinCompilationImpl$1  : loaded 2 times (x 77B)
Class org.jetbrains.kotlin.gradle.targets.js.npm.SemVer$Companion                     : loaded 2 times (x 69B)
Class org.jetbrains.kotlin.konan.target.KonanTarget$LINUX_ARM64                       : loaded 2 times (x 76B)
Class org.jetbrains.kotlin.konan.target.KonanTarget$LINUX_X64                         : loaded 2 times (x 76B)
Class [Lorg.jetbrains.kotlin.konan.target.Architecture;                               : loaded 2 times (x 67B)
Class org.jetbrains.kotlin.gradle.targets.native.SetupEmbedAndSignAppleFrameworkTaskSideEffectKt$special$$inlined$KotlinTargetSideEffect$1: loaded 2 times (x 72B)
Class org.jetbrains.kotlin.gradle.plugin.mpp.KotlinUsages$KotlinCinteropCompatibility : loaded 2 times (x 75B)
Class org.jetbrains.kotlin.gradle.dsl.ExplicitApiMode                                 : loaded 2 times (x 77B)
Class org.jetbrains.kotlin.gradle.utils.GradleAttributesContainerUtilsKt              : loaded 2 times (x 69B)
Class org.jetbrains.kotlin.gradle.plugin.VariantImplementationFactories$Companion     : loaded 2 times (x 69B)
Class org.jetbrains.kotlin.gradle.plugin.internal.CustomPropertiesFileValueSource$Parameters_Decorated: loaded 2 times (x 132B)
Class org.jetbrains.kotlin.gradle.dsl.KotlinTopLevelExtensionConfig                   : loaded 2 times (x 68B)
Class com.google.common.cache.CacheBuilder                                            : loaded 2 times (x 70B)
Class com.google.common.collect.SingletonImmutableList                                : loaded 2 times (x 205B)
Class Settings_gradle$1                                                               : loaded 2 times (x 72B)
Class org.gradle.internal.classpath.ClassPath                                         : loaded 2 times (x 68B)
Class org.gradle.api.UncheckedIOException                                             : loaded 2 times (x 80B)
Class [Lorg.jetbrains.kotlin.psi.KtDynamicType;                                       : loaded 2 times (x 67B)
Class com.intellij.psi.impl.ElementBase$ElementIconRequest                            : loaded 2 times (x 70B)
Class kotlin.reflect.jvm.internal.KProperty1Impl                                      : loaded 2 times (x 126B)
Class kotlinx.serialization.internal.MapLikeSerializer                                : loaded 2 times (x 94B)
Class com.intellij.psi.impl.JvmPsiConversionHelperImpl                                : loaded 2 times (x 76B)
Class com.intellij.psi.impl.PsiParameterizedCachedValue$Direct                        : loaded 2 times (x 92B)
Class org.jetbrains.kotlin.idea.KotlinLanguage                                        : loaded 2 times (x 105B)
Class com.fasterxml.aalto.in.ByteBasedPNameTable                                      : loaded 2 times (x 72B)
Class com.intellij.psi.impl.compiled.ClsDecompilerImpl                                : loaded 2 times (x 76B)
Class com.intellij.psi.PsiParameter                                                   : loaded 2 times (x 68B)
Class com.intellij.openapi.projectRoots.JavaVersionService                            : loaded 2 times (x 72B)
Class com.intellij.psi.stubs.StubInputStream                                          : loaded 2 times (x 111B)
Class com.intellij.openapi.util.KeyWithDefaultValue                                   : loaded 2 times (x 76B)
Class com.intellij.psi.impl.source.tree.LeafElement                                   : loaded 2 times (x 221B)
Class com.intellij.openapi.extensions.ExtensionPoint$Kind                             : loaded 2 times (x 77B)
Class it.unimi.dsi.fastutil.objects.AbstractObject2ObjectMap                          : loaded 2 times (x 176B)
Class com.android.tools.lint.checks.WrongLocationDetector                             : loaded 2 times (x 151B)
Class com.android.tools.lint.checks.WrongImportDetector                               : loaded 2 times (x 167B)
Class com.android.tools.lint.checks.WebViewApiAvailabilityDetector$Companion          : loaded 2 times (x 69B)
Class com.android.tools.lint.checks.TranslucentViewDetector$Issues                    : loaded 2 times (x 69B)
Class com.intellij.psi.TypeAnnotationProvider$1                                       : loaded 2 times (x 75B)
Class com.android.tools.lint.checks.NonConstantResourceIdDetector$Companion           : loaded 2 times (x 69B)
Class com.android.tools.lint.checks.MissingInflatedIdDetector                         : loaded 2 times (x 167B)
Class com.android.tools.lint.checks.MergeMarkerDetector                               : loaded 2 times (x 145B)
Class com.android.tools.lint.checks.AllCapsDetector                                   : loaded 2 times (x 151B)
Class [Lcom.android.tools.lint.detector.api.Severity;                                 : loaded 2 times (x 67B)
Class com.android.tools.lint.Reporter$Companion                                       : loaded 2 times (x 69B)
Class com.android.tools.lint.detector.api.LintModelModuleProject                      : loaded 2 times (x 154B)
Class com.android.tools.lint.detector.api.ResourceXmlDetector                         : loaded 2 times (x 151B)
Class com.android.tools.lint.detector.api.GradleScanner                               : loaded 2 times (x 68B)
Class com.android.tools.lint.client.api.LintClient                                    : loaded 2 times (x 154B)
Class [Lkotlin.reflect.jvm.internal.impl.name.FqName;                                 : loaded 2 times (x 67B)
Class kotlin.reflect.jvm.internal.KClassImpl$Data$$Lambda$7                           : loaded 2 times (x 74B)
Class kotlin.reflect.jvm.internal.KPackageImpl                                        : loaded 2 times (x 83B)
Class build_4o5lwbfpc9o3rzc6z56ytcvxd$_run_closure1                                   : loaded 2 times (x 137B)
Class [Lcom.google.common.reflect.Types$JavaVersion;                                  : loaded 2 times (x 67B)
Class com.google.common.collect.Interners$InternerBuilder                             : loaded 2 times (x 74B)
Class org.jetbrains.kotlin.gradle.incremental.IncrementalModuleInfoProvider           : loaded 2 times (x 68B)
Class org.jetbrains.kotlin.gradle.plugin.mpp.compilationImpl.KotlinCompilationImpl$2  : loaded 2 times (x 77B)
Class org.jetbrains.kotlin.gradle.dsl.PlatformSourceSetConventionsChecker$runChecks$1 : loaded 2 times (x 86B)
Class org.jetbrains.kotlin.gradle.plugin.mpp.compilationImpl.KotlinCompilationProcessorSideEffectKt$KotlinCompilationProcessorSideEffect$1: loaded 2 times (x 72B)
Class org.jetbrains.kotlin.gradle.dsl.KotlinJvmCompilerOptionsDefault                 : loaded 2 times (x 104B)
Class org.jetbrains.kotlin.gradle.internal.UsesClassLoadersCachingBuildService        : loaded 2 times (x 68B)
Class com.google.common.collect.ImmutableList$ReverseImmutableList                    : loaded 2 times (x 206B)
Class [Lorg.jetbrains.kotlin.psi.KtContextReceiverList;                               : loaded 2 times (x 67B)
Class org.jetbrains.kotlin.psi.KtValueArgument                                        : loaded 2 times (x 459B)
Class org.jetbrains.kotlin.psi.stubs.elements.KtPrimaryConstructorElementType         : loaded 2 times (x 105B)
Class [Lorg.jetbrains.kotlin.psi.KtSecondaryConstructor;                              : loaded 2 times (x 67B)
Class [Lorg.jetbrains.kotlin.psi.KtAnnotated;                                         : loaded 2 times (x 67B)
Class com.intellij.openapi.vfs.VirtualFileUtil                                        : loaded 2 times (x 69B)
Class kotlinx.serialization.descriptors.SerialDescriptor                              : loaded 2 times (x 68B)
Class com.android.tools.lint.checks.AutofillDetector                                  : loaded 2 times (x 151B)
Class com.intellij.openapi.util.RecursionManager$CachingPreventedException            : loaded 2 times (x 80B)
Class com.intellij.core.CoreProjectScopeBuilder$CoreLibrariesScope                    : loaded 2 times (x 97B)
Class com.fasterxml.aalto.util.UriCanonicalizer                                       : loaded 2 times (x 70B)
Class [Lkotlinx.coroutines.CoroutineStart;                                            : loaded 2 times (x 67B)
Class kotlinx.coroutines.CoroutineDispatcher$Key                                      : loaded 2 times (x 70B)
Class kotlinx.collections.immutable.implementations.immutableSet.PersistentHashSetIterator: loaded 2 times (x 80B)
Class com.intellij.psi.impl.source.tree.PlainTextASTFactory                           : loaded 2 times (x 72B)
Class com.intellij.psi.PsiFileSystemItem                                              : loaded 2 times (x 68B)
Class com.intellij.psi.PsiReferenceRegistrar                                          : loaded 2 times (x 78B)
Class com.intellij.util.containers.DisposableWrapperList$DisposableWrapper            : loaded 2 times (x 75B)
Class com.intellij.openapi.editor.impl.DocumentImpl$UnexpectedBulkUpdateStateException: loaded 2 times (x 83B)
Class com.intellij.lang.Language                                                      : loaded 2 times (x 105B)
Class org.jetbrains.kotlin.config.CommonConfigurationKeys                             : loaded 2 times (x 69B)
Class com.android.tools.lint.checks.KotlinNullnessAnnotationDetector                  : loaded 2 times (x 167B)
Class com.android.tools.lint.client.api.SimplePlatformLookup                          : loaded 2 times (x 77B)
Class com.android.tools.lint.checks.WearRecentsDetector$Issues                        : loaded 2 times (x 69B)
Class com.android.tools.lint.checks.ByteOrderMarkDetector                             : loaded 2 times (x 184B)
Class org.jetbrains.uast.UElement                                                     : loaded 2 times (x 68B)
Class com.android.tools.lint.checks.PreferenceActivityDetector                        : loaded 2 times (x 176B)
Class com.android.tools.lint.checks.StringAuthLeakDetector$AuthLeakChecker            : loaded 2 times (x 125B)
Class com.intellij.util.containers.ConcurrentIntObjectMap                             : loaded 2 times (x 68B)
Class com.intellij.util.containers.ContainerUtil$ImmutableListBackedByArray           : loaded 2 times (x 197B)
Class kotlin.reflect.jvm.internal.KClassImpl$Data$$Lambda$8                           : loaded 2 times (x 74B)
Class com.google.common.io.CharStreams$NullWriter                                     : loaded 2 times (x 97B)
Class com.google.common.io.CharSource$CharSequenceCharSource                          : loaded 2 times (x 84B)
Class org.jetbrains.kotlin.compilerRunner.KotlinCompilerArgumentsLogLevel$Companion   : loaded 2 times (x 69B)
Class org.jetbrains.kotlin.gradle.plugin.DefaultKotlinBasePlugin$addKotlinCompilerConfiguration$3$1: loaded 2 times (x 77B)
Class org.jetbrains.kotlin.gradle.tasks.AbstractKotlinCompile$defaultKotlinJavaToolchain$1: loaded 2 times (x 76B)
Class org.jetbrains.kotlin.daemon.common.MultiModuleICSettings                        : loaded 2 times (x 70B)
Class org.jetbrains.kotlin.cli.common.arguments.Freezable                             : loaded 2 times (x 70B)
Class com.google.errorprone.annotations.DoNotMock                                     : loaded 2 times (x 68B)
Class org.jetbrains.kotlin.gradle.internal.transforms.BuildToolsApiClasspathEntrySnapshotTransform$Parameters: loaded 2 times (x 85B)
Class org.jetbrains.kotlin.gradle.plugin.KotlinCompilationInfoKt                      : loaded 2 times (x 69B)
Class org.jetbrains.kotlin.gradle.tasks.KotlinCompile                                 : loaded 2 times (x 496B)
Class org.jetbrains.kotlin.gradle.internal.StdlibDependencyManagementKt               : loaded 2 times (x 69B)
Class org.jetbrains.kotlin.konan.target.KonanTarget$MINGW_X64                         : loaded 2 times (x 76B)
Class org.jetbrains.kotlin.gradle.dsl.PlatformSourceSetConventionsChecker$runChecks$2 : loaded 2 times (x 76B)
Class org.jetbrains.kotlin.gradle.utils.ObservableSet                                 : loaded 2 times (x 68B)
Class org.jetbrains.kotlin.gradle.plugin.diagnostics.KotlinToolingDiagnosticsCollectorKt: loaded 2 times (x 69B)
Class org.jetbrains.kotlin.gradle.plugin.mpp.HierarchyAttributeContainer              : loaded 2 times (x 81B)
Class org.jetbrains.kotlin.gradle.tasks.UsesKotlinJavaToolchain                       : loaded 2 times (x 68B)
Class org.jetbrains.kotlin.gradle.plugin.DefaultKotlinBasePlugin$apply$1              : loaded 2 times (x 73B)
Class org.jetbrains.kotlin.statistics.metrics.StringOverridePolicy$OVERRIDE           : loaded 2 times (x 83B)
Class org.jetbrains.kotlin.gradle.internal.properties.PropertiesBuildService$Params_Decorated: loaded 2 times (x 132B)
Class org.objectweb.asm.SymbolTable$Entry                                             : loaded 2 times (x 72B)
Class com.google.common.util.concurrent.AbstractFuture$AtomicHelper                   : loaded 2 times (x 76B)
Class [Lorg.jetbrains.kotlin.psi.KtSuperTypeList;                                     : loaded 2 times (x 67B)
Class org.jetbrains.kotlin.psi.KtNamedDeclarationStub                                 : loaded 2 times (x 910B)
Class org.jetbrains.kotlin.psi.stubs.elements.KtStubElementTypes                      : loaded 2 times (x 68B)
Class com.intellij.psi.impl.source.StubbedSpine                                       : loaded 2 times (x 68B)
Class [Lcom.intellij.psi.PsiDirectory;                                                : loaded 2 times (x 67B)
Class com.android.tools.lint.UastEnvironmentUtilsKt$reRegisterProgressManager$1       : loaded 2 times (x 115B)
Class com.intellij.core.CoreJavaCodeStyleSettingsFacade                               : loaded 2 times (x 71B)
Class com.intellij.core.CoreProjectScopeBuilder$ContentSearchScope                    : loaded 2 times (x 97B)
Class com.intellij.psi.PsiReference                                                   : loaded 2 times (x 68B)
Class org.codehaus.stax2.LocationInfo                                                 : loaded 2 times (x 68B)
Class com.intellij.psi.StubBuilder                                                    : loaded 2 times (x 68B)
Class com.intellij.psi.stubs.StubSerializer                                           : loaded 2 times (x 68B)
Class [Lcom.intellij.psi.tree.IElementType;                                           : loaded 2 times (x 67B)
Class [Lcom.intellij.openapi.progress.impl.CoreProgressManager$CheckCanceledBehavior; : loaded 2 times (x 67B)
Class com.intellij.openapi.progress.Task$Modal                                        : loaded 2 times (x 93B)
Class com.intellij.openapi.extensions.ExtensionPoint                                  : loaded 2 times (x 68B)
Class com.intellij.openapi.extensions.ExtensionsArea                                  : loaded 2 times (x 68B)
Class com.intellij.openapi.util.registry.EarlyAccessRegistryManagerKt                 : loaded 2 times (x 69B)
Class [Lcom.intellij.openapi.diagnostic.LogLevel;                                     : loaded 2 times (x 67B)
Class com.android.tools.lint.checks.UseCompoundDrawableDetector                       : loaded 2 times (x 151B)
Class com.android.tools.lint.checks.ThreadDetector                                    : loaded 2 times (x 168B)
Class com.android.tools.lint.checks.KotlincFE10Detector                               : loaded 2 times (x 167B)
Class com.android.tools.lint.checks.DeprecationDetector                               : loaded 2 times (x 176B)
Class com.android.tools.lint.checks.CommunicationDeviceDetector                       : loaded 2 times (x 167B)
Class com.android.tools.lint.checks.AssertDetector                                    : loaded 2 times (x 167B)
Class com.android.tools.lint.client.api.IssueRegistry$Companion                       : loaded 2 times (x 69B)
Class com.android.tools.lint.detector.api.ApiConstraint$Companion                     : loaded 2 times (x 69B)
Class com.android.tools.lint.model.LintModelLibrariesReader                           : loaded 2 times (x 71B)
Class com.android.tools.lint.client.api.IssueRegistry                                 : loaded 2 times (x 80B)
Class kotlin.reflect.jvm.internal.KClassImpl$Data$$Lambda$9                           : loaded 2 times (x 74B)
Class build_8noy3lfegld2r0s3xeebtlwum$_run_closure1$_closure3                         : loaded 2 times (x 137B)
Class Build_gradle$2$1                                                                : loaded 2 times (x 76B)
Class Native_plugin_loader_gradle                                                     : loaded 2 times (x 128B)
Class org.jetbrains.kotlin.gradle.plugin.KotlinPlatformPluginBase                     : loaded 2 times (x 74B)
Class org.jetbrains.kotlin.gradle.plugin.mpp.KotlinTargetComponentWithCoordinatesAndPublication: loaded 2 times (x 68B)
Class org.jetbrains.kotlin.gradle.incremental.UsesIncrementalModuleInfoBuildService   : loaded 2 times (x 68B)
Class org.jetbrains.kotlin.konan.target.KonanTarget$ANDROID_X86                       : loaded 2 times (x 76B)
Class org.jetbrains.kotlin.gradle.dsl.PlatformSourceSetConventionsChecker$runChecks$3 : loaded 2 times (x 76B)
Class org.jetbrains.kotlin.gradle.plugin.RegisterKotlinPluginExtensionsKt             : loaded 2 times (x 69B)
Class org.jetbrains.kotlin.gradle.plugin.mpp.resources.resolve.KotlinTargetResourcesResolutionStrategy: loaded 2 times (x 77B)
Class org.jetbrains.kotlin.gradle.utils.CompilerOptionsKt$configureExperimentalTryNext$1$1: loaded 2 times (x 76B)
Class org.jetbrains.kotlin.gradle.utils.CompilerOptionsKt                             : loaded 2 times (x 69B)
Class org.jetbrains.kotlin.gradle.utils.SingleAction                                  : loaded 2 times (x 71B)
Class org.jetbrains.kotlin.gradle.plugin.PropertiesProvider$Companion                 : loaded 2 times (x 69B)
Class org.objectweb.asm.Edge                                                          : loaded 2 times (x 70B)
Class com.google.common.base.Suppliers$SupplierOfInstance                             : loaded 2 times (x 77B)
Class com.google.common.collect.Iterators$1                                           : loaded 2 times (x 79B)
Class com.intellij.util.containers.ShareableKey                                       : loaded 2 times (x 68B)
Class org.jetbrains.kotlin.psi.KtQualifiedExpression                                  : loaded 2 times (x 68B)
Class org.jetbrains.kotlin.psi.stubs.KotlinTypeProjectionStub                         : loaded 2 times (x 68B)
Class org.jetbrains.kotlin.psi.stubs.KotlinModifierListStub                           : loaded 2 times (x 68B)
Class [Lorg.jetbrains.kotlin.psi.KtClassBody;                                         : loaded 2 times (x 67B)
Class org.jetbrains.kotlin.psi.KtValVarKeywordOwner                                   : loaded 2 times (x 68B)
Class org.jetbrains.kotlin.psi.KtExpression                                           : loaded 2 times (x 68B)
Class it.unimi.dsi.fastutil.ints.Int2ObjectMap                                        : loaded 2 times (x 68B)
Class kotlinx.coroutines.ExecutorCoroutineDispatcher$Key$1                            : loaded 2 times (x 76B)
Class com.intellij.openapi.util.Conditions                                            : loaded 2 times (x 69B)
Class kotlinx.collections.immutable.ImmutableList                                     : loaded 2 times (x 68B)
Class com.intellij.openapi.editor.impl.IntervalTreeImpl                               : loaded 2 times (x 128B)
Class com.intellij.openapi.vfs.VirtualFile                                            : loaded 2 times (x 152B)
Class com.intellij.concurrency.JobLauncher                                            : loaded 2 times (x 74B)
Class com.intellij.mock.MockComponentManager                                          : loaded 2 times (x 159B)
Class com.intellij.util.containers.ConcurrentRefHashMap$KeyReference                  : loaded 2 times (x 68B)
Class com.android.tools.lint.checks.VectorDrawableCompatDetector$Companion            : loaded 2 times (x 69B)
Class com.android.tools.lint.checks.PrivateApiDetector                                : loaded 2 times (x 168B)
Class com.android.tools.lint.checks.PermissionErrorDetector                           : loaded 2 times (x 151B)
Class com.android.tools.lint.UastEnvironment$Companion$logger$1                       : loaded 2 times (x 77B)
Class com.android.tools.lint.checks.ForegroundServicePermissionDetector$Companion     : loaded 2 times (x 69B)
Class com.intellij.openapi.vfs.newvfs.CachingVirtualFileSystem                        : loaded 2 times (x 68B)
Class com.intellij.util.messages.impl.SimpleMessageBusConnectionImpl                  : loaded 2 times (x 83B)
Class com.intellij.psi.PsiPlainText                                                   : loaded 2 times (x 68B)
Class kotlin.Metadata                                                                 : loaded 2 times (x 68B)
Class build_4o5lwbfpc9o3rzc6z56ytcvxd$_run_closure1$_closure3                         : loaded 2 times (x 137B)
Class build_7k9adszza6wvbq5qkdsjypebc                                                 : loaded 2 times (x 178B)
Class com.google.common.reflect.TypeToken$1                                           : loaded 2 times (x 108B)
Class org.jetbrains.kotlin.gradle.tasks.KotlinCompile$defaultKotlinJavaToolchain$1    : loaded 2 times (x 77B)
Class org.jetbrains.kotlin.gradle.tasks.KotlinJavaToolchain$JavaToolchainSetter       : loaded 2 times (x 68B)
Class org.jetbrains.kotlin.gradle.dsl.PlatformSourceSetConventionsChecker$runChecks$4 : loaded 2 times (x 76B)
Class org.jetbrains.kotlin.gradle.plugin.diagnostics.checkers.JsLikeEnvironmentChecker$runChecks$1: loaded 2 times (x 86B)
Class org.jetbrains.kotlin.gradle.plugin.diagnostics.UsesKotlinToolingDiagnostics     : loaded 2 times (x 68B)
Class org.jetbrains.kotlin.gradle.plugin.diagnostics.KotlinToolingDiagnostics$WasmJsEnvironmentNotChosenExplicitly: loaded 2 times (x 71B)
Class org.jetbrains.kotlin.tooling.core.ExtrasPropertyKt$extrasLazyProperty$1         : loaded 2 times (x 92B)
Class org.jetbrains.kotlin.statistics.metrics.BooleanAnonymizationPolicy$SAFE         : loaded 2 times (x 83B)
Class com.google.common.cache.LocalCache$ComputingValueReference                      : loaded 2 times (x 94B)
Class com.intellij.psi.impl.source.PsiJavaFileImpl                                    : loaded 2 times (x 962B)
Class [Lorg.jetbrains.kotlin.psi.KtStringTemplateEntryWithExpression;                 : loaded 2 times (x 67B)
Class org.jetbrains.kotlin.psi.KtTypeProjection                                       : loaded 2 times (x 582B)
Class org.jetbrains.kotlin.psi.stubs.KotlinFunctionTypeStub                           : loaded 2 times (x 68B)
Class com.intellij.util.containers.ConcurrentWeakValueHashMap$MyWeakReference         : loaded 2 times (x 82B)
Class com.intellij.openapi.util.UnfairTextRange                                       : loaded 2 times (x 94B)
Class com.intellij.ide.plugins.PluginContentDescriptor                                : loaded 2 times (x 70B)
Class com.intellij.util.containers.UnsafeWeakList$MyReference                         : loaded 2 times (x 77B)
Class com.intellij.codeInsight.ContainerProvider                                      : loaded 2 times (x 68B)
Class kotlinx.collections.immutable.implementations.immutableSet.TrieNode             : loaded 2 times (x 70B)
Class com.intellij.openapi.progress.Task$WithResult                                   : loaded 2 times (x 95B)
Class com.intellij.psi.tree.ILazyParseableElementTypeBase                             : loaded 2 times (x 68B)
Class com.intellij.navigation.ItemPresentationProviders                               : loaded 2 times (x 84B)
Class com.android.tools.lint.checks.VectorPathDetector                                : loaded 2 times (x 152B)
Class com.android.tools.lint.checks.HardcodedValuesDetector                           : loaded 2 times (x 151B)
Class com.android.tools.lint.checks.CredentialManagerMisuseDetector$Companion         : loaded 2 times (x 69B)
Class com.google.common.reflect.TypeToken$2                                           : loaded 2 times (x 108B)
Class com.google.common.collect.AbstractMapBasedMultimap$AsMap$AsMapEntries           : loaded 2 times (x 136B)
Class org.jetbrains.kotlin.gradle.internal.KotlinDependenciesManagementKt$configureDefaultVersionsResolutionStrategy$1$1$1: loaded 2 times (x 73B)
Class org.jetbrains.kotlin.gradle.plugin.mpp.compilationImpl.DefaultKotlinCompilationSourceSetsContainer$allKotlinSourceSetsImpl$1$1: loaded 2 times (x 78B)
Class org.jetbrains.kotlin.gradle.plugin.mpp.compilationImpl.DefaultKotlinCompilationSourceSetsContainer: loaded 2 times (x 76B)
Class org.jetbrains.kotlin.konan.target.KonanTarget$TVOS_SIMULATOR_ARM64              : loaded 2 times (x 76B)
Class org.jetbrains.kotlin.konan.target.KonanTarget$Companion                         : loaded 2 times (x 69B)
Class org.jetbrains.kotlin.gradle.plugin.KotlinPluginLifecycle$Stage$Companion        : loaded 2 times (x 69B)
Class org.jetbrains.kotlin.gradle.plugin.diagnostics.checkers.DeprecatedKotlinNativeTargetsChecker: loaded 2 times (x 72B)
Class org.jetbrains.kotlin.gradle.targets.native.ConfigureFrameworkExportSideEffectKt$special$$inlined$KotlinTargetSideEffect$1: loaded 2 times (x 72B)
Class org.jetbrains.kotlin.tooling.core.AbstractExtras                                : loaded 2 times (x 139B)
Class com.google.common.cache.LocalCache$Segment                                      : loaded 2 times (x 152B)
Class com.intellij.openapi.util.io.FileAttributes$CaseSensitivity                     : loaded 2 times (x 77B)
Class org.jetbrains.kotlin.psi.stubs.KotlinScriptStub                                 : loaded 2 times (x 68B)
Class com.intellij.psi.ContributedReferenceHost                                       : loaded 2 times (x 68B)
Class [Lorg.jetbrains.kotlin.psi.KtDelegatedSuperTypeEntry;                           : loaded 2 times (x 67B)
Class org.jetbrains.kotlin.psi.stubs.elements.KtAnnotationUseSiteTargetElementType    : loaded 2 times (x 98B)
Class org.jetbrains.kotlin.psi.stubs.KotlinObjectStub                                 : loaded 2 times (x 68B)
Class org.jetbrains.kotlin.psi.stubs.elements.KtClassElementType                      : loaded 2 times (x 104B)
Class [Lcom.intellij.pom.Navigatable;                                                 : loaded 2 times (x 67B)
Class com.intellij.psi.AbstractFileViewProvider                                       : loaded 2 times (x 157B)
Class com.intellij.util.xml.dom.XmlElement                                            : loaded 2 times (x 70B)
Class com.intellij.openapi.util.NotNullLazyValue$4                                    : loaded 2 times (x 76B)
Class com.intellij.psi.JavaModuleSystem                                               : loaded 2 times (x 68B)
Class com.intellij.lang.jvm.facade.JvmFacadeImpl                                      : loaded 2 times (x 75B)
Class org.jetbrains.kotlin.utils.PathUtil                                             : loaded 2 times (x 69B)
Class [Lcom.intellij.openapi.vfs.VirtualFileFilter;                                   : loaded 2 times (x 67B)
Class com.intellij.psi.search.EverythingGlobalScope                                   : loaded 2 times (x 97B)
Class com.intellij.psi.impl.file.impl.FileManagerImpl$1                               : loaded 2 times (x 76B)
Class org.codehaus.stax2.ri.typed.ValueDecoderFactory$IntegerDecoder                  : loaded 2 times (x 83B)
Class com.fasterxml.aalto.impl.StreamExceptionBase                                    : loaded 2 times (x 83B)
Class com.intellij.psi.impl.compiled.ClassFileStubBuilder                             : loaded 2 times (x 95B)
Class com.intellij.psi.FileViewProviderFactory                                        : loaded 2 times (x 68B)
Class com.intellij.openapi.progress.Progressive                                       : loaded 2 times (x 68B)
Class com.intellij.psi.PsiReferenceService                                            : loaded 2 times (x 71B)
Class com.intellij.openapi.project.IndexNotReadyException                             : loaded 2 times (x 83B)
Class com.intellij.lang.FileASTNode                                                   : loaded 2 times (x 68B)
Class com.intellij.openapi.vfs.encoding.EncodingManager                               : loaded 2 times (x 83B)
Class com.intellij.psi.stubs.BinaryFileStubBuilders                                   : loaded 2 times (x 88B)
Class com.intellij.openapi.vfs.pointers.VirtualFilePointerManager                     : loaded 2 times (x 80B)
Class com.intellij.ide.plugins.PluginDescriptorLoader$loadForCoreEnv$1                : loaded 2 times (x 93B)
Class org.jetbrains.kotlin.utils.DescriptionAware                                     : loaded 2 times (x 68B)
Class com.intellij.AbstractBundle                                                     : loaded 2 times (x 76B)
Class com.android.tools.lint.UastEnvironment$Module                                   : loaded 2 times (x 70B)
Class com.android.tools.lint.checks.TypedefDetector                                   : loaded 2 times (x 168B)
Class com.android.tools.lint.checks.CallSuperDetector$Issues                          : loaded 2 times (x 69B)
Class [Lcom.fasterxml.aalto.in.ByteBasedPName;                                        : loaded 2 times (x 67B)
Class Native_plugin_loader_gradle$NativePluginLoader$Companion                        : loaded 2 times (x 69B)
Class [Lcom.google.common.base.Supplier;                                              : loaded 2 times (x 67B)
Class org.jetbrains.kotlin.build.report.metrics.BuildTimes                            : loaded 2 times (x 70B)
Class org.jetbrains.kotlin.gradle.tasks.KotlinCompile$ClasspathSnapshotProperties     : loaded 2 times (x 73B)
Class org.jetbrains.kotlin.gradle.internal.StdlibDependencyManagementKt$addStdlibDependency$1$1: loaded 2 times (x 77B)
Class org.jetbrains.kotlin.gradle.tasks.configuration.BaseKotlinCompileConfig$2$1     : loaded 2 times (x 73B)
Class org.jetbrains.kotlin.gradle.plugin.diagnostics.TransformActionUsingKotlinToolingDiagnostics: loaded 2 times (x 68B)
Class com.google.common.collect.SortedIterable                                        : loaded 2 times (x 68B)
Class org.jetbrains.kotlin.gradle.dsl.PlatformSourceSetConventionsChecker$runChecks$6 : loaded 2 times (x 86B)
Class org.jetbrains.kotlin.gradle.plugin.sources.DefaultKotlinSourceSet_Decorated     : loaded 2 times (x 190B)
Class org.jetbrains.kotlin.gradle.plugin.mpp.KotlinCompilationsKt                     : loaded 2 times (x 69B)
Class org.jetbrains.kotlin.gradle.utils.GradleUtilsKt$registerClassLoaderScopedBuildService$1: loaded 2 times (x 72B)
Class org.jetbrains.kotlin.statistics.metrics.StringOverridePolicy                    : loaded 2 times (x 83B)
Class org.jetbrains.kotlin.gradle.plugin.statistics.DefaultKotlinBuildStatsBeanService: loaded 2 times (x 90B)
Class [Lorg.objectweb.asm.SymbolTable$Entry;                                          : loaded 2 times (x 67B)
Class com.google.common.cache.CacheLoader                                             : loaded 2 times (x 72B)
Class com.google.common.collect.Iterators$4                                           : loaded 2 times (x 80B)
Class com.google.common.collect.ImmutableBiMap                                        : loaded 2 times (x 141B)
Class com.google.common.collect.AbstractListMultimap                                  : loaded 2 times (x 170B)
Class org.gradle.internal.installation.GradleInstallation$1                           : loaded 2 times (x 73B)
Class org.gradle.api.internal.classpath.ModuleRegistry                                : loaded 2 times (x 68B)
Class [Lcom.intellij.extapi.psi.StubBasedPsiElementBase;                              : loaded 2 times (x 67B)
Class org.jetbrains.kotlin.psi.KtStatementExpression                                  : loaded 2 times (x 68B)
Class org.jetbrains.kotlin.psi.KtDeclarationContainer                                 : loaded 2 times (x 68B)
Class com.intellij.psi.PsiLock                                                        : loaded 2 times (x 69B)
Class com.android.tools.lint.UastEnvironment$Module$Variant                           : loaded 2 times (x 77B)
Class com.intellij.psi.impl.source.HolderFactory                                      : loaded 2 times (x 68B)
Class org.jetbrains.kotlin.utils.PlatformUtilsKt                                      : loaded 2 times (x 69B)
Class com.intellij.psi.PsiRecursiveElementWalkingVisitor                              : loaded 2 times (x 82B)
Class com.intellij.psi.impl.file.impl.FileManagerImpl$2                               : loaded 2 times (x 74B)
Class com.fasterxml.aalto.WFCException                                                : loaded 2 times (x 83B)
Class com.intellij.codeInsight.folding.JavaCodeFoldingSettings                        : loaded 2 times (x 101B)
Class com.intellij.util.containers.ContainerUtil$9$1                                  : loaded 2 times (x 80B)
Class com.intellij.openapi.progress.impl.CoreProgressManager$CheckCanceledBehavior    : loaded 2 times (x 77B)
Class it.unimi.dsi.fastutil.doubles.Double2ObjectMap                                  : loaded 2 times (x 68B)
Class com.intellij.core.CoreEncodingProjectManager                                    : loaded 2 times (x 83B)
Class com.intellij.util.messages.Topic$BroadcastDirection                             : loaded 2 times (x 77B)
Class org.jetbrains.kotlin.cli.jvm.modules.CoreJrtFileSystem                          : loaded 2 times (x 99B)
Class com.intellij.openapi.vfs.VirtualFileSystem                                      : loaded 2 times (x 86B)
Class org.jetbrains.kotlin.cli.jvm.compiler.KotlinCoreApplicationEnvironmentMode      : loaded 2 times (x 68B)
Class com.intellij.util.ArrayUtilRt                                                   : loaded 2 times (x 69B)
Class com.android.tools.lint.checks.WearSplashScreenDetector                          : loaded 2 times (x 151B)
Class com.intellij.util.ArrayFactory                                                  : loaded 2 times (x 68B)
Class org.jetbrains.kotlin.cli.jvm.compiler.KotlinCoreProjectEnvironment              : loaded 2 times (x 87B)
Class com.android.tools.lint.checks.ChromeOsDetector                                  : loaded 2 times (x 152B)
Class com.android.support.AndroidxName                                                : loaded 2 times (x 78B)
Class com.intellij.psi.search.DelegatingGlobalSearchScope                             : loaded 2 times (x 99B)
Class com.intellij.psi.impl.source.resolve.PsiResolveHelperImpl$2                     : loaded 2 times (x 112B)
Class org.jetbrains.kotlin.load.java.structure.impl.classFiles.BinaryClassSignatureParser$ClsFormatException: loaded 2 times (x 80B)
Class org.apache.commons.io.output.NullWriter                                         : loaded 2 times (x 97B)
Class org.jetbrains.kotlin.gradle.logging.GradleKotlinLogger                          : loaded 2 times (x 78B)
Class org.jetbrains.kotlin.gradle.plugin.KotlinPluginLifecycle$ProjectConfigurationResult: loaded 2 times (x 69B)
Class org.jetbrains.kotlin.gradle.internal.KotlinDependenciesManagementKt$configureDefaultVersionsResolutionStrategy$1: loaded 2 times (x 73B)
Class org.jetbrains.kotlin.gradle.internal.StdlibDependencyManagementKt$configureStdlibDefaultDependency$1: loaded 2 times (x 77B)
Class org.jetbrains.kotlin.gradle.model.builder.KotlinModelBuilder$Companion          : loaded 2 times (x 69B)
Class org.jetbrains.kotlin.gradle.plugin.mpp.compilationImpl.KotlinCreateResourcesTaskSideEffectKt: loaded 2 times (x 69B)
Class org.jetbrains.kotlin.gradle.targets.native.internal.SetupKotlinNativePlatformDependenciesAndStdlibKt: loaded 2 times (x 69B)
Class [Lorg.jetbrains.kotlin.gradle.plugin.mpp.resources.resolve.KotlinTargetResourcesResolutionStrategy;: loaded 2 times (x 67B)
Class org.jetbrains.kotlin.gradle.plugin.mpp.KotlinUsages                             : loaded 2 times (x 69B)
Class org.jetbrains.kotlin.gradle.internal.properties.NativePropertiesLoader$Companion: loaded 2 times (x 69B)
Class [Lorg.jetbrains.kotlin.build.report.metrics.GradleBuildPerformanceMetric;       : loaded 2 times (x 67B)
Class org.jetbrains.kotlin.gradle.plugin.statistics.KotlinBuildStatsBeanService$Companion: loaded 2 times (x 69B)
Class org.jetbrains.kotlin.gradle.plugin.statistics.BuildFusService$Companion         : loaded 2 times (x 69B)
Class com.google.common.util.concurrent.internal.InternalFutureFailureAccess          : loaded 2 times (x 70B)
Class com.google.common.collect.Iterators$5                                           : loaded 2 times (x 80B)
Class org.jetbrains.kotlin.psi.KtAnnotationUseSiteTarget                              : loaded 2 times (x 441B)
Class [Lorg.jetbrains.kotlin.psi.KtPrimaryConstructor;                                : loaded 2 times (x 67B)
Class org.jetbrains.kotlin.psi.KtPropertyAccessor                                     : loaded 2 times (x 880B)
Class org.jetbrains.kotlin.psi.KtElement                                              : loaded 2 times (x 68B)
Class com.intellij.util.concurrency.ThreadingAssertions                               : loaded 2 times (x 69B)
Class com.intellij.openapi.extensions.ExtensionDescriptor                             : loaded 2 times (x 70B)
Class kotlinx.serialization.descriptors.PrimitiveKind                                 : loaded 2 times (x 69B)
Class kotlinx.serialization.KSerializer                                               : loaded 2 times (x 68B)
Class com.android.tools.lint.UastEnvironmentUtilsKt$configureAnalysisApiProjectStructure$1: loaded 2 times (x 77B)
Class com.intellij.core.CoreJavaFileCodeStyleFacade                                   : loaded 2 times (x 97B)
Class com.intellij.psi.search.GlobalSearchScope$IntersectionScope                     : loaded 2 times (x 100B)
Class com.intellij.psi.impl.DocumentCommitProcessor                                   : loaded 2 times (x 68B)
Class com.intellij.testFramework.LightVirtualFileBase$MyVirtualFileSystem             : loaded 2 times (x 99B)
Class com.intellij.core.CoreProjectScopeBuilder                                       : loaded 2 times (x 75B)
Class org.jetbrains.kotlin.parsing.KotlinParserDefinition                             : loaded 2 times (x 93B)
Class com.fasterxml.aalto.util.XmlCharTypes                                           : loaded 2 times (x 70B)
Class com.intellij.util.ConcurrencyUtil                                               : loaded 2 times (x 69B)
Class kotlinx.coroutines.Job$Key                                                      : loaded 2 times (x 69B)
Class kotlinx.coroutines.DefaultExecutor                                              : loaded 2 times (x 118B)
Class [Lcom.intellij.openapi.util.UserDataHolderBase;                                 : loaded 2 times (x 67B)
Class com.intellij.serviceContainer.LazyExtensionInstance                             : loaded 2 times (x 72B)
Class com.intellij.ide.plugins.PluginEnabler                                          : loaded 2 times (x 68B)
Class com.intellij.openapi.util.KeyedExtensionCollector                               : loaded 2 times (x 84B)
Class com.android.tools.lint.client.api.PlatformLookup                                : loaded 2 times (x 68B)
Class com.android.tools.lint.checks.WearStandaloneAppDetector                         : loaded 2 times (x 151B)
Class com.android.tools.lint.checks.ViewTypeDetector$Companion                        : loaded 2 times (x 69B)
Class com.android.tools.lint.checks.TranslationDetector                               : loaded 2 times (x 160B)
Class com.android.tools.lint.checks.TextFieldDetector                                 : loaded 2 times (x 151B)
Class org.jetbrains.kotlin.name.FqNameUnsafe                                          : loaded 2 times (x 70B)
Class com.android.tools.lint.checks.ForegroundServicePermissionDetector               : loaded 2 times (x 176B)
Class com.android.tools.lint.checks.FirebaseMessagingDetector                         : loaded 2 times (x 167B)
Class com.android.tools.lint.checks.FineLocationDetector$Companion                    : loaded 2 times (x 69B)
Class com.android.tools.lint.checks.AndroidTvDetector                                 : loaded 2 times (x 152B)
Class [Lorg.jetbrains.kotlin.psi.KtAnonymousInitializer;                              : loaded 2 times (x 67B)
Class [Lorg.jetbrains.kotlin.psi.KtUserType;                                          : loaded 2 times (x 67B)
Class [Lorg.jetbrains.kotlin.psi.ValueArgument;                                       : loaded 2 times (x 67B)
Class com.android.tools.lint.LintCliClient$Companion                                  : loaded 2 times (x 69B)
Class com.google.common.collect.ImmutableSortedAsList                                 : loaded 2 times (x 218B)
Class com.google.common.collect.ImmutableMultimap$Values                              : loaded 2 times (x 124B)
Class com.google.common.collect.HashBiMap$Inverse                                     : loaded 2 times (x 140B)
Class org.jetbrains.kotlin.gradle.plugin.HasCompilerOptions                           : loaded 2 times (x 68B)
Class org.jetbrains.kotlin.gradle.plugin.mpp.compilationImpl.DefaultKotlinCompilationFriendPathsResolver$FriendArtifactResolver: loaded 2 times (x 68B)
Class org.jetbrains.kotlin.konan.target.KonanTarget$WATCHOS_SIMULATOR_ARM64           : loaded 2 times (x 76B)
Class org.jetbrains.kotlin.gradle.targets.js.ir.KotlinJsIrTarget                      : loaded 2 times (x 258B)
Class org.jetbrains.kotlin.gradle.plugin.mpp.DefaultKotlinUsageContext                : loaded 2 times (x 106B)
Class org.jetbrains.kotlin.gradle.plugin.KotlinPluginLifecycleImpl$start$3            : loaded 2 times (x 77B)
Class org.jetbrains.kotlin.gradle.plugin.KotlinMultiplatformPluginWrapper             : loaded 2 times (x 84B)
Class [Lorg.jetbrains.kotlin.statistics.metrics.BooleanMetrics;                       : loaded 2 times (x 67B)
Class org.jetbrains.kotlin.gradle.internal.properties.PropertiesBuildService$Companion: loaded 2 times (x 69B)
Class com.google.common.util.concurrent.AbstractFuture$UnsafeAtomicHelper             : loaded 2 times (x 76B)
Class com.google.common.cache.LocalCache$LocalManualCache$1                           : loaded 2 times (x 73B)
Class org.jetbrains.kotlin.psi.stubs.elements.KtUserTypeElementType                   : loaded 2 times (x 101B)
Class org.jetbrains.kotlin.psi.KtPackageDirective                                     : loaded 2 times (x 590B)
Class [Lcom.intellij.psi.PsiNameIdentifierOwner;                                      : loaded 2 times (x 67B)
Class com.intellij.psi.codeStyle.CodeStyleSettingsFacade                              : loaded 2 times (x 68B)
Class com.intellij.openapi.roots.LanguageLevelProjectExtension                        : loaded 2 times (x 76B)
Class com.intellij.psi.search.LocalSearchScope                                        : loaded 2 times (x 83B)
Class com.intellij.util.xml.dom.StaxFactory                                           : loaded 2 times (x 69B)
Class com.intellij.psi.impl.smartPointers.SmartPointerAnchorProvider                  : loaded 2 times (x 71B)
Class org.jetbrains.kotlin.cli.jvm.compiler.DummyJavaFileCodeStyleFacadeFactory       : loaded 2 times (x 72B)
Class com.intellij.openapi.util.ModificationTracker$1                                 : loaded 2 times (x 73B)
Class com.intellij.openapi.extensions.impl.ObjectComponentAdapter                     : loaded 2 times (x 78B)
Class kotlinx.collections.immutable.internal.ListImplementation                       : loaded 2 times (x 69B)
Class com.intellij.openapi.command.CommandToken                                       : loaded 2 times (x 68B)
Class com.intellij.platform.diagnostic.telemetry.IJTracer                             : loaded 2 times (x 68B)
Class com.intellij.openapi.extensions.DefaultPluginDescriptor                         : loaded 2 times (x 112B)
Class com.intellij.openapi.util.text.Strings                                          : loaded 2 times (x 69B)
Class com.intellij.util.containers.RefHashMap$HardKey                                 : loaded 2 times (x 76B)
Class it.unimi.dsi.fastutil.objects.Reference2ObjectOpenHashMap                       : loaded 2 times (x 182B)
Class it.unimi.dsi.fastutil.objects.ObjectOpenCustomHashSet                           : loaded 2 times (x 186B)
Class com.android.tools.lint.checks.TraceSectionDetector$Companion                    : loaded 2 times (x 69B)
Class com.android.tools.lint.checks.TraceSectionDetector                              : loaded 2 times (x 167B)
Class com.android.tools.lint.checks.PendingIntentMutableImplicitDetector$Companion    : loaded 2 times (x 69B)
Class com.intellij.psi.impl.source.SpineRef                                           : loaded 2 times (x 75B)
Class org.gradle.internal.classloader.ClassLoaderVisitor                              : loaded 2 times (x 74B)
Class org.jetbrains.kotlin.statistics.metrics.StringAnonymizationPolicy               : loaded 2 times (x 76B)
Class org.jetbrains.kotlin.statistics.metrics.NumberAnonymizationPolicy               : loaded 2 times (x 83B)
Class build_7k9adszza6wvbq5qkdsjypebc$_run_closure1                                   : loaded 2 times (x 137B)
Class com.google.common.collect.ImmutableSortedMap$1EntrySet                          : loaded 2 times (x 151B)
Class org.jetbrains.kotlin.gradle.plugin.mpp.compilationImpl.KotlinCompilationConfigurationsContainer: loaded 2 times (x 68B)
Class org.jetbrains.kotlin.gradle.internal.StdlibDependencyManagementKt$addStdlibDependency$1: loaded 2 times (x 73B)
Class [Lorg.jetbrains.kotlin.gradle.plugin.KotlinPluginLifecycle$CoroutineStart;      : loaded 2 times (x 67B)
Class org.jetbrains.kotlin.gradle.dsl.IosSourceSetConventionChecker                   : loaded 2 times (x 72B)
Class org.jetbrains.kotlin.gradle.plugin.diagnostics.KotlinGradleProjectChecker       : loaded 2 times (x 68B)
Class org.jetbrains.kotlin.gradle.dsl.KotlinMultiplatformSourceSetConventions         : loaded 2 times (x 68B)
Class org.jetbrains.kotlin.gradle.plugin.sources.KotlinSourceSetFactory$Companion     : loaded 2 times (x 69B)
Class org.jetbrains.kotlin.statistics.metrics.NumberOverridePolicy$SUM                : loaded 2 times (x 83B)
Class org.gradle.api.internal.classpath.DefaultModuleRegistry                         : loaded 2 times (x 84B)
Class org.jetbrains.kotlin.gradle.report.BuildMetricsService                          : loaded 2 times (x 84B)
Class com.intellij.openapi.roots.ContentIterator                                      : loaded 2 times (x 68B)
Class com.intellij.psi.scope.PsiScopeProcessor$Event                                  : loaded 2 times (x 68B)
Class org.jetbrains.kotlin.psi.KtCallElement                                          : loaded 2 times (x 68B)
Class org.jetbrains.kotlin.psi.stubs.KotlinParameterStub                              : loaded 2 times (x 68B)
Class org.jetbrains.kotlin.psi.KtTypeAlias                                            : loaded 2 times (x 1067B)
Class kotlinx.serialization.internal.MapLikeDescriptor                                : loaded 2 times (x 94B)
Class com.intellij.core.CoreProjectEnvironment                                        : loaded 2 times (x 80B)
Class kotlinx.coroutines.EventLoop                                                    : loaded 2 times (x 103B)
Class com.intellij.util.Query                                                         : loaded 2 times (x 68B)
Class kotlin.collections.AbstractSet                                                  : loaded 2 times (x 133B)
Class com.intellij.DynamicBundle$LanguageBundleEP                                     : loaded 2 times (x 73B)
Class com.intellij.openapi.progress.Task$Backgroundable                               : loaded 2 times (x 100B)
Class com.intellij.openapi.extensions.Extensions                                      : loaded 2 times (x 69B)
Class com.intellij.lang.LanguageASTFactory                                            : loaded 2 times (x 94B)
Class com.android.tools.lint.checks.TypedefDetector$Companion                         : loaded 2 times (x 69B)
Class com.android.tools.lint.checks.ScopedStorageDetector                             : loaded 2 times (x 152B)
Class com.android.tools.lint.checks.RemoteViewDetector$Issues                         : loaded 2 times (x 69B)
Class com.android.tools.lint.checks.PluralsDetector                                   : loaded 2 times (x 151B)
Class org.jetbrains.kotlin.gradle.targets.metadata.KotlinMetadataTargetConfiguratorKt$special$$inlined$extrasStoredFuture$1: loaded 2 times (x 77B)
Class com.intellij.pom.PomNamedTarget                                                 : loaded 2 times (x 68B)
Class com.intellij.lang.jvm.JvmAnnotatedElement                                       : loaded 2 times (x 68B)
Class com.android.tools.lint.detector.api.SourceCodeScanner                           : loaded 2 times (x 68B)
Class org.jetbrains.kotlin.gradle.targets.js.npm.NpmDependencyExtensionKt             : loaded 2 times (x 69B)
Class org.jetbrains.kotlin.gradle.plugin.diagnostics.checkers.JsEnvironmentChecker    : loaded 2 times (x 74B)
Class org.jetbrains.kotlin.gradle.plugin.diagnostics.UsesKotlinToolingDiagnosticsParameters: loaded 2 times (x 68B)
Class [Lorg.jetbrains.kotlin.gradle.dsl.KotlinVersion;                                : loaded 2 times (x 67B)
Class org.jetbrains.kotlin.gradle.plugin.diagnostics.ToolingDiagnosticRenderingOptions: loaded 2 times (x 70B)
Class kotlin.reflect.jvm.internal.impl.name.SpecialNames                              : loaded 2 times (x 69B)
Class kotlin.reflect.jvm.internal.impl.builtins.functions.FunctionTypeKind$KFunction  : loaded 2 times (x 70B)
Class org.jetbrains.kotlin.gradle.plugin.KotlinTargetWithTests                        : loaded 2 times (x 68B)
Class org.jetbrains.kotlin.gradle.plugin.internal.state.TaskExecutionResults          : loaded 2 times (x 69B)
Class org.jetbrains.kotlin.gradle.plugin.statistics.BuildFusService$Parameters$Inject : loaded 2 times (x 110B)
Class org.jetbrains.kotlin.compilerRunner.KotlinCompilerArgumentsLogLevel             : loaded 2 times (x 77B)
Class org.jetbrains.kotlin.gradle.plugin.mpp.compilationImpl.factory.CompositePostConfigure: loaded 2 times (x 73B)
Class org.jetbrains.kotlin.gradle.targets.native.internal.CInteropConfigurationsKt    : loaded 2 times (x 69B)
Class org.jetbrains.kotlin.statistics.metrics.StatisticsValuesConsumer                : loaded 2 times (x 68B)
Class com.google.common.util.concurrent.ListenableFuture                              : loaded 2 times (x 68B)
Class com.google.common.cache.ReferenceEntry                                          : loaded 2 times (x 68B)
Class org.jetbrains.kotlin.analysis.api.projectStructure.KaModule                     : loaded 2 times (x 68B)
Class org.jetbrains.kotlin.psi.KtContractEffect                                       : loaded 2 times (x 441B)
Class com.intellij.psi.PsiLargeFile                                                   : loaded 2 times (x 68B)
Class com.intellij.psi.PsiImportStatementBase                                         : loaded 2 times (x 68B)
Class com.intellij.openapi.util.io.FileTooBigException                                : loaded 2 times (x 80B)
Class com.intellij.util.keyFMap.OneElementFMap                                        : loaded 2 times (x 80B)
Class org.jetbrains.kotlin.compilerRunner.CompilerSystemPropertiesService$Parameters_Decorated: loaded 2 times (x 132B)
Class com.intellij.openapi.util.BuildNumber                                           : loaded 2 times (x 73B)
Class com.intellij.lang.DefaultASTFactoryImpl                                         : loaded 2 times (x 76B)
Class com.intellij.util.containers.IdentityHashingStrategy                            : loaded 2 times (x 73B)
Class com.intellij.util.containers.IntKeyWeakValueHashMap                             : loaded 2 times (x 83B)
Class com.android.tools.lint.checks.WearBackNavigationDetector                        : loaded 2 times (x 151B)
Class com.android.tools.lint.checks.StringEscapeDetector                              : loaded 2 times (x 151B)
Class org.jetbrains.kotlin.gradle.plugin.PropertiesProvider$kotlinCompilerArgumentsLogLevel$1: loaded 2 times (x 72B)
Class com.android.tools.lint.checks.LocaleDetector$Companion                          : loaded 2 times (x 69B)
Class com.android.tools.lint.checks.KotlincFE10Detector$Companion                     : loaded 2 times (x 69B)
Class com.intellij.lang.jvm.JvmMethod                                                 : loaded 2 times (x 68B)
Class com.google.common.collect.ReverseNaturalOrdering                                : loaded 2 times (x 112B)
Class com.google.common.io.ByteSource$ConcatenatedByteSource                          : loaded 2 times (x 83B)
Class org.jetbrains.kotlin.gradle.plugin.DefaultKotlinBasePlugin$addKotlinCompilerConfiguration$2$1$1$1: loaded 2 times (x 73B)
Class org.jetbrains.kotlin.gradle.plugin.statistics.NonSynchronizedMetricsContainer   : loaded 2 times (x 75B)
Class org.jetbrains.kotlin.gradle.tasks.KotlinCompilerExecutionStrategy$Companion     : loaded 2 times (x 69B)
Class org.jetbrains.kotlin.gradle.plugin.CompilerPluginConfig                         : loaded 2 times (x 70B)
Class org.jetbrains.kotlin.gradle.model.builder.KotlinModelBuilder                    : loaded 2 times (x 74B)
Class [Lorg.jetbrains.kotlin.tooling.core.HasMutableExtras;                           : loaded 2 times (x 67B)
Class org.jetbrains.kotlin.gradle.plugin.diagnostics.checkers.GradleDeprecatedPropertyChecker: loaded 2 times (x 72B)
Class org.jetbrains.kotlin.gradle.artifacts.KotlinJsKlibArtifactKt$KotlinJsKlibArtifact$1: loaded 2 times (x 72B)
Class org.jetbrains.kotlin.gradle.targets.CreateTargetConfigurationsSideEffectKt      : loaded 2 times (x 69B)
Class org.jetbrains.kotlin.gradle.plugin.mpp.ApplyUserDefinedAttributesKt$UserDefinedAttributesSetupAction$1: loaded 2 times (x 93B)
Class org.jetbrains.kotlin.gradle.plugin.mpp.KotlinAndroidTarget                      : loaded 2 times (x 163B)
Class org.jetbrains.kotlin.gradle.plugin.DefaultKotlinBasePlugin$addKotlinCompilerConfiguration$1: loaded 2 times (x 73B)
Class org.jetbrains.kotlin.gradle.plugin.internal.DefaultCompatibilityConventionRegistrar: loaded 2 times (x 72B)
Class org.jetbrains.kotlin.gradle.plugin.PropertiesProvider                           : loaded 2 times (x 70B)
Class com.google.common.util.concurrent.AbstractFuture                                : loaded 2 times (x 104B)
Class com.google.common.base.FunctionalEquivalence                                    : loaded 2 times (x 81B)
Class com.google.common.collect.Iterators$9                                           : loaded 2 times (x 79B)
Class com.google.common.collect.AbstractMapBasedMultimap                              : loaded 2 times (x 137B)
Class com.intellij.psi.WhiteSpaceTokenType                                            : loaded 2 times (x 77B)
Class org.jetbrains.kotlin.psi.KtNameReferenceExpression                              : loaded 2 times (x 630B)
Class [Lcom.google.common.collect.AbstractIterator$State;                             : loaded 2 times (x 67B)
Class com.android.tools.lint.UastEnvironmentUtilsKt$configureAnalysisApiProjectStructure$1$uastEnvModuleOrder$1: loaded 2 times (x 77B)
Class com.intellij.openapi.ui.Queryable                                               : loaded 2 times (x 68B)
Class com.intellij.psi.codeStyle.JavaFileCodeStyleFacade                              : loaded 2 times (x 68B)
Class com.intellij.psi.search.GlobalSearchScope$NotScope                              : loaded 2 times (x 99B)
Class com.intellij.psi.impl.PsiFileFactoryImpl                                        : loaded 2 times (x 84B)
Class com.intellij.psi.util.PsiModificationTracker                                    : loaded 2 times (x 68B)
Class com.intellij.ide.plugins.NonShareableJavaZipFilePool$load$1                     : loaded 2 times (x 79B)
Class com.google.common.collect.ImmutableSortedMapFauxverideShim                      : loaded 2 times (x 118B)
Class com.intellij.psi.FileViewProvider                                               : loaded 2 times (x 68B)
Class com.intellij.lang.java.lexer.BasicJavaLexer                                     : loaded 2 times (x 82B)
Class com.intellij.psi.impl.source.tree.java.PsiIdentifierImpl                        : loaded 2 times (x 450B)
Class com.intellij.lexer.Lexer                                                        : loaded 2 times (x 81B)
Class com.intellij.util.KeyedLazyInstanceEP                                           : loaded 2 times (x 81B)
Class com.intellij.util.lang.CompoundRuntimeException                                 : loaded 2 times (x 80B)
Class com.intellij.util.containers.FastUtilCharSequenceHashingStrategy                : loaded 2 times (x 73B)
Class org.jetbrains.kotlin.cli.jvm.compiler.KotlinCoreApplicationEnvironment$Companion: loaded 2 times (x 69B)
Class com.intellij.openapi.project.Project                                            : loaded 2 times (x 68B)
Class com.intellij.util.containers.ConcurrentRefHashMap$HardKey                       : loaded 2 times (x 77B)
Class com.android.tools.lint.checks.WearDetector                                      : loaded 2 times (x 138B)
Class [Lcom.intellij.psi.PsiAnnotationMemberValue;                                    : loaded 2 times (x 67B)
Class com.intellij.psi.PsiAnnotationMemberValue                                       : loaded 2 times (x 68B)
Class com.android.tools.lint.checks.SdCardDetector$Issues                             : loaded 2 times (x 69B)
Class com.android.ide.common.gradle.Module                                            : loaded 2 times (x 70B)
Class com.android.tools.lint.checks.ClickableViewAccessibilityDetector                : loaded 2 times (x 167B)
Class com.intellij.lang.jvm.JvmMember                                                 : loaded 2 times (x 68B)
Class org.apache.commons.io.file.PathUtils                                            : loaded 2 times (x 69B)
Class org.xmlpull.v1.XmlPullParser                                                    : loaded 2 times (x 68B)
Class com.google.common.reflect.TypeResolver$TypeTable                                : loaded 2 times (x 71B)
Class com.google.common.io.CharStreams                                                : loaded 2 times (x 69B)
Class com.google.common.collect.ImmutableMultiset                                     : loaded 2 times (x 161B)
Class [Lorg.jetbrains.kotlin.gradle.dsl.jvm.JvmTargetValidationMode;                  : loaded 2 times (x 67B)
Class org.jetbrains.kotlin.gradle.tasks.DefaultKotlinJavaToolchain$javaVersion$1      : loaded 2 times (x 72B)
Class org.jetbrains.kotlin.gradle.plugin.mpp.MppSourcesJarKt$sourcesJarTask$1         : loaded 2 times (x 93B)
Class org.jetbrains.kotlin.gradle.plugin.mpp.compilationImpl.factory.KotlinCompilationImplFactory$KotlinCompilationOutputFactory: loaded 2 times (x 68B)
Class org.jetbrains.kotlin.konan.target.TargetSupportException                        : loaded 2 times (x 80B)
Class org.jetbrains.kotlin.gradle.plugin.KotlinCompilationToRunnableFiles             : loaded 2 times (x 68B)
Class org.jetbrains.kotlin.gradle.tooling.BuildKotlinToolingMetadataTaskKt            : loaded 2 times (x 69B)
Class org.jetbrains.kotlin.gradle.plugin.ProjectLocalConfigurations$setupAttributesMatchingStrategy$1$1: loaded 2 times (x 72B)
Class org.jetbrains.kotlin.gradle.targets.native.toolchain.KotlinNativeBundleBuildService$Companion$registerIfAbsent$2$1$1: loaded 2 times (x 73B)
Class org.jetbrains.kotlin.statistics.BuildSessionLogger$Companion                    : loaded 2 times (x 69B)
Class org.objectweb.asm.RecordComponentVisitor                                        : loaded 2 times (x 75B)
Class com.google.common.cache.CacheLoader$SupplierToCacheLoader                       : loaded 2 times (x 73B)
Class org.jetbrains.kotlin.psi.stubs.KotlinNameReferenceExpressionStub                : loaded 2 times (x 68B)
Class org.jetbrains.kotlin.psi.KtModifierList                                         : loaded 2 times (x 508B)
Class com.intellij.extapi.psi.StubBasedPsiElementBase                                 : loaded 2 times (x 313B)
Class com.android.tools.lint.UastEnvironment$Module$directDependencies$1              : loaded 2 times (x 77B)
Class com.intellij.psi.PsiJavaReference                                               : loaded 2 times (x 68B)
Class [Lcom.intellij.psi.search.ProjectAwareFileFilter;                               : loaded 2 times (x 67B)
Class com.intellij.psi.PsiManager                                                     : loaded 2 times (x 111B)
Class com.android.tools.lint.Main$MainLintClient                                      : loaded 2 times (x 169B)
Class com.intellij.openapi.application.TransactionGuardImpl                           : loaded 2 times (x 77B)
Class kotlinx.coroutines.ChildJob                                                     : loaded 2 times (x 68B)
Class kotlinx.coroutines.scheduling.TasksKt                                           : loaded 2 times (x 69B)
Class kotlinx.coroutines.internal.SystemPropsKt__SystemPropsKt                        : loaded 2 times (x 69B)
Class com.intellij.util.QueryExecutor                                                 : loaded 2 times (x 68B)
Class com.intellij.lexer.LexerBase                                                    : loaded 2 times (x 81B)
Class com.intellij.openapi.fileEditor.FileDocumentManager                             : loaded 2 times (x 91B)
Class com.intellij.core.JavaCoreApplicationEnvironment                                : loaded 2 times (x 92B)
Class [Lorg.jetbrains.kotlin.config.LanguageVersion;                                  : loaded 2 times (x 67B)
Class com.intellij.util.containers.HashingStrategy                                    : loaded 2 times (x 68B)
Class [Lcom.intellij.lang.jvm.types.JvmType;                                          : loaded 2 times (x 67B)
Class com.android.tools.lint.checks.ResourceTypeDetector                              : loaded 2 times (x 167B)
Class com.android.tools.lint.checks.LocaleFolderDetector                              : loaded 2 times (x 180B)
Class com.android.tools.lint.checks.InteroperabilityDetector$Issues                   : loaded 2 times (x 69B)
Class org.jetbrains.kotlin.config.LanguageVersionSettings                             : loaded 2 times (x 68B)
Class com.android.tools.lint.checks.AppLinksAutoVerifyDetector$Companion              : loaded 2 times (x 69B)
Class com.android.tools.lint.checks.AccessibilityDetector                             : loaded 2 times (x 151B)
Class com.android.tools.lint.checks.BottomAppBarDetector$Companion                    : loaded 2 times (x 69B)
Class com.android.tools.lint.checks.DataBindingDetector                               : loaded 2 times (x 151B)
Class com.android.tools.lint.checks.ReadParcelableDetector                            : loaded 2 times (x 167B)
Class com.android.tools.lint.detector.api.Project                                     : loaded 2 times (x 154B)
Class kotlin.jvm.internal.markers.KMutableList                                        : loaded 2 times (x 68B)
Class com.intellij.pom.java.LanguageLevel                                             : loaded 2 times (x 78B)
Class com.google.common.collect.UsingToStringOrdering                                 : loaded 2 times (x 112B)
Class org.jetbrains.kotlin.gradle.plugin.mpp.KotlinCompilationsKt$sam$java_util_concurrent_Callable$0: loaded 2 times (x 73B)
Class org.jetbrains.kotlin.gradle.tasks.KotlinCompilerPluginData                      : loaded 2 times (x 70B)
Class org.jetbrains.kotlin.gradle.targets.js.npm.SemverKt                             : loaded 2 times (x 69B)
Class org.jetbrains.kotlin.gradle.internal.StdlibDependencyManagementKt$isStdlibAddedByUser$1: loaded 2 times (x 77B)
Class org.jetbrains.kotlin.gradle.plugin.mpp.MppSourcesJarKt                          : loaded 2 times (x 69B)
Class org.jetbrains.kotlin.compilerRunner.CompilerSystemPropertiesService$Companion$registerIfAbsent$2$1$1: loaded 2 times (x 73B)
Class org.jetbrains.kotlin.gradle.plugin.KotlinCompilationInfo                        : loaded 2 times (x 86B)
Class org.jetbrains.kotlin.gradle.tasks.BaseKotlinCompile                             : loaded 2 times (x 68B)
Class org.jetbrains.kotlin.gradle.plugin.internal.UsesBuildIdProviderService          : loaded 2 times (x 68B)
Class org.jetbrains.kotlin.gradle.plugin.mpp.compilationImpl.KotlinCompilationSourceSetInclusion$include$1: loaded 2 times (x 77B)
Class org.jetbrains.kotlin.gradle.plugin.mpp.compilationImpl.factory.KotlinCompilationImplFactory$KotlinCompilationDependencyConfigurationsFactory: loaded 2 times (x 68B)
Class org.jetbrains.kotlin.gradle.plugin.KotlinPluginLifecycleCoroutineContextElement$Key: loaded 2 times (x 69B)
Class org.jetbrains.kotlin.gradle.internal.IdeaKt                                     : loaded 2 times (x 69B)
Class org.jetbrains.kotlin.gradle.plugin.diagnostics.KotlinToolingDiagnosticsSetupActionKt$KotlinToolingDiagnosticsSetupAction$1: loaded 2 times (x 72B)
Class org.jetbrains.kotlin.tooling.core.ExtrasPropertyKt                              : loaded 2 times (x 69B)
Class org.jetbrains.kotlin.gradle.dsl.KotlinProjectExtensionKt                        : loaded 2 times (x 69B)
Class org.jetbrains.kotlin.gradle.plugin.KotlinGradleBuildServices$Parameters_Decorated: loaded 2 times (x 132B)
Class org.jetbrains.kotlin.gradle.plugin.DefaultKotlinBasePlugin$addKotlinCompilerConfiguration$3: loaded 2 times (x 73B)
Class [Lorg.jetbrains.kotlin.statistics.metrics.IMetricContainerFactory;              : loaded 2 times (x 67B)
Class org.gradle.internal.service.ServiceLookupException                              : loaded 2 times (x 80B)
Class com.intellij.openapi.util.io.BufferExposingByteArrayInputStream                 : loaded 2 times (x 91B)
Class org.jetbrains.kotlin.psi.stubs.KotlinContractEffectStub                         : loaded 2 times (x 68B)
Class org.jetbrains.kotlin.psi.KtClassBody                                            : loaded 2 times (x 444B)
Class [Lcom.intellij.openapi.vfs.VirtualFile;                                         : loaded 2 times (x 67B)
Class com.intellij.testFramework.LightVirtualFile$1                                   : loaded 2 times (x 92B)
Class com.intellij.openapi.util.LowMemoryWatcher$LowMemoryWatcherType                 : loaded 2 times (x 77B)
Class org.jetbrains.kotlin.analysis.decompiler.psi.BuiltinsVirtualFileProviderBaseImpl: loaded 2 times (x 73B)
Class kotlinx.coroutines.ChildHandleNode                                              : loaded 2 times (x 92B)
Class kotlinx.coroutines.scheduling.SchedulerCoroutineDispatcher                      : loaded 2 times (x 110B)
Class com.intellij.openapi.util.AtomicNotNullLazyValue                                : loaded 2 times (x 76B)
Class com.intellij.openapi.util.registry.Registry$Companion                           : loaded 2 times (x 69B)
Class com.intellij.psi.stubs.IStubElementType                                         : loaded 2 times (x 94B)
Class com.intellij.psi.impl.source.tree.java.PsiKeywordImpl                           : loaded 2 times (x 450B)
Class com.intellij.openapi.util.text.StringUtilRt                                     : loaded 2 times (x 69B)
Class com.intellij.util.ConcurrentLongObjectHashMap$TreeNode                          : loaded 2 times (x 76B)
Class com.intellij.serviceContainer.BaseKeyedLazyInstance                             : loaded 2 times (x 76B)
Class kotlinx.collections.immutable.implementations.immutableList.SmallPersistentVector$Companion: loaded 2 times (x 69B)
Class com.android.tools.lint.UastEnvironment                                          : loaded 2 times (x 68B)
Class com.intellij.AbstractBundle$Companion                                           : loaded 2 times (x 69B)
Class com.android.tools.lint.client.api.SimplePlatformLookup$Companion                : loaded 2 times (x 69B)
Class org.jetbrains.kotlin.config.JVMConfigurationKeys                                : loaded 2 times (x 69B)
Class com.android.tools.lint.checks.WrongCallDetector                                 : loaded 2 times (x 167B)
Class com.android.tools.lint.checks.StorageDetector                                   : loaded 2 times (x 167B)
Class com.android.tools.lint.checks.StateListDetector                                 : loaded 2 times (x 151B)
Class com.android.tools.lint.checks.SdkSuppressDetector$Companion                     : loaded 2 times (x 69B)
Class com.android.tools.lint.checks.SdCardDetector                                    : loaded 2 times (x 167B)
Class com.android.tools.lint.checks.OverrideConcreteDetector                          : loaded 2 times (x 167B)
Class com.android.tools.lint.checks.ObsoleteLayoutParamsDetector                      : loaded 2 times (x 152B)
Class com.android.tools.lint.checks.DateFormatDetector$Companion                      : loaded 2 times (x 69B)
Class org.objectweb.asm.tree.AbstractInsnNode                                         : loaded 2 times (x 76B)
Class com.android.tools.lint.detector.api.ClassScanner                                : loaded 2 times (x 68B)
Class com.android.tools.lint.detector.api.Intervals$MajorMinor                        : loaded 2 times (x 72B)
Class com.android.tools.lint.UastEnvironment$Companion                                : loaded 2 times (x 69B)
Class com.intellij.util.messages.impl.MessageBusEx                                    : loaded 2 times (x 68B)
Class com.android.tools.lint.LintCliFlags                                             : loaded 2 times (x 173B)
Class com.google.common.io.Resources$UrlByteSource                                    : loaded 2 times (x 83B)
Class org.jetbrains.kotlin.gradle.plugin.statistics.BuildFusService$Inject            : loaded 2 times (x 102B)
Class org.jetbrains.kotlin.gradle.tasks.GradleCompileTaskProvider_Decorated           : loaded 2 times (x 119B)
Class org.jetbrains.kotlin.gradle.internal.StdlibDependencyManagementKt$isStdlibAddedByUser$2: loaded 2 times (x 76B)
Class org.jetbrains.kotlin.gradle.plugin.hierarchy.KotlinSourceSetTreeClassifierKt$sourceSetTreeClassifier$2: loaded 2 times (x 76B)
Class com.google.common.collect.Lists$ReverseList                                     : loaded 2 times (x 198B)
Class com.google.common.collect.ImmutableSortedSet                                    : loaded 2 times (x 297B)
Class org.jetbrains.kotlin.konan.target.HostManager                                   : loaded 2 times (x 70B)
Class org.jetbrains.kotlin.gradle.targets.js.npm.NpmDirectoryDependencyExtension      : loaded 2 times (x 68B)
Class org.jetbrains.kotlin.gradle.plugin.mpp.KotlinUsageContext$MavenScope            : loaded 2 times (x 77B)
Class org.jetbrains.kotlin.gradle.targets.native.KotilnNativeConfigureBinariesSideEffectKt$special$$inlined$KotlinTargetSideEffect$1: loaded 2 times (x 72B)
Class org.jetbrains.kotlin.gradle.plugin.KotlinProjectSetupAction$Companion           : loaded 2 times (x 69B)
Class [Lcom.google.common.cache.LocalCache$EntryFactory;                              : loaded 2 times (x 67B)
Class org.gradle.internal.classloader.ClassLoaderFactory                              : loaded 2 times (x 68B)
Class com.intellij.openapi.vfs.VirtualFileVisitor$Option                              : loaded 2 times (x 69B)
Class org.jetbrains.kotlin.psi.ValueArgument                                          : loaded 2 times (x 68B)
Class [Lorg.jetbrains.kotlin.psi.KtEnumEntrySuperclassReferenceExpression;            : loaded 2 times (x 67B)
Class org.jetbrains.kotlin.psi.KtDotQualifiedExpression                               : loaded 2 times (x 571B)
Class org.jetbrains.kotlin.psi.KtReferenceExpression                                  : loaded 2 times (x 68B)
Class org.jetbrains.kotlin.psi.KtImportList                                           : loaded 2 times (x 442B)
Class [Lorg.jetbrains.kotlin.psi.KtParameterList;                                     : loaded 2 times (x 67B)
Class org.jetbrains.kotlin.psi.stubs.KotlinFunctionStub                               : loaded 2 times (x 68B)
Class [Lcom.intellij.psi.PsiNamedElement;                                             : loaded 2 times (x 67B)
Class org.jetbrains.kotlin.platform.jvm.JdkPlatform                                   : loaded 2 times (x 73B)
Class com.fasterxml.aalto.util.UriCanonicalizer$BoundedHashMap                        : loaded 2 times (x 177B)
Class org.jetbrains.kotlin.cli.jvm.compiler.MockInferredAnnotationsManager$Companion  : loaded 2 times (x 69B)
Class com.intellij.psi.codeStyle.JavaCodeStyleSettingsFacade                          : loaded 2 times (x 71B)
Class com.intellij.util.CachedValuesManagerImpl                                       : loaded 2 times (x 80B)
Class com.intellij.psi.impl.file.impl.JavaFileManager                                 : loaded 2 times (x 68B)
Class kotlinx.coroutines.CompletionHandlerBase                                        : loaded 2 times (x 78B)
Class org.codehaus.stax2.ri.typed.ValueDecoderFactory$LongArrayDecoder                : loaded 2 times (x 76B)
Class com.intellij.util.lang.ZipFilePool$EntryResolver                                : loaded 2 times (x 68B)
Class kotlinx.coroutines.internal.ThreadContextKt$findOne$1                           : loaded 2 times (x 76B)
Class com.intellij.openapi.vfs.encoding.EncodingProjectManager                        : loaded 2 times (x 83B)
Class org.jetbrains.kotlin.cli.jvm.modules.CoreJrtVirtualFile                         : loaded 2 times (x 152B)
Class org.jetbrains.kotlin.cli.jvm.modules.CoreJrtFileSystem$Companion                : loaded 2 times (x 69B)
Class com.intellij.openapi.util.Disposer                                              : loaded 2 times (x 69B)
Class com.android.tools.lint.checks.WrongThreadInterproceduralDetector$Companion      : loaded 2 times (x 69B)
Class com.android.tools.lint.checks.TextViewDetector                                  : loaded 2 times (x 151B)
Class com.android.tools.lint.checks.ServiceCastDetector$Companion                     : loaded 2 times (x 69B)
Class com.android.tools.lint.checks.EllipsizeMaxLinesDetector                         : loaded 2 times (x 151B)
Class com.android.tools.lint.checks.BidirectionalTextDetector                         : loaded 2 times (x 184B)
Class com.intellij.util.messages.impl.CompositeMessageBus                             : loaded 2 times (x 112B)
Class com.intellij.util.DefaultJava11Shim                                             : loaded 2 times (x 81B)
Class com.android.tools.lint.client.api.ConfigurationHierarchy$Companion$NONE$1       : loaded 2 times (x 91B)
Class kotlin.reflect.jvm.internal.impl.builtins.PrimitiveType                         : loaded 2 times (x 77B)
Class org.apache.commons.io.CloseableURLConnection                                    : loaded 2 times (x 114B)
Class org.jetbrains.kotlin.gradle.tasks.DefaultKotlinJavaToolchain$currentJvmJdkToolsJar$1: loaded 2 times (x 72B)
Class org.jetbrains.kotlin.gradle.plugin.SubpluginEnvironment                         : loaded 2 times (x 70B)
Class org.jetbrains.kotlin.gradle.internal.StdlibDependencyManagementKt$addStdlibDependency$1$1$1: loaded 2 times (x 73B)
Class org.jetbrains.kotlin.gradle.plugin.sources.AbstractKotlinSourceSet              : loaded 2 times (x 139B)
Class org.jetbrains.kotlin.gradle.tooling.BuildKotlinToolingMetadataTaskKt$RegisterBuildKotlinToolingMetadataTask$1: loaded 2 times (x 72B)
Class org.jetbrains.kotlin.compilerRunner.GradleCliCommonizerKt$maybeCreateCommonizerClasspathConfiguration$1$1: loaded 2 times (x 73B)
Class [Lorg.jetbrains.kotlin.build.report.metrics.ValueType;                          : loaded 2 times (x 67B)
Class com.google.common.cache.LocalCache$LocalManualCache                             : loaded 2 times (x 97B)
Class org.gradle.internal.service.CachingServiceLocator                               : loaded 2 times (x 80B)
Class [Lorg.jetbrains.kotlin.psi.KtEscapeStringTemplateEntry;                         : loaded 2 times (x 67B)
Class org.jetbrains.kotlin.psi.KtBlockCodeFragmentType                                : loaded 2 times (x 82B)
Class org.jetbrains.kotlin.psi.stubs.KotlinTypeParameterStub                          : loaded 2 times (x 68B)
Class org.jetbrains.kotlin.psi.stubs.KotlinPropertyStub                               : loaded 2 times (x 68B)
Class com.intellij.psi.stubs.NamedStub                                                : loaded 2 times (x 68B)
Class com.intellij.lang.java.parser.BasicJavaParserUtil$ParserWrapper                 : loaded 2 times (x 68B)
Class com.intellij.lang.injection.InjectedLanguageManager                             : loaded 2 times (x 92B)
Class com.intellij.psi.search.ProjectScopeBuilder                                     : loaded 2 times (x 74B)
Class org.jetbrains.kotlin.load.kotlin.KotlinBinaryClassCache                         : loaded 2 times (x 73B)
Class com.fasterxml.aalto.in.Utf8Scanner                                              : loaded 2 times (x 146B)
Class kotlinx.collections.immutable.implementations.immutableList.SmallPersistentVector: loaded 2 times (x 327B)
Class com.intellij.psi.impl.source.JavaLightStubBuilder                               : loaded 2 times (x 78B)
Class com.intellij.psi.PsiReferenceProvider                                           : loaded 2 times (x 72B)
Class com.intellij.psi.impl.source.resolve.reference.ReferenceProvidersRegistryImpl   : loaded 2 times (x 73B)
Class com.intellij.openapi.util.ModificationTracker                                   : loaded 2 times (x 68B)
Class com.intellij.reference.SoftReference                                            : loaded 2 times (x 80B)
Class it.unimi.dsi.fastutil.objects.AbstractObjectCollection                          : loaded 2 times (x 141B)
Class com.intellij.psi.PsiAnnotationOwner                                             : loaded 2 times (x 68B)
Class com.android.tools.lint.detector.api.LintJavaUtils                               : loaded 2 times (x 69B)
Class com.intellij.lang.LighterASTTokenNode                                           : loaded 2 times (x 68B)
Class com.android.tools.lint.checks.GetContentDescriptionOverrideDetector             : loaded 2 times (x 167B)
Class com.android.tools.lint.checks.ForegroundServiceTypesDetector                    : loaded 2 times (x 176B)
Class com.android.tools.lint.checks.AddJavascriptInterfaceDetector$Companion          : loaded 2 times (x 69B)
Class com.intellij.psi.stubs.ManyProjectsStubIndexMismatch                            : loaded 2 times (x 85B)
Class com.intellij.util.messages.impl.ToDirectChildrenMessagePublisher                : loaded 2 times (x 75B)
Class com.android.tools.lint.client.api.ConfigurationHierarchy$Companion$NONE$2       : loaded 2 times (x 154B)
Class org.jetbrains.kotlin.gradle.dsl.jvm.JvmTargetValidationMode                     : loaded 2 times (x 77B)
Class org.jetbrains.kotlin.gradle.plugin.BuildFinishedListenerService$Companion$registerIfAbsent$2$1: loaded 2 times (x 77B)
Class org.jetbrains.kotlin.gradle.plugin.KotlinTargetConfiguratorKt$WhenMappings      : loaded 2 times (x 69B)
Class com.google.common.collect.AbstractMapBasedMultimap$KeySet                       : loaded 2 times (x 135B)
Class com.google.common.collect.RegularImmutableSortedSet                             : loaded 2 times (x 297B)
Class org.jetbrains.kotlin.gradle.internal.KotlinTestDependencyManagementKt$configureKotlinTestDependency$1: loaded 2 times (x 77B)
Class org.jetbrains.kotlin.gradle.plugin.diagnostics.checkers.OverriddenKotlinNativeHomeChecker$StdlibExistenceCheckerValueSource$Params_Decorated: loaded 2 times (x 132B)
Class org.jetbrains.kotlin.project.model.LanguageSettings                             : loaded 2 times (x 68B)
Class org.jetbrains.kotlin.gradle.plugin.KotlinPluginLifecycleKt$kotlinPluginLifecycle$2: loaded 2 times (x 76B)
Class org.jetbrains.kotlin.gradle.plugin.statistics.BuildFusService$Companion$registerIfAbsent$1$1: loaded 2 times (x 77B)
Class org.jetbrains.kotlin.gradle.plugin.BuildFinishFlowAction$Parameters_Decorated   : loaded 2 times (x 135B)
Class org.jetbrains.kotlin.gradle.plugin.internal.CompatibilityConventionRegistrar$Factory: loaded 2 times (x 68B)
Class com.intellij.psi.tree.ParentProviderElementType                                 : loaded 2 times (x 68B)
Class org.jetbrains.kotlin.psi.KtAnonymousInitializer                                 : loaded 2 times (x 68B)
Class kotlinx.serialization.DeserializationStrategy                                   : loaded 2 times (x 68B)
Class com.intellij.psi.search.ProjectAwareFileFilter                                  : loaded 2 times (x 68B)
Class com.intellij.openapi.application.impl.ApplicationInfoImpl                       : loaded 2 times (x 125B)
Class com.intellij.ide.plugins.PluginContentDescriptor$Companion                      : loaded 2 times (x 69B)
Class com.intellij.ide.plugins.IdeaPluginDescriptor                                   : loaded 2 times (x 68B)
Class kotlinx.coroutines.BlockingEventLoop                                            : loaded 2 times (x 115B)
Class kotlin.coroutines.AbstractCoroutineContextElement                               : loaded 2 times (x 87B)
Class kotlinx.coroutines.ThreadLocalEventLoop                                         : loaded 2 times (x 69B)
Class com.intellij.psi.impl.source.tree.PsiPlainTextImpl                              : loaded 2 times (x 377B)
Class com.intellij.psi.tree.IStubFileElementType                                      : loaded 2 times (x 106B)
Class com.intellij.openapi.progress.impl.CoreProgressManager$1                        : loaded 2 times (x 93B)
Class com.intellij.model.psi.PsiExternalReferenceHost                                 : loaded 2 times (x 68B)
Class com.intellij.openapi.options.Scheme                                             : loaded 2 times (x 68B)
Class com.intellij.core.CoreJobLauncher                                               : loaded 2 times (x 74B)
Class com.intellij.util.containers.CanonicalHashingStrategy                           : loaded 2 times (x 73B)
Class com.android.tools.lint.checks.TypoDetector$Companion                            : loaded 2 times (x 69B)
Class com.android.tools.lint.checks.TranslucentViewDetector                           : loaded 2 times (x 177B)
Class com.intellij.psi.PsiTypes                                                       : loaded 2 times (x 69B)
Class com.android.tools.lint.checks.SliceDetector$Companion                           : loaded 2 times (x 69B)
Class com.android.tools.lint.checks.ResourceTypeDetector$Companion                    : loaded 2 times (x 69B)
Class com.android.tools.lint.checks.RecyclerViewDetector$Companion                    : loaded 2 times (x 69B)
Class com.android.tools.lint.checks.PrivateKeyDetector                                : loaded 2 times (x 145B)
Class com.android.tools.lint.checks.OverdrawDetector                                  : loaded 2 times (x 177B)
Class com.android.tools.lint.detector.api.BooleanOption                               : loaded 2 times (x 74B)
Class com.android.tools.lint.checks.ApiDetector$Companion                             : loaded 2 times (x 69B)
Class com.intellij.psi.ClassFileViewProviderFactory                                   : loaded 2 times (x 72B)
Class kotlin.reflect.jvm.internal.impl.descriptors.runtime.structure.ReflectClassUtilKt: loaded 2 times (x 69B)
Class kotlinx.coroutines.CopyableThreadContextElement                                 : loaded 2 times (x 68B)
Class com.google.common.reflect.Types$TypeVariableInvocationHandler                   : loaded 2 times (x 73B)
Class org.jetbrains.kotlin.gradle.plugin.mpp.KotlinMetadataTarget                     : loaded 2 times (x 165B)
Class com.google.common.collect.MapMakerInternalMap$InternalEntry                     : loaded 2 times (x 68B)
Class [Lcom.google.common.collect.HashBiMap$BiEntry;                                  : loaded 2 times (x 67B)
Class org.jetbrains.kotlin.gradle.plugin.diagnostics.CheckKotlinGradlePluginConfigurationErrorsKt$locateOrRegisterCheckKotlinGradlePluginErrorsTask$taskProvider$1$1: loaded 2 times (x 73B)
Class org.jetbrains.kotlin.gradle.plugin.mpp.InternalKotlinCompilation$DefaultImpls   : loaded 2 times (x 69B)
Class org.jetbrains.kotlin.gradle.plugin.mpp.compilationImpl.KotlinCompilationSourceSetInclusion$DefaultAddSourcesToCompileTask: loaded 2 times (x 72B)
Class org.jetbrains.kotlin.gradle.internal.KotlinTestDependencyManagementKt$configureKotlinTestDependency$2: loaded 2 times (x 73B)
Class org.jetbrains.kotlin.gradle.dsl.PlatformSourceSetConventionsChecker$runChecks$$inlined$CheckedPlatformInfo$default$1: loaded 2 times (x 76B)
Class [Lorg.jetbrains.kotlin.gradle.plugin.KotlinPluginLifecycle$Stage;               : loaded 2 times (x 67B)
Class org.jetbrains.kotlin.gradle.artifacts.KotlinTargetArtifact$Companion            : loaded 2 times (x 69B)
Class org.jetbrains.kotlin.gradle.plugin.mpp.compilationImpl.KotlinCreateLifecycleTasksSideEffectKt$KotlinCreateLifecycleTasksSideEffect$1: loaded 2 times (x 72B)
Class org.jetbrains.kotlin.gradle.targets.metadata.KotlinMetadataTargetConfiguratorKt$metadataCompilationsCreated$2: loaded 2 times (x 76B)
Class org.jetbrains.kotlin.gradle.dsl.KotlinGradlePluginDsl                           : loaded 2 times (x 68B)
Class org.jetbrains.kotlin.tooling.core.MutableExtras                                 : loaded 2 times (x 68B)
Class org.jetbrains.kotlin.gradle.plugin.KotlinGradleBuildServices$detectKotlinPluginLoadedInMultipleProjects$onRegister$1: loaded 2 times (x 77B)
Class com.google.common.collect.Iterators$10                                          : loaded 2 times (x 79B)
Class com.google.common.collect.ImmutableMapEntry                                     : loaded 2 times (x 83B)
Class com.intellij.openapi.vfs.VfsUtilCore$1                                          : loaded 2 times (x 74B)
Class org.jetbrains.kotlin.psi.KtEscapeStringTemplateEntry                            : loaded 2 times (x 443B)
Class org.jetbrains.kotlin.psi.KotlinStringLiteralTextEscaper                         : loaded 2 times (x 74B)
Class org.jetbrains.kotlin.psi.KtContextReceiver                                      : loaded 2 times (x 441B)
Class [Lorg.jetbrains.kotlin.psi.KtQualifiedExpression;                               : loaded 2 times (x 67B)
Class org.jetbrains.kotlin.lexer.KtSingleValueToken                                   : loaded 2 times (x 75B)
Class [Lorg.jetbrains.kotlin.psi.KtClass;                                             : loaded 2 times (x 67B)
Class com.intellij.psi.impl.JavaClassSupersImpl                                       : loaded 2 times (x 71B)
Class kotlinx.coroutines.CompletionStateKt                                            : loaded 2 times (x 69B)
Class com.intellij.psi.JavaElementVisitor                                             : loaded 2 times (x 205B)
Class com.intellij.psi.PsiPackage                                                     : loaded 2 times (x 68B)
Class com.intellij.psi.stubs.ObjectStubSerializer                                     : loaded 2 times (x 68B)
Class com.intellij.util.containers.ConcurrentLongObjectMap$LongEntry                  : loaded 2 times (x 68B)
Class com.intellij.openapi.progress.impl.CoreProgressManager$2                        : loaded 2 times (x 93B)
Class com.intellij.util.CharTable                                                     : loaded 2 times (x 68B)
Class com.intellij.openapi.application.ex.ApplicationEx                               : loaded 2 times (x 68B)
Class org.jetbrains.kotlin.config.LanguageVersionSettingsImpl                         : loaded 2 times (x 79B)
Class com.intellij.util.containers.ConcurrentWeakValueHashMap                         : loaded 2 times (x 147B)
Class com.android.tools.lint.checks.SharedPrefsDetector                               : loaded 2 times (x 167B)
Class org.jetbrains.kotlin.name.FqName                                                : loaded 2 times (x 70B)
Class com.android.tools.lint.checks.NamespaceDetector$Companion                       : loaded 2 times (x 69B)
Class com.android.tools.lint.checks.LabelForDetector$Companion                        : loaded 2 times (x 69B)
Class com.android.tools.lint.checks.DateFormatDetector                                : loaded 2 times (x 167B)
Class com.intellij.psi.impl.PsiManagerEx                                              : loaded 2 times (x 120B)
Class com.intellij.psi.impl.source.resolve.PsiResolveHelperImpl$1                     : loaded 2 times (x 112B)
Class org.jetbrains.kotlin.resolve.jvm.KotlinCliJavaFileManager                       : loaded 2 times (x 68B)
Class org.jetbrains.kotlin.build.report.metrics.DoNothingBuildMetricsReporter         : loaded 2 times (x 84B)
Class com.google.common.collect.ImmutableMultimap                                     : loaded 2 times (x 145B)
Class com.google.common.base.Predicates                                               : loaded 2 times (x 69B)
Class org.jetbrains.kotlin.gradle.plugin.diagnostics.CheckKotlinGradlePluginConfigurationErrorsKt$locateOrRegisterCheckKotlinGradlePluginErrorsTask$taskProvider$1$2: loaded 2 times (x 72B)
Class org.jetbrains.kotlin.gradle.tasks.CompileUsingKotlinDaemon                      : loaded 2 times (x 68B)
Class org.jetbrains.kotlin.gradle.plugin.mpp.KotlinWithJavaTarget                     : loaded 2 times (x 164B)
Class org.jetbrains.kotlin.gradle.plugin.mpp.compilationImpl.KotlinCreateNativeCompileTasksSideEffectKt$special$$inlined$KotlinCompilationSideEffect$1: loaded 2 times (x 72B)
Class org.jetbrains.kotlin.gradle.targets.KotlinTargetSideEffect$Companion            : loaded 2 times (x 69B)
Class org.jetbrains.kotlin.gradle.dsl.KotlinSingleJavaTargetExtension                 : loaded 2 times (x 122B)
Class org.jetbrains.kotlin.gradle.utils.StoredPropertyKt$extrasStoredProperty$1       : loaded 2 times (x 76B)
Class org.jetbrains.kotlin.gradle.plugin.KotlinPluginLifecycle$IllegalLifecycleException: loaded 2 times (x 80B)
Class org.jetbrains.kotlin.gradle.internal.properties.NativePropertiesLoader$userProvidedNativeHome$1: loaded 2 times (x 73B)
Class org.jetbrains.kotlin.gradle.plugin.KotlinGradleFinishBuildHandler               : loaded 2 times (x 70B)
Class [Lorg.jetbrains.kotlin.build.report.metrics.BuildPerformanceMetric;             : loaded 2 times (x 67B)
Class org.jetbrains.kotlin.statistics.metrics.StringOverridePolicy$CONCAT             : loaded 2 times (x 83B)
Class org.jetbrains.kotlin.gradle.dsl.KotlinTopLevelExtension                         : loaded 2 times (x 68B)
Class com.google.common.base.Equivalence                                              : loaded 2 times (x 80B)
Class com.google.common.collect.ImmutableMapEntry$NonTerminalImmutableMapEntry        : loaded 2 times (x 83B)
Class com.intellij.openapi.vfs.VirtualFileVisitor$Option$LimitOption                  : loaded 2 times (x 69B)
Class com.intellij.openapi.vfs.VfsUtilCore$2                                          : loaded 2 times (x 74B)
Class [Lcom.intellij.openapi.vfs.impl.ArchiveHandler$EntryInfo;                       : loaded 2 times (x 67B)
Class org.jetbrains.kotlin.psi.stubs.KotlinConstantExpressionStub                     : loaded 2 times (x 68B)
Class org.jetbrains.kotlin.psi.KtImportAlias                                          : loaded 2 times (x 558B)
Class [Lorg.jetbrains.kotlin.psi.KtTypeParameter;                                     : loaded 2 times (x 67B)
Class com.intellij.psi.util.CachedValuesManager                                       : loaded 2 times (x 80B)
Class kotlinx.coroutines.CoroutineDispatcher$Key$1                                    : loaded 2 times (x 76B)
Class kotlinx.coroutines.CoroutineDispatcher                                          : loaded 2 times (x 97B)
Class com.intellij.psi.tree.IFileElementType                                          : loaded 2 times (x 82B)
Class com.intellij.lexer.EmptyLexer                                                   : loaded 2 times (x 82B)
Class com.intellij.openapi.fileTypes.LanguageFileType                                 : loaded 2 times (x 94B)
Class com.intellij.openapi.progress.impl.CoreProgressManager$3                        : loaded 2 times (x 100B)
Class com.intellij.util.messages.impl.MessageBusFactoryImpl                           : loaded 2 times (x 70B)
Class com.intellij.openapi.fileTypes.UnknownFileType                                  : loaded 2 times (x 84B)
Class com.intellij.openapi.fileTypes.EmptyFileTypeRegistry                            : loaded 2 times (x 79B)
Class it.unimi.dsi.fastutil.objects.AbstractReference2ObjectMap                       : loaded 2 times (x 174B)
Class org.gradle.internal.classloader.DefaultClassLoaderFactory                       : loaded 2 times (x 80B)
Class com.android.tools.lint.checks.WearPasswordInputDetector                         : loaded 2 times (x 176B)
Class org.jetbrains.kotlin.name.ClassId$Companion                                     : loaded 2 times (x 69B)
Class com.android.tools.lint.checks.ItemDecoratorDetector                             : loaded 2 times (x 167B)
Class com.android.tools.lint.checks.DeprecationDetector$Companion                     : loaded 2 times (x 69B)
Class com.google.common.base.Suppliers                                                : loaded 2 times (x 69B)
Class com.intellij.psi.PsiQualifiedNamedElement                                       : loaded 2 times (x 68B)
Class com.android.tools.lint.client.api.Vendor                                        : loaded 2 times (x 70B)
Class [Lcom.google.common.cache.CacheBuilder$OneWeigher;                              : loaded 2 times (x 67B)
Class org.objectweb.asm.MethodTooLargeException                                       : loaded 2 times (x 81B)
Class kotlin.jvm.internal.markers.KMutableListIterator                                : loaded 2 times (x 68B)
Class org.apache.commons.io.output.AbstractByteArrayOutputStream                      : loaded 2 times (x 100B)
Class org.jetbrains.kotlin.gradle.plugin.ProjectLocalConfigurationsKt                 : loaded 2 times (x 69B)
Class org.jetbrains.kotlin.gradle.plugin.mpp.compilationImpl.factory.KotlinCompilationImplFactory: loaded 2 times (x 70B)
Class org.jetbrains.kotlin.gradle.internal.KotlinDomApiDependencyManagementKt$addKotlinDomApiDependency$1: loaded 2 times (x 73B)
Class org.jetbrains.kotlin.gradle.plugin.diagnostics.checkers.KotlinTargetAlreadyDeclaredChecker$runChecks$1: loaded 2 times (x 86B)
Class org.jetbrains.kotlin.gradle.plugin.mpp.KotlinTargetWithBinaries                 : loaded 2 times (x 161B)
Class [Lorg.jetbrains.kotlin.gradle.plugin.KotlinSourceSet;                           : loaded 2 times (x 67B)
Class org.jetbrains.kotlin.gradle.plugin.diagnostics.checkers.JsEnvironmentChecker$1  : loaded 2 times (x 76B)
Class org.jetbrains.kotlin.gradle.plugin.diagnostics.KotlinToolingDiagnostics$JsLikeEnvironmentNotChosenExplicitly: loaded 2 times (x 71B)
Class org.jetbrains.kotlin.gradle.plugin.KotlinTargetsContainerWithPresets            : loaded 2 times (x 68B)
Class org.jetbrains.kotlin.gradle.utils.StoredLazyProperty$getValue$1                 : loaded 2 times (x 77B)
Class org.jetbrains.kotlin.statistics.metrics.IMetricContainerFactory                 : loaded 2 times (x 68B)
Class org.jetbrains.kotlin.statistics.MetricValueValidationFailed                     : loaded 2 times (x 80B)
Class org.jetbrains.kotlin.gradle.plugin.PropertiesProvider$localProperties$2         : loaded 2 times (x 77B)
Class com.google.common.collect.IndexedImmutableSet$1                                 : loaded 2 times (x 210B)
Class com.google.common.cache.CacheBuilder$OneWeigher                                 : loaded 2 times (x 80B)
Class com.google.common.collect.RegularImmutableList                                  : loaded 2 times (x 210B)
Class org.jetbrains.kotlin.psi.stubs.elements.KtFunctionTypeElementType               : loaded 2 times (x 98B)
Class [Lorg.jetbrains.kotlin.psi.KtFunction;                                          : loaded 2 times (x 67B)
Class org.jetbrains.kotlin.psi.KtTypeParameterListOwnerStub                           : loaded 2 times (x 992B)
Class org.jetbrains.kotlin.gradle.internal.properties.PropertiesBuildService$MemoizedCallable$value$2: loaded 2 times (x 77B)
Class com.intellij.psi.impl.JavaPsiImplementationHelper                               : loaded 2 times (x 78B)
Class com.intellij.psi.PsiExpression                                                  : loaded 2 times (x 68B)
Class com.intellij.psi.impl.PsiParameterizedCachedValue                               : loaded 2 times (x 92B)
Class com.intellij.psi.impl.PsiDocumentManagerBase$3                                  : loaded 2 times (x 82B)
Class com.intellij.openapi.util.NotNullFactory                                        : loaded 2 times (x 68B)
Class com.intellij.psi.util.PsiModificationTracker$Listener                           : loaded 2 times (x 68B)
Class com.intellij.core.CorePackageIndex                                              : loaded 2 times (x 75B)
Class com.intellij.core.JavaCoreProjectEnvironment                                    : loaded 2 times (x 86B)
Class org.codehaus.stax2.ri.typed.ValueDecoderFactory$LongDecoder                     : loaded 2 times (x 82B)
Class com.intellij.psi.impl.source.javadoc.PsiDocTagValueImpl                         : loaded 2 times (x 459B)
Class kotlinx.collections.immutable.ImmutableCollection                               : loaded 2 times (x 68B)
Class com.intellij.openapi.editor.ReadOnlyModificationException                       : loaded 2 times (x 80B)
Class com.intellij.openapi.vfs.impl.ZipHandler                                        : loaded 2 times (x 87B)
Class com.intellij.util.messages.impl.RootBus                                         : loaded 2 times (x 112B)
Class com.intellij.util.keyFMap.EmptyFMap                                             : loaded 2 times (x 79B)
Class [Lcom.intellij.diagnostic.LoadingState;                                         : loaded 2 times (x 67B)
Class com.intellij.util.containers.RefHashMap$Key                                     : loaded 2 times (x 68B)
Class com.android.tools.lint.checks.SystemPermissionsDetector                         : loaded 2 times (x 151B)
Class [Lcom.intellij.psi.PsiType;                                                     : loaded 2 times (x 67B)
Class [Lcom.intellij.psi.PsiAnnotationOwner;                                          : loaded 2 times (x 67B)
Class com.android.tools.lint.checks.PendingIntentMutableFlagDetector$Companion        : loaded 2 times (x 69B)
Class com.android.tools.lint.checks.ManifestDetector                                  : loaded 2 times (x 152B)
Class com.android.tools.lint.checks.InvalidImeActionIdDetector                        : loaded 2 times (x 151B)
Class com.android.tools.lint.checks.ExportedFlagDetector                              : loaded 2 times (x 151B)
Class com.android.tools.lint.checks.ByteOrderMarkDetector$Issues                      : loaded 2 times (x 69B)
Class [Lorg.jetbrains.kotlin.statistics.ValueAnonymizer;                              : loaded 2 times (x 67B)
Class org.jetbrains.kotlin.gradle.plugin.KotlinGradleBuildServices                    : loaded 2 times (x 78B)
Class org.jetbrains.kotlin.gradle.targets.native.toolchain.KotlinNativeBundleBuildService: loaded 2 times (x 75B)
Class org.jetbrains.kotlin.gradle.targets.native.toolchain.KotlinNativeBundleBuildService$Parameters: loaded 2 times (x 68B)
Class org.jetbrains.kotlin.gradle.tasks.DefaultKotlinJavaToolchain                    : loaded 2 times (x 75B)
Class org.gradle.kotlin.dsl.Accessors7y9hz5zm5pocrb21isjhik2uhKt                      : loaded 2 times (x 69B)
Class com.google.common.reflect.Types$ClassOwnership$1LocalClass                      : loaded 2 times (x 69B)
Class com.google.common.collect.ImmutableSortedMap                                    : loaded 2 times (x 215B)
Class org.jetbrains.kotlin.gradle.plugin.mpp.compilationImpl.DefaultKotlinCompilationFriendPathsResolver$resolveFriendPaths$1$1: loaded 2 times (x 77B)
Class org.jetbrains.kotlin.build.report.metrics.BuildMetricsReporterImpl              : loaded 2 times (x 96B)
Class org.jetbrains.kotlin.gradle.tasks.configuration.KaptGenerateStubsConfig         : loaded 2 times (x 70B)
Class org.jetbrains.kotlin.gradle.tasks.configuration.BaseKotlinCompileConfig$1$classpathConfiguration$jvmToolchain$1: loaded 2 times (x 72B)
Class org.jetbrains.kotlin.gradle.targets.js.npm.SemVer                               : loaded 2 times (x 73B)
Class org.jetbrains.kotlin.gradle.plugin.diagnostics.checkers.JsEnvironmentChecker$2  : loaded 2 times (x 76B)
Class org.jetbrains.kotlin.gradle.utils.WhenPluginEnabledKt$whenPluginsEnabled$1      : loaded 2 times (x 73B)
Class org.jetbrains.kotlin.gradle.tasks.AbstractKotlinCompileTool                     : loaded 2 times (x 364B)
Class [Lorg.jetbrains.kotlin.gradle.report.BuildReportType;                           : loaded 2 times (x 67B)
Class org.jetbrains.kotlin.gradle.plugin.statistics.KotlinBuildStatsConfiguration     : loaded 2 times (x 70B)
Class org.jetbrains.kotlin.gradle.internal.properties.PropertiesBuildService$localProperties$2: loaded 2 times (x 77B)
Class com.google.common.collect.ImmutableBiMapFauxverideShim                          : loaded 2 times (x 118B)
Class org.gradle.internal.classloader.ClasspathUtil                                   : loaded 2 times (x 69B)
Class com.intellij.openapi.vfs.impl.jar.CoreJarVirtualFile                            : loaded 2 times (x 153B)
Class com.intellij.openapi.util.KeyedExtensionCollector$MyExtensionPointListener      : loaded 2 times (x 77B)
Class org.jetbrains.kotlin.psi.KtContractEffectList                                   : loaded 2 times (x 441B)
Class [Lorg.jetbrains.kotlin.psi.KtNamed;                                             : loaded 2 times (x 67B)
Class [Lcom.intellij.psi.StubBasedPsiElement;                                         : loaded 2 times (x 67B)
Class com.intellij.psi.impl.source.SubstrateRef                                       : loaded 2 times (x 74B)
Class org.jetbrains.kotlin.gradle.tasks.DefaultKotlinJavaToolchain$Companion          : loaded 2 times (x 69B)
Class it.unimi.dsi.fastutil.objects.ObjectArraySet                                    : loaded 2 times (x 179B)
Class com.intellij.openapi.fileTypes.CharsetUtil                                      : loaded 2 times (x 69B)
Class com.intellij.openapi.extensions.ExtensionPointUtil                              : loaded 2 times (x 69B)
Class com.intellij.openapi.application.TransactionGuard                               : loaded 2 times (x 76B)
Class kotlin.collections.builders.SetBuilder                                          : loaded 2 times (x 141B)
Class org.codehaus.stax2.typed.TypedValueDecoder                                      : loaded 2 times (x 72B)
Class com.fasterxml.aalto.in.MergedStream                                             : loaded 2 times (x 90B)
Class com.intellij.ide.plugins.DataLoader                                             : loaded 2 times (x 68B)
Class kotlinx.coroutines.NonDisposableHandle                                          : loaded 2 times (x 76B)
Class com.intellij.ide.plugins.PluginDescriptorLoader                                 : loaded 2 times (x 69B)
Class com.intellij.lang.folding.FoldingBuilder                                        : loaded 2 times (x 68B)
Class com.intellij.psi.impl.PsiExpressionEvaluator                                    : loaded 2 times (x 73B)
Class kotlinx.collections.immutable.implementations.immutableList.AbstractListIterator: loaded 2 times (x 96B)
Class com.intellij.codeInsight.highlighting.PassRunningAssert                         : loaded 2 times (x 70B)
Class com.intellij.util.containers.RefHashMap                                         : loaded 2 times (x 125B)
Class it.unimi.dsi.fastutil.objects.ObjectSortedSet                                   : loaded 2 times (x 68B)
Class org.jetbrains.kotlin.gradle.plugin.sources.DefaultKotlinSourceSet$MetadataDependencyTransformation: loaded 2 times (x 70B)
Class com.android.tools.lint.checks.SecretDetector                                    : loaded 2 times (x 167B)
Class com.android.tools.lint.checks.ProguardDetector                                  : loaded 2 times (x 138B)
Class com.google.common.base.Platform$JdkPatternCompiler                              : loaded 2 times (x 73B)
Class org.kxml2.io.KXmlParser                                                         : loaded 2 times (x 147B)
Class org.jetbrains.kotlin.gradle.dsl.KotlinCompile                                   : loaded 2 times (x 68B)
Class org.jetbrains.kotlin.gradle.plugin.mpp.compilationImpl.DefaultKotlinCompilationFriendPathsResolver$DefaultFriendArtifactResolver: loaded 2 times (x 72B)
Class org.jetbrains.kotlin.gradle.plugin.diagnostics.checkers.InternalGradlePropertiesUsageChecker$runChecks$1: loaded 2 times (x 86B)
Class org.jetbrains.kotlin.gradle.utils.StringUtilsKt$lowerCamelCaseName$1            : loaded 2 times (x 123B)
Class org.jetbrains.kotlin.gradle.plugin.diagnostics.checkers.JsEnvironmentChecker$3  : loaded 2 times (x 76B)
Class org.jetbrains.kotlin.gradle.artifacts.KotlinLegacyMetadataArtifactKt            : loaded 2 times (x 69B)
Class org.jetbrains.kotlin.gradle.dsl.JvmTarget$Companion                             : loaded 2 times (x 69B)
Class org.jetbrains.kotlin.gradle.internal.properties.NativePropertiesLoader$downloadFromMaven$1: loaded 2 times (x 73B)
Class org.jetbrains.kotlin.gradle.plugin.internal.DefaultConfigurationCacheStartParameterAccessor_Decorated: loaded 2 times (x 123B)
Class org.jetbrains.kotlin.gradle.plugin.internal.DefaultConfigurationCacheStartParameterAccessor: loaded 2 times (x 75B)
Class org.jetbrains.kotlin.tooling.core.HasExtras                                     : loaded 2 times (x 68B)
Class com.google.common.base.Charsets                                                 : loaded 2 times (x 69B)
Class com.google.common.util.concurrent.Uninterruptibles                              : loaded 2 times (x 69B)
Class com.intellij.psi.TokenType$1                                                    : loaded 2 times (x 73B)
Class [Lorg.jetbrains.kotlin.psi.KtAnnotationUseSiteTarget;                           : loaded 2 times (x 67B)
Class org.jetbrains.kotlin.psi.KtClassInitializer                                     : loaded 2 times (x 782B)
Class [Lcom.intellij.extapi.psi.ASTDelegatePsiElement;                                : loaded 2 times (x 67B)
Class com.intellij.util.ObjectUtilsRt                                                 : loaded 2 times (x 69B)
Class org.jetbrains.kotlin.gradle.plugin.KotlinPluginLifecycle$ProjectConfigurationResult$Failure: loaded 2 times (x 70B)
Class com.google.common.collect.MapMakerInternalMap$Strength                          : loaded 2 times (x 78B)
Class com.google.common.collect.MapMakerInternalMap$StrongKeyDummyValueEntry$LinkedStrongKeyDummyValueEntry: loaded 2 times (x 80B)
Class kotlin.reflect.jvm.internal.impl.name.FqName                                    : loaded 2 times (x 70B)
Class com.intellij.psi.impl.JavaPsiFacadeImpl                                         : loaded 2 times (x 86B)
Class com.intellij.psi.search.GlobalSearchScope$1                                     : loaded 2 times (x 97B)
Class org.jetbrains.kotlin.analysis.decompiler.stub.file.FileAttributeService         : loaded 2 times (x 68B)
Class com.fasterxml.aalto.in.AttributeCollector                                       : loaded 2 times (x 70B)
Class org.codehaus.stax2.DTDInfo                                                      : loaded 2 times (x 68B)
Class com.fasterxml.aalto.in.ReaderScanner                                            : loaded 2 times (x 136B)
Class com.intellij.core.CoreJavaDirectoryService                                      : loaded 2 times (x 83B)
Class com.intellij.psi.impl.PsiSubstitutorFactoryImpl                                 : loaded 2 times (x 72B)
Class com.intellij.psi.stubs.IndexSink                                                : loaded 2 times (x 68B)
Class [Lcom.intellij.openapi.util.UserDataHolderEx;                                   : loaded 2 times (x 67B)
Class com.intellij.openapi.command.CommandProcessor                                   : loaded 2 times (x 89B)
Class it.unimi.dsi.fastutil.ints.IntList                                              : loaded 2 times (x 68B)
Class com.intellij.util.keyFMap.DebugFMap                                             : loaded 2 times (x 80B)
Class com.intellij.util.containers.FastUtilHashingStrategies$1                        : loaded 2 times (x 77B)
Class com.intellij.util.concurrency.SynchronizedClearableLazy$Companion               : loaded 2 times (x 69B)
Class org.jetbrains.kotlin.cli.jvm.compiler.IdeaStandaloneExecutionSetup              : loaded 2 times (x 69B)
Class com.intellij.openapi.util.ObjectNode$1                                          : loaded 2 times (x 81B)
Class com.android.tools.lint.Main$1                                                   : loaded 2 times (x 69B)
Class com.android.tools.lint.checks.SdkIntDetector                                    : loaded 2 times (x 167B)
Class com.android.tools.lint.checks.SamDetector                                       : loaded 2 times (x 167B)
Class com.android.tools.lint.checks.PropertyFileDetector$Companion                    : loaded 2 times (x 69B)
Class com.android.tools.lint.checks.LintDetectorDetector                              : loaded 2 times (x 170B)
Class com.android.tools.lint.checks.LeanbackWifiUsageDetector                         : loaded 2 times (x 151B)
Class com.android.tools.lint.checks.AbstractAnnotationDetector                        : loaded 2 times (x 167B)
Class com.android.tools.lint.detector.api.Location                                    : loaded 2 times (x 79B)
Class com.android.utils.StdLogger                                                     : loaded 2 times (x 84B)
Class com.android.tools.lint.client.api.LintRequest                                   : loaded 2 times (x 74B)
Class com.android.tools.lint.checks.InstantAppDetector                                : loaded 2 times (x 176B)
Class kotlin.reflect.jvm.internal.impl.builtins.functions.FunctionTypeKind$KSuspendFunction: loaded 2 times (x 70B)
Class com.google.common.collect.AbstractMapBasedMultimap$WrappedSet                   : loaded 2 times (x 140B)
Class com.google.common.io.CharSource                                                 : loaded 2 times (x 83B)
Class org.jetbrains.kotlin.gradle.plugin.KotlinCompilationInfo$TCS$friendPaths$1      : loaded 2 times (x 77B)
Class org.jetbrains.kotlin.gradle.plugin.sources.DefaultLanguageSettingsBuilder$freeCompilerArgsProvider$1: loaded 2 times (x 93B)
Class org.jetbrains.kotlin.konan.target.HostManager$Companion                         : loaded 2 times (x 69B)
Class org.jetbrains.kotlin.gradle.targets.js.npm.DevNpmDependencyExtension            : loaded 2 times (x 68B)
Class org.jetbrains.kotlin.gradle.plugin.diagnostics.checkers.PreHmppDependenciesUsageChecker: loaded 2 times (x 72B)
Class org.jetbrains.kotlin.gradle.targets.CreateArtifactsSideEffectKt                 : loaded 2 times (x 69B)
Class org.jetbrains.kotlin.gradle.plugin.AbstractKotlinMultiplatformPluginWrapper     : loaded 2 times (x 84B)
Class org.jetbrains.kotlin.gradle.utils.GradleConfigurationUtilsKt$addGradlePluginMetadataAttributes$1: loaded 2 times (x 73B)
Class org.jetbrains.kotlin.gradle.plugin.internal.DefaultProjectIsolationStartParameterAccessor: loaded 2 times (x 75B)
Class org.gradle.api.specs.Spec                                                       : loaded 2 times (x 68B)
Class [Lorg.jetbrains.kotlin.psi.KtTypeArgumentList;                                  : loaded 2 times (x 67B)
Class [Lorg.jetbrains.kotlin.psi.KtPackageDirective;                                  : loaded 2 times (x 67B)
Class org.jetbrains.kotlin.psi.stubs.elements.KtImportAliasElementType                : loaded 2 times (x 98B)
Class [Lorg.jetbrains.kotlin.psi.KtAnnotationsContainer;                              : loaded 2 times (x 67B)
Class kotlinx.serialization.internal.LinkedHashMapSerializer                          : loaded 2 times (x 94B)
Class com.android.tools.lint.checks.IntentDetector$Companion                          : loaded 2 times (x 69B)
Class com.android.tools.lint.checks.JavaPerformanceDetector$PerformanceVisitor        : loaded 2 times (x 125B)
Class com.android.tools.lint.checks.StringFormatDetector$Companion                    : loaded 2 times (x 69B)
Class com.intellij.psi.impl.source.PsiFileImpl                                        : loaded 2 times (x 723B)
Class com.intellij.psi.search.GlobalSearchScope$2                                     : loaded 2 times (x 106B)
Class com.intellij.psi.search.ProjectScopeImpl                                        : loaded 2 times (x 97B)
Class com.intellij.psi.impl.PsiModificationTrackerImpl$1                              : loaded 2 times (x 76B)
Class com.intellij.mock.MockProject                                                   : loaded 2 times (x 219B)
Class com.intellij.util.containers.LockFreeCopyOnWriteArrayList                       : loaded 2 times (x 195B)
Class [Lcom.fasterxml.aalto.in.ByteBasedPNameTable$Bucket;                            : loaded 2 times (x 67B)
Class com.intellij.util.pico.PicoInitializationException                              : loaded 2 times (x 80B)
Class com.intellij.diagnostic.PluginException                                         : loaded 2 times (x 83B)
Class com.intellij.util.messages.impl.MessageBusImpl                                  : loaded 2 times (x 105B)
Class com.intellij.openapi.util.ClassExtension                                        : loaded 2 times (x 84B)
Class com.intellij.openapi.fileTypes.FileType                                         : loaded 2 times (x 68B)
Class com.intellij.lang.LanguageParserDefinitions                                     : loaded 2 times (x 94B)
Class com.android.tools.lint.checks.SecureRandomDetector$Companion                    : loaded 2 times (x 69B)
Class org.jetbrains.kotlin.name.Name                                                  : loaded 2 times (x 73B)
Class com.android.tools.lint.checks.DiscouragedDetector                               : loaded 2 times (x 176B)
Class com.android.tools.lint.checks.DefaultEncodingDetector$Issues                    : loaded 2 times (x 69B)
Class com.android.tools.lint.detector.api.Platform$Companion                          : loaded 2 times (x 69B)
Class com.intellij.lang.LanguageExtension                                             : loaded 2 times (x 94B)
Class org.xmlpull.v1.XmlPullParserException                                           : loaded 2 times (x 84B)
Class com.android.tools.lint.detector.api.LintModelModuleAndroidLibraryProject        : loaded 2 times (x 154B)
Class org.apache.commons.io.file.PathFilter                                           : loaded 2 times (x 68B)
Class com.google.common.reflect.Types$JavaVersion                                     : loaded 2 times (x 81B)
Class com.google.common.collect.MapMaker                                              : loaded 2 times (x 70B)
Class org.jetbrains.kotlin.gradle.tasks.KotlinCompile$disableMultiModuleIC$2          : loaded 2 times (x 77B)
Class org.jetbrains.kotlin.gradle.tasks.GradleCompileTaskProviderKt                   : loaded 2 times (x 69B)
Class org.jetbrains.kotlin.gradle.plugin.SubpluginEnvironment$Companion               : loaded 2 times (x 69B)
Class org.jetbrains.kotlin.gradle.plugin.mpp.ApplyUserDefinedAttributesKt$UserDefinedAttributesSetupAction$1$1$3: loaded 2 times (x 73B)
Class org.jetbrains.kotlin.gradle.tasks.configuration.BaseKotlinCompileConfig$Companion: loaded 2 times (x 69B)
Class org.jetbrains.kotlin.gradle.plugin.mpp.compilationImpl.KotlinCompilationImpl$Params: loaded 2 times (x 70B)
Class org.jetbrains.kotlin.konan.target.UtilsKt                                       : loaded 2 times (x 69B)
Class org.jetbrains.kotlin.gradle.tooling.BuildKotlinToolingMetadataTask              : loaded 2 times (x 315B)
Class org.jetbrains.kotlin.gradle.plugin.internal.CompatibilityConventionRegistrarKt  : loaded 2 times (x 69B)
Class org.jetbrains.kotlin.gradle.artifacts.KotlinJvmJarArtifactKt                    : loaded 2 times (x 69B)
Class org.jetbrains.kotlin.gradle.plugin.mpp.compilationImpl.CreateCInteropTasksSideEffectKt$special$$inlined$KotlinCompilationSideEffect$1: loaded 2 times (x 72B)
Class org.jetbrains.kotlin.gradle.plugin.statistics.FinalizeConfigurationFusMetricActionKt: loaded 2 times (x 69B)
Class org.jetbrains.kotlin.gradle.plugin.mpp.resources.resolve.KotlinTargetResourcesResolutionStrategy$Companion: loaded 2 times (x 69B)
Class org.jetbrains.kotlin.gradle.targets.native.toolchain.KotlinNativeBundleBuildService$Companion$registerIfAbsent$2$1: loaded 2 times (x 77B)
Class org.jetbrains.kotlin.build.report.metrics.GradleBuildPerformanceMetric$Companion: loaded 2 times (x 69B)
Class org.jetbrains.kotlin.gradle.plugin.statistics.KotlinBuildStatsBeanService       : loaded 2 times (x 85B)
Class [Lcom.google.common.collect.ImmutableEntry;                                     : loaded 2 times (x 67B)
Class org.jetbrains.kotlin.psi.KtDelegatedSuperTypeEntry                              : loaded 2 times (x 445B)
Class org.jetbrains.kotlin.psi.KtPrimaryConstructor                                   : loaded 2 times (x 1272B)
Class [Lorg.jetbrains.kotlin.psi.KtModifierListOwner;                                 : loaded 2 times (x 67B)
Class com.intellij.psi.FileTypeFileViewProviders                                      : loaded 2 times (x 88B)
Class com.intellij.util.messages.MessageBus                                           : loaded 2 times (x 68B)
Class com.intellij.openapi.util.RecursionGuard$StackStamp                             : loaded 2 times (x 68B)
Class com.intellij.core.CoreJavaPsiImplementationHelper                               : loaded 2 times (x 80B)
Class com.intellij.openapi.vfs.VirtualFileCopyEvent                                   : loaded 2 times (x 81B)
Class org.codehaus.stax2.ri.typed.ValueDecoderFactory$DoubleArrayDecoder              : loaded 2 times (x 76B)
Class [Lcom.intellij.ide.plugins.ActionDescriptorName;                                : loaded 2 times (x 67B)
Class kotlinx.coroutines.CoroutineContextKt                                           : loaded 2 times (x 69B)
Class com.intellij.core.CorePsiPackageImplementationHelper                            : loaded 2 times (x 75B)
Class com.intellij.lexer.DummyLexer                                                   : loaded 2 times (x 82B)
Class com.intellij.openapi.application.ex.ApplicationInfoEx                           : loaded 2 times (x 124B)
Class com.intellij.openapi.command.CommandListener                                    : loaded 2 times (x 68B)
Class com.intellij.psi.PsiReferenceProviderBean                                       : loaded 2 times (x 84B)
Class com.intellij.openapi.progress.impl.CoreProgressManager                          : loaded 2 times (x 115B)
Class com.intellij.openapi.extensions.PluginAware                                     : loaded 2 times (x 68B)
Class com.android.tools.lint.checks.WakelockDetector                                  : loaded 2 times (x 176B)
Class com.android.tools.lint.checks.VectorDrawableCompatDetector                      : loaded 2 times (x 151B)
Class com.android.tools.lint.checks.UastImplementationDetector$Companion              : loaded 2 times (x 69B)
Class com.intellij.psi.TypeAnnotationProvider                                         : loaded 2 times (x 68B)
Class com.android.tools.lint.checks.PictureInPictureDetector                          : loaded 2 times (x 167B)
Class com.android.tools.lint.checks.ManifestDetector$Companion                        : loaded 2 times (x 69B)
Class com.android.tools.lint.checks.CallSuperDetector                                 : loaded 2 times (x 167B)
Class com.intellij.psi.javadoc.PsiDocToken                                            : loaded 2 times (x 68B)
Class com.intellij.psi.tree.ILightStubFileElementType                                 : loaded 2 times (x 108B)
Class [Lkotlin.reflect.jvm.internal.impl.builtins.jvm.JavaToKotlinClassMap$PlatformMutabilityMapping;: loaded 2 times (x 67B)
Class org.jetbrains.kotlin.gradle.tasks.configuration.AbstractKotlinCompileConfig$1$1 : loaded 2 times (x 72B)
Class org.jetbrains.kotlin.gradle.tasks.KotlinCompile$kotlinOptions$1                 : loaded 2 times (x 77B)
Class org.jetbrains.kotlin.gradle.internal.properties.NativeProperties$Companion      : loaded 2 times (x 69B)
Class org.jetbrains.kotlin.gradle.utils.StringUtilsKt                                 : loaded 2 times (x 69B)
Class org.jetbrains.kotlin.gradle.targets.ConfigureBuildSideEffectKt$ConfigureBuildSideEffect$1: loaded 2 times (x 72B)
Class org.jetbrains.kotlin.tooling.core.ExtrasLazyProperty                            : loaded 2 times (x 68B)
Class org.jetbrains.kotlin.gradle.utils.CompletableFuture                             : loaded 2 times (x 68B)
Class org.jetbrains.kotlin.build.report.metrics.BuildPerformanceMetric                : loaded 2 times (x 68B)
Class [Lorg.jetbrains.kotlin.statistics.metrics.StringOverridePolicy;                 : loaded 2 times (x 67B)
Class com.google.common.cache.LocalCache$LoadingValueReference                        : loaded 2 times (x 94B)
Class org.jetbrains.kotlin.analysis.api.standalone.base.projectStructure.StandaloneProjectFactory$createSearchScopeByLibraryRoots$1: loaded 2 times (x 97B)
Class com.intellij.openapi.vfs.VfsUtilCore                                            : loaded 2 times (x 69B)
Class com.intellij.util.io.FileAccessorCache                                          : loaded 2 times (x 81B)
Class com.intellij.psi.impl.java.stubs.JavaStubElementType                            : loaded 2 times (x 107B)
Class [Lorg.jetbrains.kotlin.psi.KtTypeReference;                                     : loaded 2 times (x 67B)
Class [Lorg.jetbrains.kotlin.psi.KtImportInfo;                                        : loaded 2 times (x 67B)
Class org.jetbrains.kotlin.psi.stubs.elements.KtContractEffectListElementType         : loaded 2 times (x 101B)
Class com.intellij.openapi.util.NotNullLazyValue$2                                    : loaded 2 times (x 76B)
Class com.intellij.codeInsight.InferredAnnotationsManager                             : loaded 2 times (x 72B)
Class org.jetbrains.kotlin.util.SimpleCounter                                         : loaded 2 times (x 71B)
Class com.intellij.util.containers.ConcurrentWeakKeySoftValueHashMap$HardKey          : loaded 2 times (x 81B)
Class com.intellij.util.containers.ConcurrentWeakKeySoftValueHashMap$ValueReference   : loaded 2 times (x 68B)
Class com.intellij.psi.impl.source.resolve.ResolveCache$AbstractResolver              : loaded 2 times (x 68B)
Class kotlinx.coroutines.internal.DispatchedContinuation                              : loaded 2 times (x 88B)
Class kotlinx.coroutines.internal.Symbol                                              : loaded 2 times (x 70B)
Class com.intellij.psi.impl.source.JavaFileElementType                                : loaded 2 times (x 111B)
Class com.intellij.util.messages.impl.CompositeMessageBus$WhenMappings                : loaded 2 times (x 69B)
Class com.intellij.openapi.command.impl.CoreCommandProcessor                          : loaded 2 times (x 96B)
Class io.opentelemetry.api.trace.SpanBuilder                                          : loaded 2 times (x 68B)
Class com.intellij.platform.diagnostic.telemetry.Scope                                : loaded 2 times (x 70B)
Class com.intellij.openapi.application.CachedSingletonsRegistry                       : loaded 2 times (x 69B)
Class kotlinx.collections.immutable.ExtensionsKt                                      : loaded 2 times (x 69B)
Class com.intellij.openapi.extensions.impl.ExtensionsAreaImpl                         : loaded 2 times (x 83B)
Class com.intellij.util.containers.FastUtilCaseInsensitiveStringHashingStrategy       : loaded 2 times (x 73B)
Class com.intellij.openapi.vfs.impl.jar.CoreJarFileSystem                             : loaded 2 times (x 99B)
Class com.intellij.lang.jvm.JvmAnnotation                                             : loaded 2 times (x 68B)
Class com.android.tools.lint.checks.StartDestinationDetector                          : loaded 2 times (x 151B)
Class org.jetbrains.kotlin.name.StandardClassIds                                      : loaded 2 times (x 69B)
Class com.android.tools.lint.checks.HandlerDetector                                   : loaded 2 times (x 167B)
Class com.intellij.lang.jvm.JvmNamedElement                                           : loaded 2 times (x 68B)
Class kotlinx.coroutines.EventLoopImplPlatform                                        : loaded 2 times (x 105B)
Class kotlinx.coroutines.scheduling.SchedulerTimeSource                               : loaded 2 times (x 70B)
Class kotlinx.coroutines.scheduling.CoroutineScheduler                                : loaded 2 times (x 79B)
Class com.intellij.openapi.vfs.VirtualFileSetFactoryKt                                : loaded 2 times (x 69B)
Class com.intellij.psi.impl.source.tree.TreeElementVisitor                            : loaded 2 times (x 71B)
Class org.jetbrains.kotlin.config.JvmTarget$Companion                                 : loaded 2 times (x 69B)
Class com.google.common.reflect.Invokable$MethodInvokable                             : loaded 2 times (x 105B)
Class com.google.common.io.LineReader$1                                               : loaded 2 times (x 73B)
Class com.google.common.collect.CollectSpliterators                                   : loaded 2 times (x 69B)
Class com.google.common.collect.AbstractMapBasedMultimap$AsMap                        : loaded 2 times (x 126B)
Class com.google.common.collect.MapMakerInternalMap$StrongKeyDummyValueEntry          : loaded 2 times (x 80B)
Class org.jetbrains.kotlin.gradle.tasks.configuration.AbstractKotlinCompileConfig$getClasspathSnapshotDir$1: loaded 2 times (x 72B)
Class org.jetbrains.kotlin.gradle.tasks.configuration.AbstractKotlinCompileConfig$1$2 : loaded 2 times (x 72B)
Class com.google.common.base.Platform                                                 : loaded 2 times (x 69B)
Class com.google.common.collect.Multimaps$Entries                                     : loaded 2 times (x 116B)
Class org.jetbrains.kotlin.gradle.plugin.diagnostics.checkers.OverriddenKotlinNativeHomeChecker$StdlibExistenceCheckerValueSource$Params$Inject: loaded 2 times (x 104B)
Class org.jetbrains.kotlin.gradle.plugin.diagnostics.checkers.CommonMainOrTestWithDependsOnChecker: loaded 2 times (x 72B)
Class org.jetbrains.kotlin.gradle.artifacts.KotlinNativeHostSpecificMetadataArtifactKt: loaded 2 times (x 69B)
Class org.jetbrains.kotlin.gradle.plugin.mpp.compilationImpl.KotlinCreateLifecycleTasksSideEffectKt: loaded 2 times (x 69B)
Class org.jetbrains.kotlin.gradle.plugin.KotlinTarget                                 : loaded 2 times (x 68B)
Class org.jetbrains.kotlin.gradle.utils.ConfigurationsKt$createResolvable$1           : loaded 2 times (x 76B)
Class [Lorg.jetbrains.kotlin.statistics.metrics.BooleanAnonymizationPolicy;           : loaded 2 times (x 67B)
Class org.jetbrains.kotlin.lexer.KtKeywordToken                                       : loaded 2 times (x 76B)
Class [Lorg.jetbrains.kotlin.psi.KtPureElement;                                       : loaded 2 times (x 67B)
Class [Lcom.intellij.psi.PsiFile;                                                     : loaded 2 times (x 67B)
Class com.intellij.util.PatchedWeakReference                                          : loaded 2 times (x 80B)
Class com.intellij.psi.impl.file.PsiDirectoryImpl                                     : loaded 2 times (x 563B)
Class org.jetbrains.kotlin.psi.stubs.elements.KtPropertyElementType                   : loaded 2 times (x 102B)
Class com.intellij.util.containers.SoftKeySoftValueHashMap                            : loaded 2 times (x 108B)
Class com.intellij.psi.impl.PsiToDocumentSynchronizer                                 : loaded 2 times (x 82B)
Class com.intellij.pom.java.InternalPersistentJavaLanguageLevelReaderService          : loaded 2 times (x 68B)
Class com.intellij.openapi.extensions.ExtensionPointDescriptor                        : loaded 2 times (x 70B)
Class com.intellij.util.containers.UnsafeWeakList                                     : loaded 2 times (x 121B)
Class com.intellij.util.containers.ContainerUtil$9                                    : loaded 2 times (x 78B)
Class com.intellij.mock.MockFileDocumentManagerImpl                                   : loaded 2 times (x 92B)
Class com.intellij.openapi.application.ModalityState                                  : loaded 2 times (x 70B)
Class com.intellij.lang.jvm.JvmLanguage                                               : loaded 2 times (x 68B)
Class org.jetbrains.kotlin.config.LanguageVersionSettings$Companion                   : loaded 2 times (x 69B)
Class com.intellij.util.containers.ImmutableList                                      : loaded 2 times (x 196B)
Class [Lorg.jetbrains.kotlin.psi.KtBackingField;                                      : loaded 2 times (x 67B)
Class com.android.tools.lint.LintCliClient$validateIssueIds$1                         : loaded 2 times (x 73B)
Class com.android.tools.lint.client.api.LintListener                                  : loaded 2 times (x 68B)
Class com.intellij.psi.TypeAnnotationProvider$Static                                  : loaded 2 times (x 75B)
Class org.jetbrains.kotlin.name.StandardClassIdsKt                                    : loaded 2 times (x 69B)
Class com.android.tools.lint.checks.NamespaceDetector                                 : loaded 2 times (x 152B)
Class com.android.tools.lint.checks.MediaBrowserServiceCompatVersionDetector          : loaded 2 times (x 167B)
Class com.android.tools.lint.checks.InvalidNotificationIdDetector$Issues              : loaded 2 times (x 69B)
Class org.jetbrains.uast.UExpression                                                  : loaded 2 times (x 68B)
Class [Lorg.jetbrains.kotlin.psi.KtScript;                                            : loaded 2 times (x 67B)
Class com.google.common.collect.UnmodifiableListIterator                              : loaded 2 times (x 93B)
Class org.objectweb.asm.ClassVisitor                                                  : loaded 2 times (x 86B)
Class com.android.tools.lint.client.api.ConfigurationHierarchy                        : loaded 2 times (x 71B)
Class [Lorg.objectweb.asm.Symbol;                                                     : loaded 2 times (x 67B)
Class org.jetbrains.kotlin.gradle.dsl.KotlinProjectExtension                          : loaded 2 times (x 120B)
Class org.jetbrains.kotlin.gradle.internal.properties.PropertiesBuildService$BooleanGradleProperty: loaded 2 times (x 74B)
Class com.google.common.collect.AbstractMapBasedMultimap$WrappedList                  : loaded 2 times (x 203B)
Class com.google.common.collect.CompoundOrdering                                      : loaded 2 times (x 113B)
Class [Lorg.jetbrains.kotlin.build.report.metrics.BuildAttributeKind;                 : loaded 2 times (x 67B)
Class org.jetbrains.kotlin.gradle.tasks.K2MultiplatformStructure                      : loaded 2 times (x 72B)
Class org.jetbrains.kotlin.gradle.internal.KotlinDependenciesManagementKt$allNonProjectDependencies$1: loaded 2 times (x 72B)
Class org.jetbrains.kotlin.compilerRunner.CompilerSystemPropertiesService$Parameters  : loaded 2 times (x 68B)
Class org.jetbrains.kotlin.gradle.plugin.mpp.compilationImpl.KotlinCompilationSourceSetsContainer: loaded 2 times (x 68B)
Class org.jetbrains.kotlin.gradle.artifacts.KotlinNativeKlibArtifactKt                : loaded 2 times (x 69B)
Class org.jetbrains.kotlin.gradle.plugin.ProjectLocalConfigurations                   : loaded 2 times (x 69B)
Class org.jetbrains.kotlin.gradle.plugin.mpp.KotlinUsages$KotlinUsagesDisambiguation  : loaded 2 times (x 74B)
Class org.jetbrains.kotlin.tooling.core.Extras$Key$Companion                          : loaded 2 times (x 69B)
Class org.jetbrains.kotlin.tooling.core.Extras$Key                                    : loaded 2 times (x 70B)
Class [Lorg.objectweb.asm.AnnotationWriter;                                           : loaded 2 times (x 67B)
Class com.intellij.openapi.util.io.FileUtilRt$SymlinkResolver                         : loaded 2 times (x 68B)
Class [Lorg.jetbrains.kotlin.psi.KtStringTemplateEntry;                               : loaded 2 times (x 67B)
Class org.jetbrains.kotlin.psi.stubs.elements.KtDotQualifiedExpressionElementType     : loaded 2 times (x 101B)
Class [Lorg.jetbrains.kotlin.psi.KtImportAlias;                                       : loaded 2 times (x 67B)
Class org.jetbrains.kotlin.psi.stubs.KotlinPropertyAccessorStub                       : loaded 2 times (x 68B)
Class [Lorg.jetbrains.kotlin.psi.KtNamedDeclaration;                                  : loaded 2 times (x 67B)
Class org.jetbrains.kotlin.gradle.plugin.VariantImplementationFactories$Companion$getProvider$1: loaded 2 times (x 73B)
Class org.jetbrains.kotlin.gradle.plugin.statistics.KotlinBuildStatsBeanService$Companion$initStatsService$1: loaded 2 times (x 77B)
Class com.intellij.util.containers.ConcurrentSoftHashMap                              : loaded 2 times (x 152B)
Class com.intellij.psi.impl.AbstractPsiCachedValue                                    : loaded 2 times (x 93B)
Class com.intellij.psi.ResolveResult                                                  : loaded 2 times (x 68B)
Class com.fasterxml.aalto.in.PName1                                                   : loaded 2 times (x 81B)
Class com.fasterxml.aalto.impl.IoStreamException                                      : loaded 2 times (x 83B)
Class kotlinx.coroutines.EventLoopKt                                                  : loaded 2 times (x 69B)
Class com.intellij.openapi.project.DumbAware                                          : loaded 2 times (x 68B)
Class com.intellij.psi.PsiCheckedRenameElement                                        : loaded 2 times (x 68B)
Class com.intellij.util.text.CharArrayCharSequence                                    : loaded 2 times (x 99B)
Class com.intellij.util.IncorrectOperationException                                   : loaded 2 times (x 80B)
Class com.android.tools.lint.LintCliClient$initializeProjects$maxLevel$1              : loaded 2 times (x 123B)
Class com.android.tools.lint.checks.WebViewClientDetector$Companion                   : loaded 2 times (x 69B)
Class com.android.tools.lint.checks.UnsafeNativeCodeDetector                          : loaded 2 times (x 167B)
Class [Lcom.intellij.openapi.util.Iconable;                                           : loaded 2 times (x 67B)
Class com.android.tools.lint.checks.StringEscapeDetector$Issues                       : loaded 2 times (x 69B)
Class com.android.tools.lint.checks.NotificationPermissionDetector$Issues             : loaded 2 times (x 69B)
Class com.android.tools.lint.checks.DefaultEncodingDetector                           : loaded 2 times (x 167B)
Class com.android.tools.lint.checks.CleanupDetector                                   : loaded 2 times (x 167B)
Class com.intellij.psi.PsiNameIdentifierOwner                                         : loaded 2 times (x 68B)
Class com.intellij.psi.PsiNamedElement                                                : loaded 2 times (x 68B)
Class org.jetbrains.kotlin.statistics.metrics.StringOverridePolicy$OVERRIDE_VERSION_IF_NOT_SET: loaded 2 times (x 83B)
Class org.jetbrains.kotlin.gradle.plugin.KotlinGradlePluginExtensionPointInternal     : loaded 2 times (x 74B)
Class org.jetbrains.kotlin.gradle.plugin.KotlinTargetComponent                        : loaded 2 times (x 68B)
Class kotlin.text.StringsKt__StringsKt$iterator$1                                     : loaded 2 times (x 81B)
Class org.jetbrains.kotlin.gradle.dsl.KotlinCommonCompilerToolOptionsHelper           : loaded 2 times (x 69B)
Class org.jetbrains.kotlin.gradle.plugin.KotlinPluginLifecycleImpl$WhenMappings       : loaded 2 times (x 69B)
Class org.jetbrains.kotlin.gradle.plugin.diagnostics.checkers.DeprecatedKotlinNativeTargetsChecker$runChecks$1: loaded 2 times (x 86B)
Class org.jetbrains.kotlin.gradle.plugin.KotlinPluginLifecycleImplKt                  : loaded 2 times (x 69B)
Class org.jetbrains.kotlin.gradle.targets.js.dsl.KotlinJsTargetDsl                    : loaded 2 times (x 68B)
Class org.jetbrains.kotlin.gradle.tasks.configuration.AbstractKotlinCompileConfig$1$4 : loaded 2 times (x 73B)
Class com.google.common.collect.Lists$ReverseList$1                                   : loaded 2 times (x 97B)
Class com.google.common.collect.ImmutableRangeSet$Builder                             : loaded 2 times (x 75B)
Class [Lcom.google.common.collect.Iterators$EmptyModifiableIterator;                  : loaded 2 times (x 67B)
Class org.jetbrains.kotlin.gradle.plugin.diagnostics.CheckKotlinGradlePluginConfigurationErrors: loaded 2 times (x 315B)
Class org.jetbrains.kotlin.gradle.plugin.sources.DefaultKotlinSourceSetKt             : loaded 2 times (x 69B)
Class org.jetbrains.kotlin.gradle.dsl.KotlinJvmOptions                                : loaded 2 times (x 68B)
Class org.jetbrains.kotlin.gradle.plugin.mpp.HierarchyAttributeContainer$1            : loaded 2 times (x 76B)
Class org.jetbrains.kotlin.gradle.plugin.KotlinPluginLifecycle                        : loaded 2 times (x 68B)
Class org.jetbrains.kotlin.gradle.plugin.KotlinJsPluginWrapper                        : loaded 2 times (x 84B)
Class org.jetbrains.kotlin.gradle.dsl.ToolchainSupport                                : loaded 2 times (x 68B)
Class org.jetbrains.kotlin.tooling.core.Extras                                        : loaded 2 times (x 68B)
Class org.jetbrains.kotlin.gradle.plugin.mpp.InternalKotlinTarget                     : loaded 2 times (x 68B)
Class org.jetbrains.kotlin.statistics.metrics.NumberAnonymizationPolicy$RANDOM_10_PERCENT: loaded 2 times (x 83B)
Class org.jetbrains.kotlin.statistics.metrics.StringMetrics                           : loaded 2 times (x 78B)
Class com.google.common.cache.LocalCache$StrongValueReference                         : loaded 2 times (x 88B)
Class com.google.common.util.concurrent.AbstractFuture$SynchronizedHelper             : loaded 2 times (x 76B)
Class org.jetbrains.kotlin.cli.common.localfs.KotlinLocalVirtualFile$getChildren$$inlined$sortedBy$1: loaded 2 times (x 87B)
Class com.intellij.psi.impl.java.stubs.JavaImportListElementType                      : loaded 2 times (x 118B)
Class [Lorg.jetbrains.kotlin.psi.ValueArgumentName;                                   : loaded 2 times (x 67B)
Class org.jetbrains.kotlin.psi.stubs.elements.KtConstructorElementType                : loaded 2 times (x 105B)
Class com.intellij.psi.PsiLargeBinaryFile                                             : loaded 2 times (x 68B)
Class com.intellij.openapi.util.io.FileUtilRt                                         : loaded 2 times (x 69B)
Class org.jetbrains.kotlin.konan.target.KonanTarget$WATCHOS_ARM32                     : loaded 2 times (x 76B)
Class org.jetbrains.kotlin.analysis.api.standalone.base.projectStructure.PluginStructureProvider$PluginDesignation: loaded 2 times (x 70B)
Class org.jetbrains.kotlin.gradle.plugin.KotlinProjectSetupActionKt$KotlinProjectSetupCoroutine$1$1: loaded 2 times (x 93B)
Class com.intellij.codeInsight.ExternalAnnotationsListener                            : loaded 2 times (x 68B)
Class com.intellij.psi.PsiJavaCodeReferenceElement                                    : loaded 2 times (x 68B)
Class com.fasterxml.aalto.in.PName2                                                   : loaded 2 times (x 81B)
Class com.intellij.ide.plugins.ContainerDescriptor                                    : loaded 2 times (x 70B)
Class com.fasterxml.aalto.in.ByteBasedScanner                                         : loaded 2 times (x 138B)
Class com.intellij.lang.folding.FoldingBuilderEx                                      : loaded 2 times (x 85B)
Class com.intellij.openapi.editor.ex.RangeMarkerEx                                    : loaded 2 times (x 68B)
Class com.intellij.openapi.extensions.PluginDescriptor                                : loaded 2 times (x 68B)
Class org.jetbrains.kotlin.cli.jvm.compiler.KotlinCoreApplicationEnvironment          : loaded 2 times (x 92B)
Class com.android.tools.lint.checks.X509TrustManagerDetector                          : loaded 2 times (x 175B)
Class com.android.tools.lint.checks.SecureRandomGeneratorDetector                     : loaded 2 times (x 151B)
Class com.android.tools.lint.checks.RestrictionsDetector$Companion                    : loaded 2 times (x 69B)
Class com.android.tools.lint.checks.PrivateResourceDetector                           : loaded 2 times (x 177B)
Class com.android.tools.lint.checks.PictureInPictureDetector$Companion                : loaded 2 times (x 69B)
Class com.android.tools.lint.checks.IntentWillNullActionDetector                      : loaded 2 times (x 176B)
Class com.android.tools.lint.detector.api.XmlContext                                  : loaded 2 times (x 74B)
Class com.android.tools.lint.checks.BatteryDetector                                   : loaded 2 times (x 176B)
Class com.android.tools.lint.detector.api.Scope$Companion                             : loaded 2 times (x 69B)
Class org.jetbrains.kotlin.gradle.plugin.mpp.compilationImpl.factory.KotlinCompilationImplFactory$PreConfigure: loaded 2 times (x 68B)
Class Build_gradle$4                                                                  : loaded 2 times (x 73B)
Class build_4o5lwbfpc9o3rzc6z56ytcvxd                                                 : loaded 2 times (x 178B)
Class org.jetbrains.kotlin.gradle.tasks.CompilerPluginOptions                         : loaded 2 times (x 70B)
Class org.jetbrains.kotlin.gradle.tasks.configuration.AbstractKotlinCompileConfig$1$5 : loaded 2 times (x 73B)
Class org.jetbrains.kotlin.gradle.plugin.mpp.KotlinTargetSoftwareComponentImpl        : loaded 2 times (x 88B)
Class org.jetbrains.kotlin.gradle.plugin.mpp.DefaultKotlinUsageContext$PublishOnlyIf  : loaded 2 times (x 68B)
Class org.jetbrains.kotlin.gradle.dsl.KotlinCommonCompilerOptionsHelper               : loaded 2 times (x 69B)
Class org.jetbrains.kotlin.gradle.plugin.KotlinJvmPlugin$Companion                    : loaded 2 times (x 69B)
Class org.jetbrains.kotlin.gradle.plugin.diagnostics.KotlinToolingDiagnostics         : loaded 2 times (x 69B)
Class org.jetbrains.kotlin.gradle.artifacts.KotlinMetadataArtifactKt                  : loaded 2 times (x 69B)
Class org.jetbrains.kotlin.gradle.targets.CreateArtifactsSideEffectKt$CreateArtifactsSideEffect$1: loaded 2 times (x 72B)
Class org.jetbrains.kotlin.gradle.internal.properties.PropertiesBuildService$property$1$valueFromGradleAndLocalProperties$1: loaded 2 times (x 73B)
Class org.jetbrains.kotlin.gradle.plugin.KotlinPluginWrapperKt$kotlinToolingVersion$2 : loaded 2 times (x 76B)
Class org.objectweb.asm.Type                                                          : loaded 2 times (x 70B)
Class org.gradle.internal.classloader.VisitableURLClassLoader$InstrumentingVisitableURLClassLoader: loaded 2 times (x 121B)
Class com.intellij.util.containers.FactoryMap$1                                       : loaded 2 times (x 122B)
Class com.intellij.psi.impl.PsiCachedValueImpl$Soft                                   : loaded 2 times (x 93B)
Class com.intellij.psi.util.PsiUtilCore                                               : loaded 2 times (x 69B)
Class org.jetbrains.kotlin.psi.stubs.elements.KtCollectionLiteralExpressionElementType: loaded 2 times (x 98B)
Class org.jetbrains.kotlin.psi.KtValueArgumentName                                    : loaded 2 times (x 447B)
Class org.jetbrains.kotlin.psi.KtTypeConstraintList                                   : loaded 2 times (x 442B)
Class [Lorg.jetbrains.kotlin.psi.KtParameter;                                         : loaded 2 times (x 67B)
Class org.jetbrains.kotlin.psi.KtParameter                                            : loaded 2 times (x 1153B)
Class com.android.tools.lint.PathCollection$filter$keepPhysical$1$1                   : loaded 2 times (x 77B)
Class org.jetbrains.kotlin.gradle.tasks.configuration.AbstractKotlinCompileConfig$2   : loaded 2 times (x 77B)
Class com.android.tools.lint.UastEnvironmentUtilsKt$configureAnalysisApiProjectStructure$1$uastEnvModuleOrder$1$1: loaded 2 times (x 76B)
Class org.jetbrains.kotlin.gradle.internal.transforms.BuildToolsApiClasspathEntrySnapshotTransform: loaded 2 times (x 80B)
Class com.intellij.psi.impl.PsiCachedValue                                            : loaded 2 times (x 85B)
Class com.intellij.ide.plugins.PluginManagerCore                                      : loaded 2 times (x 69B)
Class com.fasterxml.aalto.in.PName3                                                   : loaded 2 times (x 81B)
Class kotlinx.coroutines.Job$DefaultImpls                                             : loaded 2 times (x 69B)
Class org.jetbrains.kotlin.gradle.tasks.CacheableTasksKt$cacheOnlyIfEnabledForKotlin$1: loaded 2 times (x 73B)
Class org.jetbrains.kotlin.gradle.tasks.AbstractKotlinCompile$compilerRunner$1        : loaded 2 times (x 73B)
Class com.intellij.psi.compiled.ClassFileDecompilers$Full                             : loaded 2 times (x 75B)
Class com.intellij.openapi.components.Service                                         : loaded 2 times (x 68B)
Class com.intellij.psi.PsiIdentifier                                                  : loaded 2 times (x 68B)
Class com.intellij.util.Java11Shim$Companion                                          : loaded 2 times (x 69B)
Class com.intellij.core.JavaPsiBundle                                                 : loaded 2 times (x 69B)
Class com.google.common.collect.TransformedListIterator                               : loaded 2 times (x 91B)
Class com.google.common.cache.LocalCache$Values                                       : loaded 2 times (x 116B)
Class com.android.tools.lint.checks.GridLayoutDetector                                : loaded 2 times (x 151B)
Class com.android.tools.lint.checks.FragmentDetector$Companion                        : loaded 2 times (x 69B)
Class com.intellij.lang.jvm.JvmTypeParametersOwner                                    : loaded 2 times (x 68B)
Class com.google.common.reflect.TypeCapture                                           : loaded 2 times (x 69B)
Class kotlin.collections.builders.ListBuilder$Itr                                     : loaded 2 times (x 92B)
Class com.android.tools.lint.checks.AccessibilityWindowStateChangedDetector           : loaded 2 times (x 167B)
Class com.intellij.psi.PsiJvmModifiersOwner                                           : loaded 2 times (x 68B)
Class [Lkotlin.reflect.jvm.internal.impl.resolve.jvm.JvmPrimitiveType;                : loaded 2 times (x 67B)
Class org.apache.commons.io.FileUtils                                                 : loaded 2 times (x 69B)
Class com.google.common.collect.MapMakerInternalMap$StrongKeyDummyValueEntry$Helper   : loaded 2 times (x 77B)
Class org.jetbrains.kotlin.gradle.tasks.configuration.AbstractKotlinCompileConfig$1$6 : loaded 2 times (x 73B)
Class [Lorg.jetbrains.kotlin.gradle.tasks.KotlinCompilerExecutionStrategy;            : loaded 2 times (x 67B)
Class org.jetbrains.kotlin.gradle.tasks.FailedCompilationException                    : loaded 2 times (x 80B)
Class org.jetbrains.kotlin.gradle.plugin.mpp.DefaultKotlinUsageContext$1              : loaded 2 times (x 72B)
Class org.jetbrains.kotlin.gradle.plugin.mpp.compilationImpl.KotlinCompilationImpl$associateWith$2: loaded 2 times (x 77B)
Class org.jetbrains.kotlin.gradle.plugin.hierarchy.KotlinSourceSetTreeClassifier      : loaded 2 times (x 68B)
Class org.jetbrains.kotlin.gradle.plugin.mpp.compilationImpl.KotlinCompilationAssociator: loaded 2 times (x 68B)
Class org.jetbrains.kotlin.konan.target.UtilsKt$evaluatePresetName$1                  : loaded 2 times (x 76B)
Class org.jetbrains.kotlin.gradle.plugin.mpp.KotlinNativeTarget                       : loaded 2 times (x 171B)
Class org.jetbrains.kotlin.gradle.plugin.diagnostics.checkers.KotlinSourceSetTreeDependsOnMismatchChecker$runChecks$1: loaded 2 times (x 86B)
Class org.jetbrains.kotlin.gradle.plugin.diagnostics.checkers.PreHmppDependenciesUsageChecker$runChecks$1: loaded 2 times (x 86B)
Class org.jetbrains.kotlin.gradle.utils.ProjectExtensionsKt                           : loaded 2 times (x 69B)
Class org.jetbrains.kotlin.gradle.plugin.KotlinSourceSetTree$Companion                : loaded 2 times (x 69B)
Class org.jetbrains.kotlin.gradle.plugin.diagnostics.KotlinGradleProjectChecker$Companion: loaded 2 times (x 69B)
Class org.jetbrains.kotlin.gradle.plugin.KotlinGradleBuildServices$Parameters         : loaded 2 times (x 68B)
Class org.jetbrains.kotlin.gradle.plugin.statistics.BuildFusService$Companion$registerIfAbsent$1$1$1: loaded 2 times (x 73B)
Class org.jetbrains.kotlin.statistics.fileloggers.MetricsContainer$Companion          : loaded 2 times (x 69B)
Class org.objectweb.asm.ByteVector                                                    : loaded 2 times (x 77B)
Class [Lcom.google.common.cache.CacheBuilder$NullListener;                            : loaded 2 times (x 67B)
Class org.gradle.internal.classloader.VisitableURLClassLoader$Spec                    : loaded 2 times (x 72B)
Class org.gradle.internal.classpath.DefaultClassPath                                  : loaded 2 times (x 88B)
Class org.jetbrains.kotlin.analysis.project.structure.impl.KaLibraryModuleImpl        : loaded 2 times (x 101B)
Class com.intellij.util.io.FileAccessorCache$1                                        : loaded 2 times (x 81B)
Class com.intellij.psi.tree.ICompositeElementType                                     : loaded 2 times (x 68B)
Class com.intellij.extapi.psi.ASTDelegatePsiElement                                   : loaded 2 times (x 304B)
Class org.jetbrains.kotlin.psi.KtDeclaration                                          : loaded 2 times (x 68B)
Class com.intellij.psi.SingleRootFileViewProvider                                     : loaded 2 times (x 158B)
Class kotlinx.serialization.SerializationStrategy                                     : loaded 2 times (x 68B)
Class com.intellij.psi.impl.PsiParameterizedCachedValue$Soft                          : loaded 2 times (x 92B)
Class com.intellij.psi.impl.AnyPsiChangeListener                                      : loaded 2 times (x 68B)
Class com.intellij.psi.impl.PsiModificationTrackerImpl                                : loaded 2 times (x 82B)
Class org.codehaus.stax2.typed.TypedXMLStreamException                                : loaded 2 times (x 83B)
Class com.android.tools.lint.checks.CredentialManagerDependencyDetector$Companion     : loaded 2 times (x 69B)
Class com.android.ide.common.gradle.Module$Companion                                  : loaded 2 times (x 69B)
Class com.intellij.openapi.editor.event.DocumentEvent                                 : loaded 2 times (x 80B)
Class com.intellij.openapi.extensions.ExtensionNotApplicableException                 : loaded 2 times (x 80B)
Class com.intellij.util.containers.IntKeyWeakValueHashMap$MyReference                 : loaded 2 times (x 77B)
Class com.android.tools.lint.checks.PublicKeyCredentialDetector$Companion             : loaded 2 times (x 69B)
Class com.android.tools.lint.checks.UnsafeFilenameDetector                            : loaded 2 times (x 167B)
Class com.android.tools.lint.checks.SharedPrefsDetector$Companion                     : loaded 2 times (x 69B)
Class com.android.tools.lint.checks.PropertyFileDetector                              : loaded 2 times (x 138B)
Class com.intellij.lang.jvm.JvmClass                                                  : loaded 2 times (x 68B)
Class com.android.tools.lint.checks.UselessViewDetector                               : loaded 2 times (x 151B)
Class com.intellij.util.containers.WeakHashMap                                        : loaded 2 times (x 125B)
Class com.intellij.lang.ParserDefinition                                              : loaded 2 times (x 68B)
Class com.android.prefs.AndroidLocationsSingleton                                     : loaded 2 times (x 80B)
Class com.intellij.util.ObjectUtils$Sentinel                                          : loaded 2 times (x 70B)
Class kotlinx.coroutines.CoroutineScope                                               : loaded 2 times (x 68B)
Class com.intellij.util.messages.impl.BusState$Alive                                  : loaded 2 times (x 69B)
Class com.intellij.psi.PsiFile                                                        : loaded 2 times (x 68B)
Class com.google.common.reflect.Types$ClassOwnership                                  : loaded 2 times (x 78B)
Class com.google.common.collect.ImmutableSortedMap$1EntrySet$1                        : loaded 2 times (x 210B)
Class org.jetbrains.kotlin.gradle.plugin.DefaultKotlinBasePlugin$addKotlinCompilerConfiguration$2$1$1: loaded 2 times (x 73B)
Class org.jetbrains.kotlin.gradle.plugin.mpp.KotlinSoftwareComponentKt                : loaded 2 times (x 69B)
Class org.jetbrains.kotlin.gradle.plugin.mpp.compilationImpl.KotlinCompilationSourceSetInclusion$AddSourcesToCompileTask: loaded 2 times (x 68B)
Class org.jetbrains.kotlin.konan.target.Architecture                                  : loaded 2 times (x 77B)
Class [Lorg.jetbrains.kotlin.gradle.plugin.HasProject;                                : loaded 2 times (x 67B)
Class org.jetbrains.kotlin.gradle.utils.MutableObservableSetImpl                      : loaded 2 times (x 161B)
Class org.jetbrains.kotlin.gradle.tasks.KotlinTasksProvider                           : loaded 2 times (x 70B)
Class org.jetbrains.kotlin.gradle.plugin.KotlinJsCompilerTypeHolder                   : loaded 2 times (x 68B)
Class org.jetbrains.kotlin.gradle.dsl.DefaultToolchainSupport$wireToolchainToTasks$1  : loaded 2 times (x 73B)
Class org.jetbrains.kotlin.gradle.dsl.KotlinCommonCompilerOptions                     : loaded 2 times (x 68B)
Class org.jetbrains.kotlin.gradle.internal.properties.PropertiesBuildService$MemoizedCallable: loaded 2 times (x 73B)
Class org.objectweb.asm.Symbol                                                        : loaded 2 times (x 71B)
Class com.intellij.openapi.vfs.impl.AddonlyKeylessHash$KeyValueMapper                 : loaded 2 times (x 73B)
Class com.intellij.psi.impl.source.PsiJavaFileBaseImpl$MyCacheBuilder                 : loaded 2 times (x 74B)
Class com.intellij.psi.LiteralTextEscaper                                             : loaded 2 times (x 74B)
Class org.jetbrains.kotlin.psi.stubs.elements.KtContractEffectElementType             : loaded 2 times (x 98B)
Class [Lorg.jetbrains.kotlin.psi.KtFileAnnotationList;                                : loaded 2 times (x 67B)
Class org.jetbrains.kotlin.psi.KtAnnotation                                           : loaded 2 times (x 444B)
Class org.jetbrains.kotlin.psi.KtAnnotationEntry                                      : loaded 2 times (x 519B)
Class org.jetbrains.kotlin.psi.stubs.KotlinConstructorStub                            : loaded 2 times (x 68B)
Class org.jetbrains.kotlin.psi.stubs.elements.KtBackingFieldElementType               : loaded 2 times (x 101B)
Class org.jetbrains.kotlin.psi.KtClassLikeDeclaration                                 : loaded 2 times (x 68B)
Class [Lkotlinx.serialization.DeserializationStrategy;                                : loaded 2 times (x 67B)
Class com.intellij.openapi.fileTypes.OSFileIdeAssociation                             : loaded 2 times (x 68B)
Class org.jetbrains.kotlin.analysis.api.standalone.base.projectStructure.AnalysisApiSimpleServiceRegistrar: loaded 2 times (x 79B)
Class com.intellij.psi.PsiQualifiedReference                                          : loaded 2 times (x 68B)
Class kotlinx.coroutines.CompletableJob                                               : loaded 2 times (x 68B)
Class org.jetbrains.kotlin.idea.KotlinFileType                                        : loaded 2 times (x 94B)
Class com.intellij.ide.plugins.NonShareableJavaZipFilePool                            : loaded 2 times (x 71B)
Class com.intellij.openapi.fileTypes.BinaryFileTypeDecompilers                        : loaded 2 times (x 88B)
Class com.intellij.util.messages.impl.MessagePublisher                                : loaded 2 times (x 75B)
Class com.intellij.platform.diagnostic.telemetry.TelemetryManager                     : loaded 2 times (x 68B)
Class com.intellij.util.ReflectionUtil                                                : loaded 2 times (x 69B)
Class com.intellij.openapi.extensions.ExtensionPointListener                          : loaded 2 times (x 68B)
Class com.intellij.openapi.util.Segment                                               : loaded 2 times (x 68B)
Class com.intellij.openapi.progress.ProgressManager                                   : loaded 2 times (x 91B)
Class org.jetbrains.kotlin.config.ApiVersion$Companion                                : loaded 2 times (x 69B)
Class org.jetbrains.kotlin.cli.common.messages.PrintingMessageCollector               : loaded 2 times (x 78B)
Class com.android.tools.lint.checks.WorkManagerDetector$Companion                     : loaded 2 times (x 69B)
Class [Lcom.intellij.lang.jvm.JvmAnnotation;                                          : loaded 2 times (x 67B)
Class com.android.tools.lint.checks.CleanupDetector$Companion                         : loaded 2 times (x 69B)
Class com.android.tools.lint.checks.AppBundleLocaleChangesDetector$Companion          : loaded 2 times (x 69B)
Class com.android.tools.lint.checks.ActionsXmlDetector                                : loaded 2 times (x 151B)
Class com.android.tools.lint.SyncOptions                                              : loaded 2 times (x 69B)
Class com.intellij.openapi.fileTypes.PlainTextParserDefinition                        : loaded 2 times (x 93B)
Class com.intellij.psi.PsiDirectoryContainer                                          : loaded 2 times (x 68B)
Class com.intellij.openapi.util.NotNullLazyValue$1                                    : loaded 2 times (x 76B)
Class kotlinx.coroutines.ChildHandle                                                  : loaded 2 times (x 68B)
Class [Lcom.android.tools.lint.client.api.LintDriver$DriverMode;                      : loaded 2 times (x 67B)
Class com.google.common.io.Java8Compatibility                                         : loaded 2 times (x 69B)
Class org.jetbrains.kotlin.gradle.tasks.AbstractKotlinCompile$friendPathsSet$1        : loaded 2 times (x 73B)
Class org.jetbrains.kotlin.build.report.metrics.BuildAttributes                       : loaded 2 times (x 70B)
Class org.jetbrains.kotlin.gradle.plugin.cocoapods.KotlinCocoapodsPlugin$Companion    : loaded 2 times (x 69B)
Class org.jetbrains.kotlin.gradle.plugin.mpp.compilationImpl.KotlinCompilationImpl    : loaded 2 times (x 138B)
Class [Lorg.jetbrains.kotlin.gradle.plugin.mpp.compilationImpl.factory.KotlinCompilationImplFactory$PostConfigure;: loaded 2 times (x 67B)
Class org.jetbrains.kotlin.konan.target.KonanTarget$MACOS_X64                         : loaded 2 times (x 76B)
Class org.jetbrains.kotlin.konan.util.Named                                           : loaded 2 times (x 68B)
Class org.jetbrains.kotlin.gradle.plugin.KotlinSourceSet$Companion                    : loaded 2 times (x 69B)
Class [Lorg.jetbrains.kotlin.gradle.report.BuildReportMode;                           : loaded 2 times (x 67B)
Class org.jetbrains.kotlin.statistics.metrics.BooleanOverridePolicy                   : loaded 2 times (x 83B)
Class com.google.common.collect.RegularImmutableMap$Values                            : loaded 2 times (x 205B)
Class org.jetbrains.kotlin.gradle.plugin.AbstractKotlinAndroidPluginWrapper           : loaded 2 times (x 84B)
Class org.gradle.internal.classloader.ClassLoaderSpec                                 : loaded 2 times (x 69B)
Class com.intellij.psi.stubs.ILightStubElementType                                    : loaded 2 times (x 96B)
Class com.intellij.psi.util.PsiUtilCore$NullPsiFile                                   : loaded 2 times (x 536B)
Class [Lorg.jetbrains.kotlin.psi.KtDoubleColonExpression;                             : loaded 2 times (x 67B)
Class [Lorg.jetbrains.kotlin.psi.KtElementImplStub;                                   : loaded 2 times (x 67B)
Class org.jetbrains.kotlin.psi.KtClass                                                : loaded 2 times (x 1097B)
Class org.jetbrains.kotlin.psi.KtAnnotated                                            : loaded 2 times (x 68B)
Class com.intellij.ide.plugins.XmlReader$sam$java_util_function_Function$0            : loaded 2 times (x 77B)
Class com.fasterxml.aalto.in.InputBootstrapper                                        : loaded 2 times (x 82B)
Class com.intellij.psi.scope.processor.ConflictFilterProcessor                        : loaded 2 times (x 90B)
Class com.intellij.lang.java.parser.JavaParserUtil$ParserWrapper                      : loaded 2 times (x 68B)
Class com.intellij.psi.PsiCaseLabelElement                                            : loaded 2 times (x 68B)
Class org.codehaus.stax2.ri.typed.ValueDecoderFactory$BaseArrayDecoder                : loaded 2 times (x 75B)
Class com.intellij.lang.jvm.JvmField                                                  : loaded 2 times (x 68B)
Class org.codehaus.stax2.ri.typed.ValueDecoderFactory$QNameDecoder                    : loaded 2 times (x 83B)
Class kotlinx.collections.immutable.ImmutableSet                                      : loaded 2 times (x 68B)
Class [Lcom.intellij.lang.Language;                                                   : loaded 2 times (x 67B)
Class com.intellij.util.ConcurrentLongObjectHashMap$ReservationNode                   : loaded 2 times (x 75B)
Class com.intellij.openapi.extensions.impl.ImplementationClassResolver                : loaded 2 times (x 68B)
Class org.picocontainer.PicoContainer                                                 : loaded 2 times (x 68B)
Class com.android.tools.lint.checks.WrongCaseDetector                                 : loaded 2 times (x 151B)
Class [Lcom.intellij.psi.PsiType$Stub;                                                : loaded 2 times (x 67B)
Class com.android.tools.lint.checks.GestureBackNavDetector                            : loaded 2 times (x 176B)
Class com.android.tools.lint.checks.ExifInterfaceDetector                             : loaded 2 times (x 167B)
Class com.android.tools.lint.checks.ChildCountDetector                                : loaded 2 times (x 151B)
Class com.intellij.psi.PsiDocCommentOwner                                             : loaded 2 times (x 68B)
Class com.android.tools.lint.detector.api.Scope                                       : loaded 2 times (x 77B)
Class com.intellij.ide.plugins.ModuleDependenciesDescriptor                           : loaded 2 times (x 70B)
Class com.intellij.openapi.vfs.VirtualFileSetFactory                                  : loaded 2 times (x 68B)
Class com.intellij.psi.search.SearchScope                                             : loaded 2 times (x 75B)
Class com.intellij.psi.impl.PsiElementFactoryImpl                                     : loaded 2 times (x 259B)
Class com.google.common.io.ByteSource$EmptyByteSource                                 : loaded 2 times (x 83B)
Class org.jetbrains.kotlin.gradle.tasks.DefaultKotlinJavaToolchain$DefaultJavaToolchainSetter: loaded 2 times (x 73B)
Class org.jetbrains.kotlin.build.report.metrics.BuildAttributeKind                    : loaded 2 times (x 77B)
Class org.jetbrains.kotlin.gradle.plugin.mpp.KotlinCompilationsKt$moduleNameForCompilation$1: loaded 2 times (x 73B)
Class org.jetbrains.kotlin.gradle.plugin.sources.KotlinDependencyScopeKt              : loaded 2 times (x 69B)
Class org.jetbrains.kotlin.gradle.plugin.diagnostics.TransformActionUsingKotlinToolingDiagnostics$Parameters: loaded 2 times (x 68B)
Class org.jetbrains.kotlin.compilerRunner.CompilerSystemPropertiesService$Companion$registerIfAbsent$2$1: loaded 2 times (x 77B)
Class org.jetbrains.kotlin.gradle.plugin.mpp.KotlinCompilationsKt$addSourcesToKotlinCompileTask$1: loaded 2 times (x 73B)
Class org.jetbrains.kotlin.gradle.internal.KotlinDependenciesManagementKt$configureDefaultVersionsResolutionStrategy$1$1: loaded 2 times (x 73B)
Class org.jetbrains.kotlin.gradle.utils.KotlinExtensionUtilsKt$forAllTargets$1        : loaded 2 times (x 93B)
Class org.jetbrains.kotlin.gradle.plugin.diagnostics.CheckKotlinGradlePluginConfigurationErrorsKt$locateOrRegisterCheckKotlinGradlePluginErrorsTask$taskProvider$1: loaded 2 times (x 73B)
Class org.jetbrains.kotlin.gradle.plugin.diagnostics.checkers.OverriddenKotlinNativeHomeChecker$StdlibExistenceCheckerValueSource$Params: loaded 2 times (x 68B)
Class org.jetbrains.kotlin.gradle.dsl.PlatformSourceSetConventionsChecker$nativeTargetPresets$1$1: loaded 2 times (x 77B)
Class org.jetbrains.kotlin.gradle.tooling.BuildKotlinToolingMetadataTaskKt$buildKotlinToolingMetadataTask$1: loaded 2 times (x 76B)
Class org.jetbrains.kotlin.gradle.internal.Kapt3GradleSubplugin$Companion             : loaded 2 times (x 69B)
Class org.jetbrains.kotlin.gradle.plugin.mpp.compilationImpl.KotlinCreateCompilationArchiveTaskKt$KotlinRegisterCompilationArchiveTasksExtension$1: loaded 2 times (x 72B)
Class [Lorg.jetbrains.kotlin.statistics.metrics.NumberOverridePolicy;                 : loaded 2 times (x 67B)
Class org.jetbrains.kotlin.gradle.internal.properties.PropertiesBuildService$GradleProperty: loaded 2 times (x 68B)
Class org.jetbrains.kotlin.gradle.utils.StoredPropertyKt$projectStoredProperty$1      : loaded 2 times (x 76B)
Class org.objectweb.asm.AnnotationWriter                                              : loaded 2 times (x 77B)
Class com.google.common.cache.CacheStats                                              : loaded 2 times (x 69B)
Class [Lorg.jetbrains.kotlin.psi.KtSuperTypeCallEntry;                                : loaded 2 times (x 67B)
Class [Lorg.jetbrains.kotlin.psi.KtDotQualifiedExpression;                            : loaded 2 times (x 67B)
Class org.jetbrains.kotlin.psi.KtAnnotationsContainer                                 : loaded 2 times (x 68B)
Class com.intellij.util.containers.ConcurrentSoftValueHashMap$MySoftReference         : loaded 2 times (x 82B)
Class com.intellij.psi.PsiBinaryFile                                                  : loaded 2 times (x 68B)
Class com.intellij.psi.impl.IsConstantExpressionVisitor                               : loaded 2 times (x 206B)
Class com.intellij.psi.PsiDirectory                                                   : loaded 2 times (x 68B)
Class com.intellij.openapi.components.ServiceDescriptor                               : loaded 2 times (x 70B)
Class com.fasterxml.aalto.in.ElementScope                                             : loaded 2 times (x 70B)
Class kotlinx.coroutines.CoroutineStart$WhenMappings                                  : loaded 2 times (x 69B)
Class com.intellij.util.graph.InboundSemiGraph                                        : loaded 2 times (x 68B)
Class io.opentelemetry.api.trace.Tracer                                               : loaded 2 times (x 68B)
Class com.intellij.psi.stubs.CoreStubTreeLoader                                       : loaded 2 times (x 79B)
Class it.unimi.dsi.fastutil.doubles.Double2ObjectFunction                             : loaded 2 times (x 68B)
Class com.intellij.psi.impl.ElementBase                                               : loaded 2 times (x 102B)
Class org.jetbrains.kotlin.cli.common.localfs.KotlinLocalFileSystem                   : loaded 2 times (x 101B)
Class com.intellij.util.ArrayUtil                                                     : loaded 2 times (x 69B)
Class org.jetbrains.kotlin.config.MavenComparableVersion$ListItem                     : loaded 2 times (x 216B)
Class com.intellij.openapi.util.ObjectNode                                            : loaded 2 times (x 70B)
Class com.intellij.util.containers.ConcurrentWeakHashMap                              : loaded 2 times (x 152B)
Class com.android.tools.lint.checks.ProviderPermissionDetector$Companion              : loaded 2 times (x 69B)
Class com.android.tools.lint.checks.PendingIntentMutableImplicitDetector              : loaded 2 times (x 167B)
Class com.android.tools.lint.checks.HardcodedValuesDetector$Companion                 : loaded 2 times (x 69B)
Class [Lkotlinx.serialization.KSerializer;                                            : loaded 2 times (x 67B)
Class com.android.tools.lint.checks.DuplicateIdDetector                               : loaded 2 times (x 152B)
Class com.android.tools.lint.checks.DeletedProviderDetector$Companion                 : loaded 2 times (x 69B)
Class com.intellij.openapi.vfs.VFileProperty                                          : loaded 2 times (x 77B)
Class com.android.tools.lint.checks.C2dmDetector                                      : loaded 2 times (x 151B)
Class com.intellij.psi.impl.source.PsiFileImpl$1                                      : loaded 2 times (x 75B)
Class [Lorg.jetbrains.kotlin.psi.KtDeclarationWithBody;                               : loaded 2 times (x 67B)
Class [Lorg.jetbrains.kotlin.psi.KtValVarKeywordOwner;                                : loaded 2 times (x 67B)
Class [Lorg.jetbrains.kotlin.psi.KtCallElement;                                       : loaded 2 times (x 67B)
Class com.google.common.collect.ImmutableMultisetGwtSerializationDependencies         : loaded 2 times (x 123B)
Class [Lcom.google.common.base.Predicate;                                             : loaded 2 times (x 67B)
Class com.google.common.collect.Interners                                             : loaded 2 times (x 69B)
Class org.jetbrains.kotlin.gradle.tasks.K2MultiplatformStructure$RefinesEdge          : loaded 2 times (x 70B)
Class org.jetbrains.kotlin.gradle.plugin.mpp.SyncLanguageSettingsWithKotlinExtensionSetupActionKt$SyncLanguageSettingsWithKotlinExtensionSetupAction$1$1: loaded 2 times (x 73B)
Class org.jetbrains.kotlin.gradle.tasks.configuration.TaskConfigAction$configureTask$1: loaded 2 times (x 77B)
Class org.jetbrains.kotlin.gradle.plugin.diagnostics.checkers.DuplicateSourceSetChecker$runChecks$1: loaded 2 times (x 86B)
Class org.jetbrains.kotlin.gradle.plugin.diagnostics.ToolingDiagnostic$Severity       : loaded 2 times (x 77B)
Class org.jetbrains.kotlin.gradle.dsl.JvmTarget                                       : loaded 2 times (x 77B)
Class org.jetbrains.kotlin.gradle.internal.ClassLoadersCachingBuildService            : loaded 2 times (x 74B)
Class org.jetbrains.kotlin.gradle.plugin.VariantImplementationFactories$Inject        : loaded 2 times (x 104B)
Class org.jetbrains.kotlin.gradle.plugin.VariantImplementationFactoriesConfigurator$Companion: loaded 2 times (x 69B)
Class org.objectweb.asm.RecordComponentWriter                                         : loaded 2 times (x 76B)
Class com.google.common.util.concurrent.AbstractFuture$Listener                       : loaded 2 times (x 70B)
Class Settings_gradle$1$1                                                             : loaded 2 times (x 72B)
Class com.intellij.openapi.util.io.FileUtil                                           : loaded 2 times (x 69B)
Class org.jetbrains.kotlin.psi.ValueArgumentName                                      : loaded 2 times (x 68B)
Class [Lorg.jetbrains.kotlin.psi.KtExpressionImplStub;                                : loaded 2 times (x 67B)
Class org.jetbrains.kotlin.psi.KtPureClassOrObject                                    : loaded 2 times (x 68B)
Class com.intellij.util.keyFMap.PairElementsFMap                                      : loaded 2 times (x 80B)
Class com.intellij.psi.PsiConstantEvaluationHelper                                    : loaded 2 times (x 72B)
Class com.intellij.core.CoreLanguageLevelProjectExtension                             : loaded 2 times (x 76B)
Class com.intellij.psi.scope.MethodProcessorSetupFailedException                      : loaded 2 times (x 80B)
Class com.intellij.lang.java.JavaParserDefinition                                     : loaded 2 times (x 93B)
Class kotlin.collections.AbstractSet$Companion                                        : loaded 2 times (x 69B)
Class com.intellij.platform.diagnostic.telemetry.PlatformScopesKt                     : loaded 2 times (x 69B)
Class com.intellij.openapi.vfs.pointers.VirtualFilePointerContainer                   : loaded 2 times (x 68B)
Class com.intellij.util.containers.LockFreeCopyOnWriteArrayList$COWIterator           : loaded 2 times (x 88B)
Class [Lorg.jetbrains.kotlin.utils.DescriptionAware;                                  : loaded 2 times (x 67B)
Class com.intellij.openapi.projectRoots.JavaSdkVersion                                : loaded 2 times (x 77B)
Class com.android.tools.lint.client.api.LintDriver                                    : loaded 2 times (x 70B)
Class com.android.tools.lint.checks.WatchFaceEditorDetector$Issues                    : loaded 2 times (x 69B)
Class com.intellij.openapi.vfs.impl.ArchiveHandler$1                                  : loaded 2 times (x 75B)
Class com.android.tools.lint.detector.api.OtherFileScanner                            : loaded 2 times (x 68B)
Class com.intellij.util.containers.LinkedCustomHashMap$Entry                          : loaded 2 times (x 77B)
Class org.jetbrains.uast.visitor.UastVisitor                                          : loaded 2 times (x 68B)
Class com.android.tools.lint.checks.AccessibilityViewScrollActionsDetector            : loaded 2 times (x 167B)
Class com.android.tools.lint.detector.api.Category                                    : loaded 2 times (x 73B)
Class com.google.common.collect.ForwardingSet                                         : loaded 2 times (x 149B)
Class [Lorg.jetbrains.kotlin.compilerRunner.KotlinCompilerArgumentsLogLevel;          : loaded 2 times (x 67B)
Class org.jetbrains.kotlin.gradle.tasks.KotlinCompile_Decorated                       : loaded 2 times (x 597B)
Class org.jetbrains.kotlin.gradle.plugin.mpp.SyncLanguageSettingsWithKotlinExtensionSetupActionKt$SyncLanguageSettingsWithKotlinExtensionSetupAction$1$2: loaded 2 times (x 73B)
Class org.jetbrains.kotlin.gradle.plugin.internal.BuildIdService$Companion            : loaded 2 times (x 69B)
Class org.jetbrains.kotlin.gradle.plugin.diagnostics.checkers.OverriddenKotlinNativeHomeChecker$StdlibExistenceCheckerValueSource$Companion: loaded 2 times (x 69B)
Class org.jetbrains.kotlin.gradle.targets.js.dsl.KotlinWasmSubTargetContainerDsl      : loaded 2 times (x 68B)
Class org.jetbrains.kotlin.gradle.plugin.diagnostics.checkers.WasmWasiEnvironmentChecker$1: loaded 2 times (x 76B)
Class org.jetbrains.kotlin.gradle.plugin.diagnostics.checkers.DisabledCinteropCommonizationInHmppProjectChecker: loaded 2 times (x 72B)
Class org.jetbrains.kotlin.gradle.plugin.diagnostics.checkers.NoKotlinTargetsDeclaredChecker: loaded 2 times (x 72B)
Class org.jetbrains.kotlin.gradle.utils.StoredPropertyStorage                         : loaded 2 times (x 70B)
Class org.jetbrains.kotlin.gradle.plugin.KotlinSourceSetContainer                     : loaded 2 times (x 68B)
Class org.objectweb.asm.Attribute                                                     : loaded 2 times (x 75B)
Class com.google.common.base.Supplier                                                 : loaded 2 times (x 68B)
Class org.gradle.internal.classloader.VisitableURLClassLoader                         : loaded 2 times (x 115B)
Class com.intellij.openapi.util.io.FileUtil$1                                         : loaded 2 times (x 75B)
Class com.intellij.openapi.util.Getter                                                : loaded 2 times (x 68B)
Class org.jetbrains.kotlin.psi.stubs.KotlinContextReceiverStub                        : loaded 2 times (x 68B)
Class org.jetbrains.kotlin.psi.stubs.elements.KtStringTemplateExpressionElementType   : loaded 2 times (x 101B)
Class [Lcom.fasterxml.aalto.in.NsBinding;                                             : loaded 2 times (x 67B)
Class com.google.common.collect.ImmutableMap$MapViewOfValuesAsSingletonSets           : loaded 2 times (x 123B)
Class com.intellij.psi.impl.source.JavaDummyHolderFactory                             : loaded 2 times (x 85B)
Class com.fasterxml.aalto.in.NsBinding                                                : loaded 2 times (x 70B)
Class org.codehaus.stax2.ri.typed.ValueDecoderFactory$FloatArrayDecoder               : loaded 2 times (x 76B)
Class com.intellij.psi.impl.ConstantExpressionEvaluator                               : loaded 2 times (x 68B)
Class com.intellij.lang.LighterASTNode                                                : loaded 2 times (x 68B)
Class com.intellij.util.messages.impl.BaseBusConnection                               : loaded 2 times (x 79B)
Class it.unimi.dsi.fastutil.objects.Object2ObjectMap                                  : loaded 2 times (x 68B)
Class com.android.tools.lint.client.api.LintDriver$analyzeOnly$1                      : loaded 2 times (x 77B)
Class com.android.tools.lint.checks.PackageVisibilityDetector$Companion               : loaded 2 times (x 69B)
Class com.android.tools.lint.checks.ObjectAnimatorDetector$Companion                  : loaded 2 times (x 69B)
Class com.android.tools.lint.checks.KotlinNullnessAnnotationDetector$Issues           : loaded 2 times (x 69B)
Class com.android.tools.lint.checks.IteratorDetector                                  : loaded 2 times (x 167B)
Class com.android.tools.lint.checks.FullBackupContentDetector$Companion               : loaded 2 times (x 69B)
Class com.android.tools.lint.checks.CustomViewDetector                                : loaded 2 times (x 167B)
Class com.google.common.collect.RegularImmutableMap                                   : loaded 2 times (x 119B)
Class [Lcom.android.tools.lint.detector.api.Issue;                                    : loaded 2 times (x 67B)
Class com.android.tools.lint.detector.api.ApiConstraint                               : loaded 2 times (x 91B)
Class org.jetbrains.kotlin.gradle.internal.properties.PropertiesBuildService$IntGradleProperty: loaded 2 times (x 74B)
Class org.jetbrains.kotlin.gradle.plugin.mpp.KotlinUsages$KotlinMetadataDisambiguation: loaded 2 times (x 74B)
Class org.jetbrains.kotlin.gradle.plugin.mpp.compilationImpl.KotlinCompilationSideEffect$Companion: loaded 2 times (x 69B)
Class org.jetbrains.kotlin.gradle.artifacts.KotlinLegacyMetadataArtifactKt$KotlinLegacyMetadataArtifact$1: loaded 2 times (x 72B)
Class org.jetbrains.kotlin.gradle.artifacts.KotlinNativeHostSpecificMetadataArtifactKt$KotlinNativeHostSpecificMetadataArtifact$1: loaded 2 times (x 72B)
Class com.google.common.io.CharSource$AsByteSource                                    : loaded 2 times (x 83B)
Class com.google.common.collect.ImmutableList$SerializedForm                          : loaded 2 times (x 71B)
Class org.jetbrains.kotlin.gradle.plugin.statistics.plugins.ObservablePlugins         : loaded 2 times (x 77B)
Class org.jetbrains.kotlin.gradle.plugin.sources.InternalKotlinSourceSetKt$awaitPlatformCompilations$1: loaded 2 times (x 86B)
Class [Lorg.jetbrains.kotlin.gradle.plugin.sources.KotlinDependencyScope;             : loaded 2 times (x 67B)
Class org.jetbrains.kotlin.gradle.tasks.configuration.BaseKotlinCompileConfig$configureCommonParameters$1: loaded 2 times (x 72B)
Class org.jetbrains.kotlin.gradle.plugin.mpp.compilationImpl.factory.ConfigurationNaming: loaded 2 times (x 68B)
Class org.jetbrains.kotlin.gradle.plugin.mpp.compilationImpl.DefaultKotlinCompilationPostConfigureKt: loaded 2 times (x 69B)
Class org.jetbrains.kotlin.konan.target.KonanTarget$WATCHOS_X64                       : loaded 2 times (x 76B)
Class org.jetbrains.kotlin.gradle.plugin.diagnostics.KotlinGradleProjectCheckersRunnerKt: loaded 2 times (x 69B)
Class [Lorg.jetbrains.kotlin.tooling.core.HasExtras;                                  : loaded 2 times (x 67B)
Class org.jetbrains.kotlin.gradle.plugin.diagnostics.checkers.IncorrectCompileOnlyDependenciesChecker: loaded 2 times (x 72B)
Class org.jetbrains.kotlin.gradle.plugin.diagnostics.checkers.WasmWasiEnvironmentChecker$2: loaded 2 times (x 76B)
Class org.jetbrains.kotlin.gradle.artifacts.KotlinLegacyCompatibilityMetadataArtifactKt$KotlinLegacyCompatibilityMetadataArtifact$1: loaded 2 times (x 72B)
Class org.jetbrains.kotlin.gradle.dsl.DefaultToolchainSupport$wireToolchainToTasks$1$1: loaded 2 times (x 73B)
Class org.jetbrains.kotlin.gradle.utils.SingleActionPerProject                        : loaded 2 times (x 71B)
Class com.google.common.util.concurrent.AbstractFuture$Waiter                         : loaded 2 times (x 70B)
Class org.jetbrains.kotlin.gradle.plugin.DefaultKotlinBasePlugin                      : loaded 2 times (x 80B)
Class org.gradle.internal.Cast                                                        : loaded 2 times (x 69B)
Class org.gradle.api.Action                                                           : loaded 2 times (x 68B)
Class org.jetbrains.kotlin.psi.KtConstantExpression                                   : loaded 2 times (x 502B)
Class org.jetbrains.kotlin.psi.KtValueArgumentList                                    : loaded 2 times (x 450B)
Class org.jetbrains.kotlin.psi.stubs.KotlinAnnotationEntryStub                        : loaded 2 times (x 68B)
Class [Lcom.intellij.psi.PsiFileSystemItem;                                           : loaded 2 times (x 67B)
Class com.intellij.psi.impl.file.PsiLargeBinaryFileImpl                               : loaded 2 times (x 849B)
Class kotlinx.coroutines.CompletedExceptionally                                       : loaded 2 times (x 70B)
Class kotlin.coroutines.AbstractCoroutineContextKey                                   : loaded 2 times (x 70B)
Class com.intellij.util.pico.CyclicDependencyException                                : loaded 2 times (x 80B)
Class com.intellij.psi.impl.source.CodeFragmentElement                                : loaded 2 times (x 279B)
Class com.intellij.util.pico.PicoIntrospectionException                               : loaded 2 times (x 80B)
Class org.jetbrains.kotlin.compiler.plugin.CompilerPluginRegistrar                    : loaded 2 times (x 71B)
Class org.jetbrains.kotlin.konan.target.KonanTarget$ANDROID_ARM64                     : loaded 2 times (x 76B)
Class com.android.tools.lint.UastEnvironment$Configuration$Companion                  : loaded 2 times (x 69B)
Class com.android.tools.lint.checks.SplashScreenDetector                              : loaded 2 times (x 167B)
Class com.android.tools.lint.checks.PermissionErrorDetector$Companion                 : loaded 2 times (x 69B)
Class com.android.tools.lint.checks.GestureBackNavDetector$Companion                  : loaded 2 times (x 69B)
Class com.android.tools.lint.checks.CredentialManagerDependencyDetector               : loaded 2 times (x 151B)
Class org.jetbrains.kotlin.gradle.plugin.mpp.compilationImpl.KotlinCompilationFriendPathsResolver: loaded 2 times (x 68B)
Class com.android.tools.lint.detector.api.TextFormat                                  : loaded 2 times (x 77B)
Class org.jetbrains.kotlin.gradle.tasks.configuration.AbstractKotlinCompileConfig$1   : loaded 2 times (x 77B)
Class org.jetbrains.kotlin.gradle.plugin.sources.KotlinDependencyScope                : loaded 2 times (x 77B)
Class org.jetbrains.kotlin.gradle.plugin.mpp.KotlinMetadataCompilation                : loaded 2 times (x 68B)
Class org.jetbrains.kotlin.gradle.utils.FutureKt$future$1                             : loaded 2 times (x 93B)
Class kotlin.collections.AbstractMutableList                                          : loaded 2 times (x 204B)
Class kotlin.reflect.jvm.internal.impl.name.ClassId$Companion                         : loaded 2 times (x 69B)
Class com.google.common.io.Resources                                                  : loaded 2 times (x 69B)
Class com.google.common.collect.MapMakerInternalMap                                   : loaded 2 times (x 159B)
Class com.google.common.collect.HashBiMap                                             : loaded 2 times (x 141B)
Class [Lorg.jetbrains.kotlin.gradle.plugin.mpp.KotlinUsageContext$MavenScope;         : loaded 2 times (x 67B)
Class org.jetbrains.kotlin.gradle.tasks.configuration.BaseKotlinCompileConfig$configureCommonParameters$2: loaded 2 times (x 73B)
Class org.jetbrains.kotlin.gradle.plugin.mpp.compilationImpl.KotlinCompilationCompilerOptionsFromTargetConfigurator: loaded 2 times (x 72B)
Class com.google.common.base.Strings                                                  : loaded 2 times (x 69B)
Class org.jetbrains.kotlin.gradle.utils.FailuresKt$ideaSyncClasspathModeUtil$1        : loaded 2 times (x 70B)
Class org.jetbrains.kotlin.gradle.plugin.diagnostics.KotlinToolingDiagnosticsCollector$Inject: loaded 2 times (x 94B)
Class org.jetbrains.kotlin.gradle.artifacts.KotlinJsKlibArtifactKt                    : loaded 2 times (x 69B)
Class org.jetbrains.kotlin.gradle.dsl.KotlinTargetContainerWithWasmPresetFunctions    : loaded 2 times (x 68B)
Class org.jetbrains.kotlin.gradle.plugin.GradleUtilsKt                                : loaded 2 times (x 69B)
Class org.jetbrains.kotlin.gradle.internal.properties.PropertiesBuildService          : loaded 2 times (x 74B)
Class org.objectweb.asm.Handler                                                       : loaded 2 times (x 70B)
Class com.google.common.base.Ticker                                                   : loaded 2 times (x 70B)
Class org.jetbrains.kotlin.gradle.report.GradleBuildMetricsReporter                   : loaded 2 times (x 96B)
Class org.jetbrains.kotlin.psi.KtFunctionTypeReceiver                                 : loaded 2 times (x 442B)
Class [Lorg.jetbrains.kotlin.psi.KtNullableType;                                      : loaded 2 times (x 67B)
Class com.intellij.psi.stubs.StubTreeLoader$StubTreeAndIndexUnmatchCoarseException    : loaded 2 times (x 82B)
Class org.jetbrains.kotlin.config.JvmTarget                                           : loaded 2 times (x 81B)
Class com.intellij.util.containers.WeakInterner                                       : loaded 2 times (x 73B)
Class com.intellij.psi.impl.source.resolve.PsiResolveHelperImpl                       : loaded 2 times (x 109B)
Class com.intellij.psi.search.GlobalSearchScope$FileTypeRestrictionScope              : loaded 2 times (x 102B)
Class com.intellij.psi.impl.file.PsiDirectoryFactory                                  : loaded 2 times (x 74B)
Class org.codehaus.stax2.ri.typed.ValueDecoderFactory$DecoderBase                     : loaded 2 times (x 82B)
Class com.intellij.codeInsight.folding.impl.JavaFoldingBuilderBase                    : loaded 2 times (x 96B)
Class com.intellij.ide.highlighter.ArchiveFileType                                    : loaded 2 times (x 90B)
Class com.intellij.util.ConcurrentLongObjectHashMap$ValuesView                        : loaded 2 times (x 110B)
Class com.intellij.lang.impl.PsiBuilderFactoryImpl                                    : loaded 2 times (x 75B)
Class com.intellij.psi.impl.source.tree.LeafPsiElement                                : loaded 2 times (x 338B)
Class com.intellij.util.containers.UtilKt                                             : loaded 2 times (x 69B)
Class [Lcom.android.tools.lint.detector.api.Option;                                   : loaded 2 times (x 67B)
Class com.android.tools.lint.checks.UseKtxDetector                                    : loaded 2 times (x 176B)
Class com.android.tools.lint.checks.PowerManagerDetector                              : loaded 2 times (x 169B)
Class com.android.tools.lint.checks.MotionSceneDetector$Companion                     : loaded 2 times (x 69B)
Class com.android.tools.lint.checks.MotionLayoutDetector$Companion                    : loaded 2 times (x 69B)
Class com.android.tools.lint.checks.MotionLayoutDetector                              : loaded 2 times (x 152B)
Class com.android.tools.lint.detector.api.Severity$Companion                          : loaded 2 times (x 69B)
Class org.jetbrains.kotlin.gradle.tasks.KotlinCompile$androidLayoutResources$1        : loaded 2 times (x 72B)
Class com.google.common.io.ByteArrayDataOutput                                        : loaded 2 times (x 68B)
Class com.android.tools.lint.client.api.Configuration$Companion                       : loaded 2 times (x 69B)
Class com.intellij.navigation.NavigationItem                                          : loaded 2 times (x 68B)
Class kotlin.reflect.jvm.internal.KClassImpl$Data$$Lambda$10                          : loaded 2 times (x 74B)
Class kotlin.reflect.jvm.internal.KDeclarationContainerImpl$Data$$Lambda$0            : loaded 2 times (x 74B)
Class com.android.SdkConstants                                                        : loaded 2 times (x 69B)
Class com.google.common.collect.ImmutableSortedSet$Builder                            : loaded 2 times (x 84B)
Class org.jetbrains.kotlin.gradle.tasks.KotlinCompile$javaSources$1                   : loaded 2 times (x 73B)
Class org.jetbrains.kotlin.incremental.IncrementalCompilationFeatures                 : loaded 2 times (x 69B)
Class org.jetbrains.kotlin.gradle.plugin.KotlinTarget$DefaultImpls                    : loaded 2 times (x 69B)
Class org.jetbrains.kotlin.gradle.plugin.diagnostics.KotlinToolingDiagnosticsCollector: loaded 2 times (x 74B)
Class org.jetbrains.kotlin.gradle.plugin.mpp.compilationImpl.KotlinCreateCompilationArchiveTaskKt: loaded 2 times (x 69B)
Class org.jetbrains.kotlin.tooling.core.MutableExtrasImpl                             : loaded 2 times (x 163B)
Class org.jetbrains.kotlin.gradle.plugin.statistics.KotlinBuildStatsMXBean            : loaded 2 times (x 68B)
Class org.jetbrains.kotlin.gradle.utils.FileUtilsKt                                   : loaded 2 times (x 69B)
Class [Lcom.google.common.cache.LocalCache$Segment;                                   : loaded 2 times (x 67B)
Class [Lcom.google.common.cache.LocalCache$Strength;                                  : loaded 2 times (x 67B)
Class com.google.common.cache.CacheBuilder$1                                          : loaded 2 times (x 83B)
Class org.gradle.internal.classpath.DefaultClassPath$ImmutableUniqueList$Builder      : loaded 2 times (x 73B)
Class com.intellij.util.text.CharArrayExternalizable                                  : loaded 2 times (x 68B)
Class org.jetbrains.kotlin.psi.KtTypeElement                                          : loaded 2 times (x 68B)
Class org.jetbrains.kotlin.psi.KtCallableDeclaration                                  : loaded 2 times (x 68B)
Class org.jetbrains.kotlin.psi.KtDeclarationWithBody                                  : loaded 2 times (x 68B)
Class kotlin.collections.GroupingKt                                                   : loaded 2 times (x 69B)
Class [Lkotlinx.serialization.SerializationStrategy;                                  : loaded 2 times (x 67B)
Class com.intellij.openapi.vfs.VirtualFileVisitor                                     : loaded 2 times (x 74B)
Class com.intellij.openapi.extensions.impl.ExtensionsAreaImplKt                       : loaded 2 times (x 69B)
Class com.fasterxml.aalto.in.InputCharTypes                                           : loaded 2 times (x 70B)
Class kotlinx.coroutines.CoroutineStart                                               : loaded 2 times (x 77B)
Class kotlinx.coroutines.scheduling.UnlimitedIoScheduler                              : loaded 2 times (x 100B)
Class [Lcom.intellij.util.ConcurrentLongObjectHashMap$Node;                           : loaded 2 times (x 67B)
Class io.opentelemetry.api.trace.TracerProvider                                       : loaded 2 times (x 68B)
Class com.intellij.lang.ASTNode                                                       : loaded 2 times (x 68B)
Class com.intellij.openapi.editor.ex.PrioritizedDocumentListener                      : loaded 2 times (x 68B)
Class com.intellij.openapi.util.Disposer$CheckedDisposableImpl                        : loaded 2 times (x 77B)
Class org.picocontainer.ComponentAdapter                                              : loaded 2 times (x 68B)
Class com.intellij.util.pico.DefaultPicoContainer                                     : loaded 2 times (x 85B)
Class com.intellij.diagnostic.LoadingState                                            : loaded 2 times (x 77B)
Class com.android.tools.lint.checks.WearMaterialThemeDetector                         : loaded 2 times (x 167B)
Class com.android.tools.lint.checks.ToastDetector$Companion                           : loaded 2 times (x 69B)
Class com.android.tools.lint.checks.StorageDetector$Companion                         : loaded 2 times (x 69B)
Class com.android.tools.lint.checks.ShortcutUsageDetector$Companion                   : loaded 2 times (x 69B)
Class com.android.tools.lint.checks.SelectedPhotoAccessDetector$Companion             : loaded 2 times (x 69B)
Class com.android.tools.lint.checks.ParcelDetector                                    : loaded 2 times (x 167B)
Class com.intellij.lang.jvm.JvmElement                                                : loaded 2 times (x 68B)
Class com.android.tools.lint.detector.api.Detector                                    : loaded 2 times (x 138B)
Class com.android.tools.lint.checks.AppLinksValidDetector$Companion                   : loaded 2 times (x 69B)
Class com.android.tools.lint.checks.ServiceCastDetector                               : loaded 2 times (x 167B)
Class com.android.tools.lint.checks.UseCompoundDrawableDetector$Companion             : loaded 2 times (x 69B)
Class com.android.tools.lint.client.api.ConfigurationHierarchy$Companion              : loaded 2 times (x 69B)
Class com.android.tools.lint.client.api.CircularDependencyException                   : loaded 2 times (x 84B)
Class org.jetbrains.kotlin.utils.exceptions.KotlinExceptionWithAttachments            : loaded 2 times (x 68B)
Class kotlin.reflect.jvm.internal.KClassImpl$Data$$Lambda$11                          : loaded 2 times (x 74B)
Class kotlin.reflect.jvm.internal.KDeclarationContainerImpl$Data                      : loaded 2 times (x 70B)
Class kotlin.jvm.functions.Function3                                                  : loaded 2 times (x 68B)
Class com.google.common.collect.MapMakerInternalMap$WeakValueReference                : loaded 2 times (x 68B)
Class org.jetbrains.kotlin.gradle.plugin.mpp.KotlinCompilationFactory$DefaultImpls    : loaded 2 times (x 69B)
Class com.google.common.collect.AbstractRangeSet                                      : loaded 2 times (x 112B)
Class org.jetbrains.kotlin.gradle.plugin.diagnostics.checkers.InternalGradlePropertiesUsageChecker: loaded 2 times (x 72B)
Class org.jetbrains.kotlin.gradle.plugin.mpp.compilationImpl.CreateCInteropTasksSideEffectKt: loaded 2 times (x 69B)
Class org.jetbrains.kotlin.gradle.targets.metadata.KotlinMetadataTargetConfiguratorKt : loaded 2 times (x 69B)
Class org.jetbrains.kotlin.gradle.testing.internal.KotlinTestsRegistry$Companion      : loaded 2 times (x 69B)
Class org.jetbrains.kotlin.gradle.dsl.KotlinCommonCompilerToolOptions                 : loaded 2 times (x 68B)
Class org.jetbrains.kotlin.gradle.internal.ClassLoadersCachingBuildService$Companion$registerIfAbsent$1$1: loaded 2 times (x 77B)
Class org.jetbrains.kotlin.gradle.internal.properties.PropertiesBuildService$Companion$registerIfAbsent$1: loaded 2 times (x 73B)
Class org.jetbrains.kotlin.gradle.plugin.internal.DefaultConfigurationCacheStartParameterAccessorVariantFactory: loaded 2 times (x 74B)
Class com.google.common.cache.LocalCache                                              : loaded 2 times (x 185B)
Class com.google.common.cache.CacheBuilder$2                                          : loaded 2 times (x 70B)
Class org.jetbrains.kotlin.psi.KtImportInfo                                           : loaded 2 times (x 68B)
Class [Lorg.jetbrains.kotlin.psi.KtObjectDeclaration;                                 : loaded 2 times (x 67B)
Class org.jetbrains.kotlin.cli.jvm.compiler.MockExternalAnnotationsManager            : loaded 2 times (x 87B)
Class com.intellij.openapi.roots.FileIndexFacade                                      : loaded 2 times (x 83B)
Class org.codehaus.stax2.ri.typed.ValueDecoderFactory$DecimalDecoder                  : loaded 2 times (x 83B)
Class kotlinx.coroutines.CoroutineId                                                  : loaded 2 times (x 91B)
Class kotlinx.coroutines.EventLoopImplBase                                            : loaded 2 times (x 115B)
Class com.intellij.psi.JavaRecursiveElementWalkingVisitor                             : loaded 2 times (x 208B)
Class com.intellij.psi.PsiLocalVariable                                               : loaded 2 times (x 68B)
Class com.intellij.codeInsight.JavaContainerProvider                                  : loaded 2 times (x 72B)
Class com.intellij.psi.PsiComment                                                     : loaded 2 times (x 68B)
Class org.jetbrains.kotlin.config.LanguageVersion                                     : loaded 2 times (x 89B)
Class org.jetbrains.kotlin.analysis.api.standalone.base.projectStructure.StandaloneProjectFactory: loaded 2 times (x 69B)
Class it.unimi.dsi.fastutil.objects.AbstractObject2ObjectFunction                     : loaded 2 times (x 101B)
Class com.intellij.openapi.diagnostic.ControlFlowException                            : loaded 2 times (x 68B)
Class [Lcom.android.tools.lint.detector.api.BooleanOption;                            : loaded 2 times (x 67B)
Class com.android.tools.lint.checks.StringCasingDetector$Companion                    : loaded 2 times (x 69B)
Class com.android.tools.lint.checks.RequiresFeatureDetector                           : loaded 2 times (x 167B)
Class com.android.tools.lint.checks.InefficientWeightDetector                         : loaded 2 times (x 152B)
Class com.android.tools.lint.checks.IncludeDetector                                   : loaded 2 times (x 151B)
Class com.android.tools.lint.checks.CommunicationDeviceDetector$Companion             : loaded 2 times (x 69B)
Class com.android.tools.lint.detector.api.Context                                     : loaded 2 times (x 73B)
Class com.android.tools.lint.checks.WatchFaceForAndroidXDetector                      : loaded 2 times (x 151B)
Class com.android.tools.lint.checks.WrongThreadInterproceduralDetector                : loaded 2 times (x 167B)
Class org.jetbrains.kotlin.cli.jvm.compiler.KotlinCoreApplicationEnvironmentMode$UnitTest: loaded 2 times (x 69B)
Class com.intellij.util.pico.PicoException                                            : loaded 2 times (x 80B)
Class kotlin.annotation.Target                                                        : loaded 2 times (x 68B)
Class kotlin.reflect.jvm.internal.impl.builtins.PrimitiveType$Companion               : loaded 2 times (x 69B)
Class kotlin.jvm.functions.Function4                                                  : loaded 2 times (x 68B)
Class kotlin.reflect.jvm.internal.KClassImpl$Data$$Lambda$12                          : loaded 2 times (x 74B)
Class kotlin.reflect.jvm.internal.KClassImpl$Data                                     : loaded 2 times (x 70B)
Class Build_gradle$inlined$sam$i$org_gradle_api_Action$0                              : loaded 2 times (x 73B)
Class org.jetbrains.kotlin.build.report.metrics.BuildPerformanceMetrics$Companion     : loaded 2 times (x 69B)
Class org.jetbrains.kotlin.cli.common.arguments.K2JVMCompilerArguments                : loaded 2 times (x 79B)
Class org.jetbrains.kotlin.gradle.plugin.mpp.compilationImpl.DefaultKotlinCompilationSourceSetsContainer$source$1: loaded 2 times (x 77B)
Class org.jetbrains.kotlin.gradle.internal.KotlinTestDependencyManagementKt           : loaded 2 times (x 69B)
Class org.jetbrains.kotlin.konan.target.KonanTarget$ANDROID_X64                       : loaded 2 times (x 76B)
Class [Lorg.jetbrains.kotlin.gradle.plugin.sources.ConsistencyCheck;                  : loaded 2 times (x 67B)
Class org.jetbrains.kotlin.gradle.report.ReportingSettings                            : loaded 2 times (x 70B)
Class org.jetbrains.kotlin.statistics.metrics.StringAnonymizationPolicy$ComponentVersionAnonymizer: loaded 2 times (x 76B)
Class [Lcom.google.common.collect.AbstractMapEntry;                                   : loaded 2 times (x 67B)
Class com.google.common.collect.ImmutableEntry                                        : loaded 2 times (x 80B)
Class com.google.common.collect.ArrayListMultimap                                     : loaded 2 times (x 170B)
Class org.jetbrains.kotlin.gradle.plugin.KotlinBasePluginWrapper                      : loaded 2 times (x 84B)
Class org.gradle.api.GradleException                                                  : loaded 2 times (x 80B)
Class [Lorg.jetbrains.kotlin.psi.KtConstantExpression;                                : loaded 2 times (x 67B)
Class [Lorg.jetbrains.kotlin.psi.KtConstructor;                                       : loaded 2 times (x 67B)
Class org.jetbrains.kotlin.psi.stubs.elements.KtTypeAliasElementType                  : loaded 2 times (x 98B)
Class [Lorg.jetbrains.kotlin.psi.KtPropertyAccessor;                                  : loaded 2 times (x 67B)
Class [Lorg.jetbrains.kotlin.psi.KtClassOrObject;                                     : loaded 2 times (x 67B)
Class com.intellij.psi.AbstractFileViewProvider$VirtualFileContent                    : loaded 2 times (x 78B)
Class com.fasterxml.aalto.in.NsDeclaration                                            : loaded 2 times (x 70B)
Class com.intellij.util.containers.ConcurrentSoftValueHashMap                         : loaded 2 times (x 147B)
Class com.intellij.core.CoreJavaCodeStyleManager$1                                    : loaded 2 times (x 208B)
Class org.jetbrains.kotlin.analysis.decompiler.stub.file.DummyFileAttributeService    : loaded 2 times (x 83B)
Class org.jetbrains.kotlin.load.kotlin.KotlinBinaryClassCache$Companion               : loaded 2 times (x 69B)
Class com.fasterxml.aalto.util.DataUtil                                               : loaded 2 times (x 69B)
Class com.intellij.ide.plugins.DescriptorListLoadingContext                           : loaded 2 times (x 77B)
Class com.intellij.psi.PsiFragment                                                    : loaded 2 times (x 68B)
Class com.intellij.psi.PsiReferenceContributor                                        : loaded 2 times (x 70B)
Class com.intellij.util.messages.impl.MessageBusImpl$MessageHandlerHolder             : loaded 2 times (x 68B)
Class com.intellij.openapi.fileTypes.FileTypeRegistry                                 : loaded 2 times (x 79B)
Class com.intellij.openapi.vfs.DeprecatedVirtualFileSystem                            : loaded 2 times (x 99B)
Class com.intellij.core.CoreApplicationEnvironment$1                                  : loaded 2 times (x 432B)
Class com.intellij.util.lang.JavaVersion                                              : loaded 2 times (x 72B)
Class com.intellij.openapi.application.AccessToken                                    : loaded 2 times (x 73B)
Class com.android.tools.lint.checks.WatchFaceEditorDetector                           : loaded 2 times (x 151B)
Class com.android.tools.lint.checks.UnsafeImplicitIntentDetector                      : loaded 2 times (x 167B)
Class com.android.tools.lint.checks.SamDetector$Issues                                : loaded 2 times (x 69B)
Class com.intellij.psi.presentation.java.PackagePresentationProvider                  : loaded 2 times (x 72B)
Class com.android.tools.lint.checks.CheckResultDetector$Companion                     : loaded 2 times (x 69B)
Class com.android.tools.lint.checks.CheckResultDetector                               : loaded 2 times (x 167B)
Class com.android.tools.lint.checks.BinderGetCallingInMainThreadDetector$Method       : loaded 2 times (x 70B)
Class [Lcom.android.tools.lint.detector.api.Scope;                                    : loaded 2 times (x 67B)
Class com.intellij.openapi.application.impl.ModalityStateEx                           : loaded 2 times (x 71B)
Class com.intellij.openapi.util.NotNullLazyValue                                      : loaded 2 times (x 76B)
Class org.jetbrains.kotlin.psi.stubs.KotlinFileStub                                   : loaded 2 times (x 68B)
Class kotlin.annotation.Retention                                                     : loaded 2 times (x 68B)
Class kotlin.jvm.functions.Function5                                                  : loaded 2 times (x 68B)
Class kotlin.reflect.jvm.internal.KClassImpl$Data$$Lambda$13                          : loaded 2 times (x 74B)
Class org.apache.commons.io.StandardLineSeparator                                     : loaded 2 times (x 77B)
Class com.google.common.base.Suppliers$MemoizingSupplier                              : loaded 2 times (x 77B)
Class com.google.common.io.CharSource$EmptyCharSource                                 : loaded 2 times (x 84B)
Class org.jetbrains.kotlin.gradle.plugin.diagnostics.KotlinToolingDiagnostics$JsEnvironmentNotChosenExplicitly: loaded 2 times (x 71B)
Class org.jetbrains.kotlin.gradle.plugin.ProjectLocalConfigurations$ProjectLocalCompatibility: loaded 2 times (x 74B)
Class org.jetbrains.kotlin.gradle.dsl.KotlinJvmCompilerOptions                        : loaded 2 times (x 68B)
Class org.jetbrains.kotlin.gradle.plugin.internal.DefaultProjectIsolationStartParameterAccessor$Factory: loaded 2 times (x 74B)
Class org.jetbrains.kotlin.psi.KtFileAnnotationList                                   : loaded 2 times (x 504B)
Class org.jetbrains.kotlin.psi.KtProperty                                             : loaded 2 times (x 1320B)
Class com.fasterxml.aalto.util.UriCanonicalizer$CanonicalKey                          : loaded 2 times (x 70B)
Class [Lcom.intellij.psi.ResolveResult;                                               : loaded 2 times (x 67B)
Class com.intellij.psi.PsiImportHolder                                                : loaded 2 times (x 68B)
Class org.jetbrains.kotlin.util.PerformanceCounter$Companion                          : loaded 2 times (x 69B)
Class com.intellij.core.CoreJavaCodeStyleManager$2                                    : loaded 2 times (x 71B)
Class org.jetbrains.kotlin.cli.jvm.compiler.KotlinCoreEnvironment$Companion$getOrCreateApplicationEnvironment$1$2: loaded 2 times (x 72B)
Class com.intellij.ide.plugins.IdeaPluginDescriptorImpl                               : loaded 2 times (x 133B)
Class com.fasterxml.aalto.in.ByteBasedPName                                           : loaded 2 times (x 81B)
Class com.fasterxml.aalto.in.StreamScanner                                            : loaded 2 times (x 146B)
Class kotlinx.coroutines.DefaultExecutorKt                                            : loaded 2 times (x 69B)
Class kotlinx.coroutines.Unconfined                                                   : loaded 2 times (x 97B)
Class kotlinx.coroutines.GlobalScope                                                  : loaded 2 times (x 72B)
Class com.intellij.util.xml.dom.XmlInterner                                           : loaded 2 times (x 68B)
Class com.intellij.psi.meta.MetaDataContributor                                       : loaded 2 times (x 68B)
Class com.intellij.psi.stubs.BinaryFileStubBuilder                                    : loaded 2 times (x 68B)
Class com.intellij.util.pico.TooManySatisfiableConstructorsException                  : loaded 2 times (x 80B)
Class com.intellij.platform.diagnostic.telemetry.NoopTelemetryManager                 : loaded 2 times (x 84B)
Class com.intellij.openapi.vfs.impl.BulkVirtualFileListenerAdapter                    : loaded 2 times (x 76B)
Class com.intellij.util.containers.ConcurrentFactoryMap$2                             : loaded 2 times (x 147B)
Class com.intellij.mock.MockComponentManager$1                                        : loaded 2 times (x 85B)
Class com.intellij.ide.plugins.PluginEnabler$Headless                                 : loaded 2 times (x 68B)
Class it.unimi.dsi.fastutil.objects.Object2ObjectMap$FastEntrySet                     : loaded 2 times (x 68B)
Class com.intellij.util.containers.ContainerUtil                                      : loaded 2 times (x 69B)
Class com.android.tools.lint.checks.ProviderPermissionDetector                        : loaded 2 times (x 167B)
Class com.android.tools.lint.checks.MotionSceneDetector                               : loaded 2 times (x 152B)
Class com.android.tools.lint.detector.api.Option$Companion                            : loaded 2 times (x 69B)
Class com.android.tools.lint.checks.IgnoreWithoutReasonDetector$Companion             : loaded 2 times (x 69B)
Class com.android.tools.lint.checks.BadHostnameVerifierDetector                       : loaded 2 times (x 167B)
Class com.intellij.openapi.extensions.ExtensionPointPriorityListener                  : loaded 2 times (x 68B)
Class [Lorg.jetbrains.kotlin.config.JvmTarget;                                        : loaded 2 times (x 67B)
Class [Lcom.intellij.psi.impl.ElementBase;                                            : loaded 2 times (x 67B)
Class org.jetbrains.kotlin.psi.KtObjectDeclaration                                    : loaded 2 times (x 1097B)
Class kotlin.jvm.functions.Function6                                                  : loaded 2 times (x 68B)
Class kotlin.reflect.jvm.internal.KClassImpl$Data$$Lambda$14                          : loaded 2 times (x 74B)
Class [Lcom.google.common.collect.MapMakerInternalMap$Strength;                       : loaded 2 times (x 67B)
Class [Lcom.google.common.io.FileWriteMode;                                           : loaded 2 times (x 67B)
Class org.jetbrains.kotlin.buildtools.api.SourcesChanges                              : loaded 2 times (x 68B)
Class org.jetbrains.kotlin.konan.target.HostManager$Companion$targetAliases$2         : loaded 2 times (x 76B)
Class org.jetbrains.kotlin.gradle.plugin.KotlinPluginLifecycleImpl$launch$1           : loaded 2 times (x 77B)
Class org.jetbrains.kotlin.gradle.utils.Completable                                   : loaded 2 times (x 70B)
Class org.jetbrains.kotlin.gradle.plugin.DefaultKotlinBasePlugin$addKotlinCompilerConfiguration$2$1: loaded 2 times (x 73B)
Class org.jetbrains.kotlin.gradle.plugin.statistics.KotlinBuildStatsServicesRegistry$Companion: loaded 2 times (x 69B)
Class org.jetbrains.kotlin.gradle.plugin.internal.DefaultCompatibilityConventionRegistrar$Factory: loaded 2 times (x 74B)
Class kotlin.collections.builders.MapBuilder$KeysItr                                  : loaded 2 times (x 79B)
Class org.jetbrains.kotlin.psi.stubs.elements.KtPlaceHolderWithTextStubElementType    : loaded 2 times (x 98B)
Class [Lcom.intellij.psi.ContributedReferenceHost;                                    : loaded 2 times (x 67B)
Class org.jetbrains.kotlin.psi.stubs.elements.KtNameReferenceExpressionElementType    : loaded 2 times (x 101B)
Class org.jetbrains.kotlin.psi.stubs.elements.KtFunctionElementType                   : loaded 2 times (x 102B)
Class org.jetbrains.kotlin.psi.KtModifierListOwner                                    : loaded 2 times (x 68B)
Class [Lorg.jetbrains.kotlin.psi.KtTypeProjection;                                    : loaded 2 times (x 67B)
Class com.intellij.util.containers.LinkedCustomHashMap$RemoveCallback                 : loaded 2 times (x 68B)
Class com.intellij.openapi.wm.ex.ProgressIndicatorEx                                  : loaded 2 times (x 68B)
Class com.intellij.util.containers.ConcurrentFactoryMap$3                             : loaded 2 times (x 147B)
Class com.fasterxml.aalto.util.TextBuilder                                            : loaded 2 times (x 70B)
Class kotlinx.coroutines.AbstractCoroutine                                            : loaded 2 times (x 141B)
Class org.jetbrains.kotlin.cli.jvm.compiler.IdeaExtensionPoints                       : loaded 2 times (x 69B)
Class com.intellij.psi.PsiElementVisitor                                              : loaded 2 times (x 79B)
Class com.intellij.openapi.editor.RangeMarker                                         : loaded 2 times (x 68B)
Class com.intellij.openapi.extensions.ExtensionPointName                              : loaded 2 times (x 70B)
Class com.intellij.openapi.fileTypes.PlainTextLanguage                                : loaded 2 times (x 105B)
Class org.gradle.api.internal.classpath.ManifestUtil                                  : loaded 2 times (x 69B)
Class com.android.tools.lint.checks.WrongImportDetector$ImportVisitor                 : loaded 2 times (x 125B)
Class com.intellij.psi.PsiType                                                        : loaded 2 times (x 103B)
Class com.android.tools.lint.checks.ChromeOsSourceDetector$Companion                  : loaded 2 times (x 69B)
Class com.android.AndroidXConstants                                                   : loaded 2 times (x 69B)
Class com.google.common.collect.ImmutableList$1                                       : loaded 2 times (x 95B)
Class com.google.common.util.concurrent.ExecutionError                                : loaded 2 times (x 80B)
Class org.jetbrains.kotlin.statistics.metrics.StringAnonymizationPolicy$AllowedListAnonymizer: loaded 2 times (x 77B)
Class com.android.tools.lint.checks.BuiltinIssueRegistry                              : loaded 2 times (x 80B)
Class kotlin.jvm.functions.Function7                                                  : loaded 2 times (x 68B)
Class kotlin.reflect.jvm.internal.impl.name.Name                                      : loaded 2 times (x 73B)
Class kotlin.reflect.jvm.internal.KClassImpl$Data$$Lambda$15                          : loaded 2 times (x 74B)
Class org.jetbrains.kotlin.gradle.report.BuildReportType                              : loaded 2 times (x 77B)
Class com.google.common.collect.Iterables$4                                           : loaded 2 times (x 79B)
Class com.google.common.collect.MapMakerInternalMap$StrongKeyDummyValueSegment        : loaded 2 times (x 140B)
Class com.google.common.cache.LocalCache$WriteThroughEntry                            : loaded 2 times (x 77B)
Class com.google.common.cache.LocalCache$HashIterator                                 : loaded 2 times (x 84B)
Class org.jetbrains.kotlin.gradle.tasks.DefaultKotlinJavaToolchain$DefaultJdkSetter   : loaded 2 times (x 74B)
Class org.jetbrains.kotlin.cli.common.arguments.CommonCompilerArguments               : loaded 2 times (x 78B)
Class org.jetbrains.kotlin.gradle.plugin.diagnostics.checkers.IncorrectCompileOnlyDependenciesChecker$runChecks$1: loaded 2 times (x 86B)
Class org.jetbrains.kotlin.gradle.plugin.mpp.KotlinOnlyTarget                         : loaded 2 times (x 157B)
Class org.jetbrains.kotlin.gradle.targets.js.npm.BaseNpmDependencyExtension           : loaded 2 times (x 68B)
Class org.jetbrains.kotlin.gradle.dsl.KotlinVersion$Companion                         : loaded 2 times (x 69B)
Class org.jetbrains.kotlin.gradle.InternalKotlinGradlePluginApi                       : loaded 2 times (x 68B)
Class org.jetbrains.kotlin.gradle.dsl.DefaultToolchainSupport                         : loaded 2 times (x 74B)
Class org.jetbrains.kotlin.gradle.plugin.internal.CustomPropertiesFileValueSource     : loaded 2 times (x 80B)
Class com.google.common.cache.LocalCache$EntryFactory                                 : loaded 2 times (x 81B)
Class com.intellij.util.text.UnsyncCharArrayReader                                    : loaded 2 times (x 91B)
Class [Lorg.jetbrains.kotlin.psi.KtAnnotationEntry;                                   : loaded 2 times (x 67B)
Class org.jetbrains.kotlin.psi.stubs.KotlinClassOrObjectStub                          : loaded 2 times (x 68B)
Class com.intellij.psi.tree.TokenSet                                                  : loaded 2 times (x 70B)
Class kotlinx.serialization.internal.StringSerializer                                 : loaded 2 times (x 80B)
Class com.intellij.psi.impl.source.JavaDummyHolder                                    : loaded 2 times (x 797B)
Class com.intellij.psi.PsiReferenceExpression                                         : loaded 2 times (x 68B)
Class org.jetbrains.kotlin.parsing.KotlinCommonParserDefinition                       : loaded 2 times (x 93B)
Class org.jetbrains.kotlin.gradle.targets.metadata.KotlinMetadataTargetConfiguratorKt$isNativeSourceSet$2: loaded 2 times (x 93B)
Class com.intellij.util.lang.ZipFilePool                                              : loaded 2 times (x 71B)
Class com.intellij.psi.augment.PsiAugmentProvider                                     : loaded 2 times (x 81B)
Class com.intellij.openapi.util.registry.Registry$Companion$EMPTY_VALUE_LISTENER$1    : loaded 2 times (x 75B)
Class com.intellij.openapi.fileTypes.PlainTextLikeFileType                            : loaded 2 times (x 68B)
Class com.intellij.lang.Language$1                                                    : loaded 2 times (x 105B)
Class com.intellij.psi.stubs.UpToDateStubIndexMismatch                                : loaded 2 times (x 85B)
Class com.intellij.psi.impl.source.DummyHolderElement                                 : loaded 2 times (x 279B)
Class com.intellij.openapi.editor.impl.PersistentRangeMarker                          : loaded 2 times (x 159B)
Class com.intellij.openapi.extensions.BaseExtensionPointName                          : loaded 2 times (x 70B)
Class it.unimi.dsi.fastutil.objects.Reference2ObjectMap$FastEntrySet                  : loaded 2 times (x 68B)
Class com.android.tools.lint.checks.WatchFaceForAndroidXDetector$Issues               : loaded 2 times (x 69B)
Class com.android.tools.lint.checks.SyntheticAccessorDetector                         : loaded 2 times (x 167B)
Class com.android.tools.lint.checks.StringFormatDetector$Companion$TypeTest           : loaded 2 times (x 73B)
Class com.android.tools.lint.checks.IteratorDetector$Issues                           : loaded 2 times (x 69B)
Class org.jetbrains.kotlin.gradle.dsl.KotlinHierarchyDsl                              : loaded 2 times (x 68B)
Class org.jetbrains.kotlin.gradle.utils.MutableObservableSet                          : loaded 2 times (x 68B)
Class org.jetbrains.kotlin.gradle.plugin.mpp.compilationImpl.factory.KotlinCompilationImplFactory$KotlinCompilationSourceSetsContainerFactory: loaded 2 times (x 68B)
Class org.jetbrains.kotlin.gradle.report.UsesBuildMetricsService                      : loaded 2 times (x 68B)
Class org.jetbrains.kotlin.gradle.plugin.hierarchy.KotlinSourceSetTreeClassifierKt    : loaded 2 times (x 69B)
Class com.google.common.collect.AbstractMapBasedMultimap$WrappedCollection            : loaded 2 times (x 122B)
Class com.android.tools.lint.Main$MainLintClient$1                                    : loaded 2 times (x 104B)
Class kotlin.jvm.internal.PropertyReference1Impl                                      : loaded 2 times (x 125B)
Class kotlin.jvm.functions.Function8                                                  : loaded 2 times (x 68B)
Class kotlin.reflect.jvm.internal.impl.name.FqNameUnsafe                              : loaded 2 times (x 70B)
Class kotlin.reflect.jvm.internal.KClassImpl$Data$$Lambda$16                          : loaded 2 times (x 74B)
Class com.google.common.reflect.Types$NativeTypeVariableEquals                        : loaded 2 times (x 69B)
Class com.google.common.reflect.TypeParameter                                         : loaded 2 times (x 70B)
Class [Lcom.google.common.collect.MapMaker$Dummy;                                     : loaded 2 times (x 67B)
Class com.google.common.collect.NullsLastOrdering                                     : loaded 2 times (x 113B)
Class org.jetbrains.kotlin.gradle.tasks.TaskOutputsBackup                             : loaded 2 times (x 70B)
Class org.jetbrains.kotlin.gradle.plugin.cocoapods.KotlinCocoapodsPlugin              : loaded 2 times (x 74B)
Class org.jetbrains.kotlin.gradle.internal.CompilerOptionsDslHelpersKt                : loaded 2 times (x 69B)
Class org.jetbrains.kotlin.gradle.internal.StdlibDependencyManagementKt$configureStdlibVersionAlignment$1$1: loaded 2 times (x 73B)
Class org.jetbrains.kotlin.gradle.dsl.KotlinProjectExtension$awaitSourceSets$1        : loaded 2 times (x 86B)
Class org.jetbrains.kotlin.konan.target.Family                                        : loaded 2 times (x 77B)
Class org.jetbrains.kotlin.gradle.plugin.KotlinPluginLifecycle$CoroutineStart         : loaded 2 times (x 77B)
Class org.jetbrains.kotlin.gradle.tasks.TasksProviderKt$sam$org_gradle_api_Action$0   : loaded 2 times (x 73B)
Class org.jetbrains.kotlin.gradle.tooling.BuildKotlinToolingMetadataTask$FromKotlinExtension: loaded 2 times (x 315B)
Class org.jetbrains.kotlin.gradle.utils.FailuresKt                                    : loaded 2 times (x 69B)
Class org.jetbrains.kotlin.gradle.targets.native.internal.CInteropConfigurationsKt$special$$inlined$KotlinTargetSideEffect$1: loaded 2 times (x 72B)
Class org.jetbrains.kotlin.gradle.internal.properties.NativePropertiesLoader$konanDataDirProperty$1: loaded 2 times (x 73B)
Class org.jetbrains.kotlin.gradle.internal.ClassLoadersCachingBuildService$Companion$registerIfAbsent$1$1$1: loaded 2 times (x 73B)
Class org.jetbrains.kotlin.gradle.plugin.statistics.BuildFusService$Parameters_Decorated: loaded 2 times (x 141B)
Class org.jetbrains.kotlin.gradle.internal.properties.PropertiesBuildService$Params$Inject: loaded 2 times (x 104B)
Class org.jetbrains.kotlin.tooling.core.HasMutableExtras                              : loaded 2 times (x 68B)
Class com.google.common.cache.LocalCache$AbstractReferenceEntry                       : loaded 2 times (x 105B)
Class org.gradle.internal.IoActions                                                   : loaded 2 times (x 69B)
Class org.jetbrains.kotlin.psi.stubs.elements.KtValueArgumentElementType              : loaded 2 times (x 98B)
Class org.jetbrains.kotlin.psi.KtFunction                                             : loaded 2 times (x 68B)
Class org.jetbrains.kotlin.psi.KtDeclarationStub                                      : loaded 2 times (x 711B)
Class [Lorg.jetbrains.kotlin.platform.TargetPlatformVersion;                          : loaded 2 times (x 67B)
Class com.intellij.util.containers.ConcurrentSoftKeySoftValueHashMap$SoftKey          : loaded 2 times (x 88B)
Class com.android.utils.StdLogger$Level                                               : loaded 2 times (x 77B)
Class com.android.tools.lint.detector.api.Implementation                              : loaded 2 times (x 74B)
Class com.android.tools.lint.checks.AccessibilityForceFocusDetector                   : loaded 2 times (x 167B)
Class com.intellij.psi.scope.PsiScopeProcessor                                        : loaded 2 times (x 68B)
Class com.intellij.psi.impl.source.PsiClassReferenceType                              : loaded 2 times (x 129B)
Class [Lcom.intellij.psi.search.SearchScope;                                          : loaded 2 times (x 67B)
Class com.intellij.openapi.vfs.InvalidVirtualFileAccessException                      : loaded 2 times (x 80B)
Class com.intellij.psi.NavigatablePsiElement                                          : loaded 2 times (x 68B)
Class kotlinx.coroutines.scheduling.TaskContext                                       : loaded 2 times (x 68B)
Class com.intellij.util.ConcurrentLongObjectHashMap$CounterCell                       : loaded 2 times (x 69B)
Class com.intellij.lang.SyntaxTreeBuilder                                             : loaded 2 times (x 68B)
Class com.intellij.core.CoreEncodingRegistry                                          : loaded 2 times (x 83B)
Class com.android.tools.lint.UastEnvironment$Configuration                            : loaded 2 times (x 68B)
Class com.intellij.util.containers.ContainerUtil$KeyOrderedMultiMap                   : loaded 2 times (x 74B)
Class com.intellij.util.containers.ConcurrentRefHashMap                               : loaded 2 times (x 152B)
Class it.unimi.dsi.fastutil.objects.AbstractObjectSet                                 : loaded 2 times (x 177B)
Class com.android.tools.lint.checks.UnsafeImplicitIntentDetector$Companion            : loaded 2 times (x 69B)
Class com.android.tools.lint.checks.WearDetector$Companion                            : loaded 2 times (x 69B)
Class com.android.tools.lint.checks.SplashScreenDetector$Companion                    : loaded 2 times (x 69B)
Class org.objectweb.asm.tree.FieldInsnNode                                            : loaded 2 times (x 77B)
Class com.android.tools.lint.checks.MotionLayoutIdDetector$Companion                  : loaded 2 times (x 69B)
Class com.android.tools.lint.checks.GradleDetector$Companion                          : loaded 2 times (x 69B)
Class com.android.tools.lint.checks.ConstraintLayoutDetector$Companion                : loaded 2 times (x 69B)
Class com.android.tools.lint.checks.AnnotationDetector$Companion                      : loaded 2 times (x 69B)
Class com.android.tools.lint.checks.IndentationDetector$Issues                        : loaded 2 times (x 69B)
Class org.jetbrains.kotlin.utils.KotlinExceptionWithAttachments                       : loaded 2 times (x 92B)
Class [Lkotlin.reflect.jvm.internal.impl.name.ClassId;                                : loaded 2 times (x 67B)
Class kotlin.jvm.functions.Function10                                                 : loaded 2 times (x 68B)
Class kotlin.jvm.functions.Function9                                                  : loaded 2 times (x 68B)
Class kotlin.reflect.jvm.internal.KClassImpl$Data$$Lambda$17                          : loaded 2 times (x 74B)
Class com.google.common.collect.ImmutableMapKeySet                                    : loaded 2 times (x 148B)
Class org.jetbrains.kotlin.gradle.internal.Kapt3KotlinGradleSubpluginKt               : loaded 2 times (x 69B)
Class org.jetbrains.kotlin.gradle.dsl.KotlinJvmCompile                                : loaded 2 times (x 68B)
Class com.google.common.collect.ImmutableRangeSet$ComplementRanges                    : loaded 2 times (x 205B)
Class org.jetbrains.kotlin.konan.target.KonanTarget$LINUX_ARM32_HFP                   : loaded 2 times (x 76B)
Class org.jetbrains.kotlin.gradle.internal.Kapt3GradleSubplugin                       : loaded 2 times (x 81B)
Class org.jetbrains.kotlin.gradle.plugin.diagnostics.checkers.CInteropInputChecker    : loaded 2 times (x 72B)
Class org.jetbrains.kotlin.gradle.plugin.statistics.FinalizeConfigurationFusMetricActionKt$FinalizeConfigurationFusMetricAction$1: loaded 2 times (x 93B)
Class org.jetbrains.kotlin.gradle.internal.KotlinDependenciesManagementKt$CustomizeKotlinDependenciesSetupAction$1: loaded 2 times (x 72B)
Class org.jetbrains.kotlin.gradle.plugin.KotlinGradlePluginExtensionPointInternal$registeredExtensions$2: loaded 2 times (x 76B)
Class org.jetbrains.kotlin.statistics.metrics.BooleanOverridePolicy$OR                : loaded 2 times (x 83B)
Class org.jetbrains.kotlin.gradle.plugin.UsesVariantImplementationFactories           : loaded 2 times (x 68B)
Class org.objectweb.asm.SymbolTable                                                   : loaded 2 times (x 70B)
Class com.google.common.cache.CacheLoader$InvalidCacheLoadException                   : loaded 2 times (x 80B)
Class org.gradle.internal.classloader.SystemClassLoaderSpec                           : loaded 2 times (x 69B)
Class com.intellij.util.CachedValueBase$DefaultData                                   : loaded 2 times (x 79B)
Class com.intellij.psi.tree.IReparseableLeafElementType                               : loaded 2 times (x 68B)
Class [Lorg.jetbrains.kotlin.psi.KtContractEffect;                                    : loaded 2 times (x 67B)
Class org.jetbrains.kotlin.psi.KtNamed                                                : loaded 2 times (x 68B)
Class com.android.tools.lint.UastEnvironmentVirtualFileUtilsKt$getSourceFilePaths$1   : loaded 2 times (x 123B)
Class com.android.tools.lint.checks.SdkIntDetector$Companion                          : loaded 2 times (x 69B)
Class com.intellij.psi.impl.JavaPsiFacadeEx                                           : loaded 2 times (x 85B)
Class kotlinx.coroutines.internal.LockFreeLinkedListNode                              : loaded 2 times (x 73B)
Class com.android.tools.lint.checks.UnsafeFilenameDetector$Companion                  : loaded 2 times (x 69B)
Class com.fasterxml.aalto.in.PNameC                                                   : loaded 2 times (x 77B)
Class com.fasterxml.aalto.stax.StreamReaderImpl                                       : loaded 2 times (x 216B)
Class com.android.tools.lint.LintCliClient$addCancellationChecker$1                   : loaded 2 times (x 72B)
Class kotlin.coroutines.CoroutineContext$DefaultImpls                                 : loaded 2 times (x 69B)
Class com.android.tools.lint.LintCliClient$initializeProjects$allProjects$1           : loaded 2 times (x 76B)
Class kotlinx.collections.immutable.implementations.immutableSet.TrieNode$Companion   : loaded 2 times (x 69B)
Class com.intellij.ide.highlighter.JavaClassFileType                                  : loaded 2 times (x 84B)
Class com.intellij.openapi.vfs.local.CoreLocalFileSystem                              : loaded 2 times (x 101B)
Class [Lcom.intellij.openapi.util.Key;                                                : loaded 2 times (x 67B)
Class com.android.tools.lint.checks.TileServiceActivityDetector$Issues                : loaded 2 times (x 69B)
Class com.android.tools.lint.checks.SecurityDetector                                  : loaded 2 times (x 176B)
Class com.android.tools.lint.checks.SecretDetector$Companion                          : loaded 2 times (x 69B)
Class com.android.tools.lint.checks.JavaPerformanceDetector                           : loaded 2 times (x 167B)
Class com.android.tools.lint.detector.api.JavaContext                                 : loaded 2 times (x 74B)
Class com.android.tools.lint.checks.IgnoreWithoutReasonDetector                       : loaded 2 times (x 169B)
Class com.android.tools.lint.client.api.TomlScanner                                   : loaded 2 times (x 68B)
Class com.android.tools.lint.checks.FragmentDetector                                  : loaded 2 times (x 167B)
Class com.android.tools.lint.detector.api.Severity                                    : loaded 2 times (x 77B)
Class com.android.tools.lint.Reporter                                                 : loaded 2 times (x 72B)
Class com.intellij.openapi.diagnostic.DefaultLogger                                   : loaded 2 times (x 98B)
Class com.intellij.openapi.diagnostic.Attachment                                      : loaded 2 times (x 70B)
Class com.intellij.openapi.util.registry.EarlyAccessRegistryManager                   : loaded 2 times (x 69B)
Class com.intellij.util.Function                                                      : loaded 2 times (x 68B)
Class kotlin.jvm.functions.Function11                                                 : loaded 2 times (x 68B)
Class org.jetbrains.kotlin.gradle.tasks.CacheableTasksKt$cacheOnlyIfEnabledForKotlin$1$1: loaded 2 times (x 72B)
Class com.google.common.collect.FluentIterable                                        : loaded 2 times (x 79B)
Class org.jetbrains.kotlin.gradle.tasks.configuration.BaseKotlinCompileConfig$1$1     : loaded 2 times (x 72B)
Class org.jetbrains.kotlin.gradle.plugin.mpp.compilationImpl.factory.KotlinCompilationImplFactory$PostConfigure: loaded 2 times (x 68B)
Class org.jetbrains.kotlin.gradle.utils.KotlinExtensionUtilsKt                        : loaded 2 times (x 69B)
Class [Lorg.jetbrains.kotlin.konan.util.Named;                                        : loaded 2 times (x 67B)
Class org.jetbrains.kotlin.gradle.plugin.diagnostics.checkers.NoKotlinTargetsDeclaredChecker$runChecks$1: loaded 2 times (x 86B)
Class org.jetbrains.kotlin.gradle.plugin.mpp.AbstractKotlinTarget$kotlinComponents$2  : loaded 2 times (x 77B)
Class org.jetbrains.kotlin.gradle.plugin.KotlinPlatformType$CompatibilityRule         : loaded 2 times (x 74B)
Class org.jetbrains.kotlin.gradle.internal.properties.NativePropertiesLoader$actualNativeHomeDirectory$1: loaded 2 times (x 73B)
Class org.jetbrains.kotlin.gradle.internal.properties.NativePropertiesKt              : loaded 2 times (x 69B)
Class org.jetbrains.kotlin.gradle.plugin.BuildEventsListenerRegistryHolder            : loaded 2 times (x 70B)
Class [Lorg.jetbrains.kotlin.statistics.metrics.BooleanOverridePolicy;                : loaded 2 times (x 67B)
Class org.jetbrains.kotlin.gradle.plugin.internal.CustomPropertiesFileValueSource$Parameters$Inject: loaded 2 times (x 104B)
Class com.google.common.cache.LocalCache$StrongEntry                                  : loaded 2 times (x 106B)
Class com.google.common.util.concurrent.AbstractFuture$TrustedFuture                  : loaded 2 times (x 112B)
Class com.google.common.cache.LoadingCache                                            : loaded 2 times (x 68B)
Class org.jetbrains.kotlin.psi.KtImportDirective                                      : loaded 2 times (x 457B)
Class [Lorg.jetbrains.kotlin.psi.KtModifierListOwnerStub;                             : loaded 2 times (x 67B)
Class org.jetbrains.kotlin.psi.stubs.elements.KtTokenSets                             : loaded 2 times (x 68B)
Class com.intellij.util.xml.dom.XmlElement$Companion                                  : loaded 2 times (x 69B)
Class com.intellij.openapi.diagnostic.ExceptionWithAttachments                        : loaded 2 times (x 68B)
Class com.intellij.psi.PsiFileFactory                                                 : loaded 2 times (x 80B)
Class com.intellij.openapi.editor.impl.DocumentImpl$PersistentRangeMarkerTree         : loaded 2 times (x 151B)
Class com.intellij.openapi.util.registry.Registry                                     : loaded 2 times (x 70B)
Class com.intellij.core.JavaCoreApplicationEnvironment$1                              : loaded 2 times (x 96B)
Class org.picocontainer.MutablePicoContainer                                          : loaded 2 times (x 68B)
Class com.intellij.lang.folding.LanguageFolding                                       : loaded 2 times (x 94B)
Class com.intellij.psi.compiled.ClassFileDecompilers                                  : loaded 2 times (x 70B)
Class com.intellij.openapi.diagnostic.Logger$DefaultFactory                           : loaded 2 times (x 72B)
Class [Lcom.intellij.lang.jvm.types.JvmPrimitiveTypeKind;                             : loaded 2 times (x 67B)
Class com.android.tools.lint.checks.RelativeOverlapDetector                           : loaded 2 times (x 151B)
Class com.android.tools.lint.checks.SelectedPhotoAccessDetector                       : loaded 2 times (x 151B)
Class com.android.tools.lint.checks.CommentDetector                                   : loaded 2 times (x 184B)
Class com.android.tools.lint.checks.BottomAppBarDetector                              : loaded 2 times (x 151B)
Class com.intellij.ide.plugins.XmlReader                                              : loaded 2 times (x 69B)
Class org.codehaus.stax2.XMLStreamLocation2                                           : loaded 2 times (x 68B)
Class [Lcom.intellij.openapi.util.LowMemoryWatcher$LowMemoryWatcherType;              : loaded 2 times (x 67B)
Class com.intellij.util.containers.SoftHashMap                                        : loaded 2 times (x 125B)
Class kotlin.jvm.functions.Function12                                                 : loaded 2 times (x 68B)
Class kotlinx.serialization.internal.AbstractCollectionSerializer                     : loaded 2 times (x 92B)
Class com.google.common.base.Suppliers$NonSerializableMemoizingSupplier               : loaded 2 times (x 77B)
Class com.google.common.io.ByteStreams$LimitedInputStream                             : loaded 2 times (x 90B)
Class org.jetbrains.kotlin.gradle.tasks.GradleCompileTaskProvider                     : loaded 2 times (x 70B)
Class org.jetbrains.kotlin.gradle.plugin.mpp.KotlinTargetSoftwareComponentImplKt$KotlinTargetSoftwareComponent$1: loaded 2 times (x 93B)
Class org.jetbrains.kotlin.gradle.tasks.configuration.BaseKotlinCompileConfig$registerBuildToolsApiTransformations$1: loaded 2 times (x 73B)
Class org.jetbrains.kotlin.gradle.plugin.internal.BuildIdService                      : loaded 2 times (x 74B)
Class org.jetbrains.kotlin.gradle.plugin.mpp.compilationImpl.factory.KotlinCompilationDependencyConfigurationsFactoriesKt: loaded 2 times (x 69B)
Class org.jetbrains.kotlin.gradle.plugin.mpp.compilationImpl.DefaultKotlinCompilationFriendPathsResolver: loaded 2 times (x 73B)
Class org.jetbrains.kotlin.gradle.plugin.diagnostics.checkers.WasmSourceSetsNotFoundChecker$runChecks$1: loaded 2 times (x 86B)
Class org.jetbrains.kotlin.konan.target.KonanTarget$IOS_SIMULATOR_ARM64               : loaded 2 times (x 76B)
Class org.jetbrains.kotlin.gradle.plugin.mpp.compilationImpl.KotlinCreateCompilationArchiveTaskKt$KotlinCreateCompilationArchivesTask$1: loaded 2 times (x 72B)
Class org.jetbrains.kotlin.gradle.dsl.KotlinVersion                                   : loaded 2 times (x 77B)
Class org.jetbrains.kotlin.gradle.internal.properties.NativePropertiesLoader$actualNativeHomeDirectory$2: loaded 2 times (x 72B)
Class org.jetbrains.kotlin.gradle.utils.StoredPropertyKt                              : loaded 2 times (x 69B)
Class org.objectweb.asm.MethodWriter                                                  : loaded 2 times (x 104B)
Class [Lcom.google.common.cache.Weigher;                                              : loaded 2 times (x 67B)
Class com.google.common.collect.RegularImmutableMap$BucketOverflowException           : loaded 2 times (x 80B)
Class com.intellij.openapi.vfs.VirtualFileVisitor$VisitorException                    : loaded 2 times (x 80B)
Class org.jetbrains.kotlin.psi.stubs.KotlinPlaceHolderWithTextStub                    : loaded 2 times (x 68B)
Class com.intellij.injected.editor.VirtualFileWindow                                  : loaded 2 times (x 68B)
Class com.intellij.util.xml.dom.NoOpXmlInterner                                       : loaded 2 times (x 73B)
Class [Lorg.jetbrains.kotlin.psi.KtElement;                                           : loaded 2 times (x 67B)
Class org.jetbrains.kotlin.cli.jvm.compiler.JavaLanguageLevelKt$EntriesMappings       : loaded 2 times (x 69B)
Class com.intellij.util.containers.ConcurrentSoftKeySoftValueHashMap                  : loaded 2 times (x 147B)
Class [Lcom.intellij.psi.search.GlobalSearchScope;                                    : loaded 2 times (x 67B)
Class com.intellij.openapi.project.DumbService$DumbModeListener                       : loaded 2 times (x 68B)
Class com.fasterxml.aalto.in.ByteSourceBootstrapper                                   : loaded 2 times (x 83B)
Class kotlinx.coroutines.internal.LockFreeTaskQueueCore$Companion                     : loaded 2 times (x 69B)
Class [Lorg.jetbrains.kotlin.psi.KtDeclarationStub;                                   : loaded 2 times (x 67B)
Class com.intellij.psi.PsiJavaToken                                                   : loaded 2 times (x 68B)
Class kotlinx.collections.immutable.implementations.immutableSet.TrieNodeIterator     : loaded 2 times (x 70B)
Class kotlinx.collections.immutable.PersistentSet                                     : loaded 2 times (x 68B)
Class com.intellij.psi.PsiLanguageInjectionHost                                       : loaded 2 times (x 68B)
Class com.intellij.psi.tree.IElementType                                              : loaded 2 times (x 73B)
Class com.intellij.openapi.vfs.pointers.VirtualFilePointer                            : loaded 2 times (x 68B)
Class com.intellij.util.messages.Topic                                                : loaded 2 times (x 74B)
Class com.intellij.psi.impl.LanguageConstantExpressionEvaluator                       : loaded 2 times (x 94B)
Class com.intellij.psi.stubs.EmptyStubSerializer                                      : loaded 2 times (x 68B)
Class com.intellij.openapi.diagnostic.LogLevel                                        : loaded 2 times (x 77B)
Class com.intellij.psi.PsiAnnotation                                                  : loaded 2 times (x 68B)
Class com.android.tools.lint.checks.SetJavaScriptEnabledDetector                      : loaded 2 times (x 167B)
Class com.android.tools.lint.checks.ReturnThisDetector$Companion                      : loaded 2 times (x 69B)
Class com.android.tools.lint.checks.LayoutInflationDetector$Companion                 : loaded 2 times (x 69B)
Class com.android.tools.lint.checks.JobSchedulerDetector                              : loaded 2 times (x 167B)
Class org.gradle.internal.classloader.ClassLoaderHierarchy                            : loaded 2 times (x 68B)
Class org.jetbrains.kotlin.gradle.plugin.internal.ConfigurationCacheStartParameterAccessorKt: loaded 2 times (x 69B)
Class kotlin.text.StringsKt___StringsKt$asSequence$$inlined$Sequence$1                : loaded 2 times (x 73B)
Class org.jetbrains.kotlin.gradle.plugin.KotlinPlatformType$Companion                 : loaded 2 times (x 69B)
Class kotlin.jvm.functions.Function13                                                 : loaded 2 times (x 68B)
Class com.google.common.collect.ImmutableMultimap$1                                   : loaded 2 times (x 80B)
Class com.google.common.collect.AbstractMapBasedMultimap$RandomAccessWrappedList      : loaded 2 times (x 203B)
Class org.jetbrains.kotlin.gradle.plugin.sources.KotlinDependencyScope$Companion      : loaded 2 times (x 69B)
Class org.jetbrains.kotlin.gradle.plugin.KotlinPluginLifecycleKt$launchInStage$1      : loaded 2 times (x 93B)
Class org.jetbrains.kotlin.gradle.tasks.configuration.BaseKotlinCompileConfig$1$3     : loaded 2 times (x 73B)
Class org.jetbrains.kotlin.gradle.tasks.configuration.BaseKotlinCompileConfig$registerBuildToolsApiTransformations$2: loaded 2 times (x 73B)
Class org.jetbrains.kotlin.gradle.tasks.KotlinJvmCompile                              : loaded 2 times (x 68B)
Class org.jetbrains.kotlin.gradle.plugin.mpp.compilationImpl.KotlinCompilationSourceSetsContainerKt: loaded 2 times (x 69B)
Class org.jetbrains.kotlin.gradle.targets.NativeForwardImplementationToApiElementsSideEffectKt: loaded 2 times (x 69B)
Class org.jetbrains.kotlin.gradle.internal.properties.NativePropertiesLoader$actualNativeHomeDirectory$3: loaded 2 times (x 73B)
Class org.jetbrains.kotlin.gradle.report.BuildReportMode                              : loaded 2 times (x 77B)
Class org.jetbrains.kotlin.statistics.metrics.StringAnonymizationPolicy$RegexControlled: loaded 2 times (x 77B)
Class org.jetbrains.kotlin.statistics.ValueAnonymizer                                 : loaded 2 times (x 68B)
Class org.jetbrains.kotlin.gradle.plugin.VariantImplementationFactories$Companion$getProvider$2$1$1: loaded 2 times (x 73B)
Class org.jetbrains.kotlin.gradle.plugin.internal.ProjectIsolationStartParameterAccessor$Factory: loaded 2 times (x 68B)
Class org.jetbrains.kotlin.psi.KtLambdaArgument                                       : loaded 2 times (x 462B)
Class [Lorg.jetbrains.kotlin.psi.KtExpression;                                        : loaded 2 times (x 67B)
Class org.jetbrains.kotlin.gradle.plugin.KotlinPlatformType$DisambiguationRule        : loaded 2 times (x 74B)
Class com.intellij.psi.util.ParameterizedCachedValue                                  : loaded 2 times (x 68B)
Class com.intellij.psi.impl.source.resolve.ResolveCache$1                             : loaded 2 times (x 76B)
Class com.intellij.ide.plugins.ImmutableZipFileDataLoader                             : loaded 2 times (x 77B)
Class com.intellij.psi.impl.compiled.ClsCustomNavigationPolicy                        : loaded 2 times (x 68B)
Class com.intellij.psi.PsiSubstitutorFactory                                          : loaded 2 times (x 72B)
Class com.intellij.lang.LanguageUtil                                                  : loaded 2 times (x 69B)
Class [Lcom.intellij.util.ConcurrentLongObjectHashMap$CounterCell;                    : loaded 2 times (x 67B)
Class com.intellij.openapi.editor.Document                                            : loaded 2 times (x 68B)
Class com.intellij.openapi.vfs.impl.jar.CoreJarHandler                                : loaded 2 times (x 88B)
Class com.intellij.openapi.util.ObjectNode$NodeChildren                               : loaded 2 times (x 68B)
Class com.android.tools.lint.checks.TooManyViewsDetector                              : loaded 2 times (x 151B)
Class com.android.tools.lint.checks.RestrictionsDetector                              : loaded 2 times (x 151B)
Class org.jetbrains.kotlin.gradle.targets.native.KotilnNativeConfigureBinariesSideEffectKt: loaded 2 times (x 69B)
Class com.android.tools.lint.checks.MotionLayoutIdDetector                            : loaded 2 times (x 151B)
Class com.android.tools.lint.checks.LeakDetector$Companion                            : loaded 2 times (x 69B)
Class com.android.tools.lint.checks.IndentationDetector                               : loaded 2 times (x 167B)
Class com.android.tools.lint.checks.HardwareIdDetector                                : loaded 2 times (x 167B)
Class com.android.tools.lint.detector.api.XmlScannerConstants                         : loaded 2 times (x 68B)
Class org.jetbrains.kotlin.gradle.plugin.diagnostics.checkers.MissingNativeStdlibChecker: loaded 2 times (x 72B)
Class org.jetbrains.kotlin.gradle.targets.js.npm.NpmDependencyExtensionKt$defaultNpmDependencyDelegate$1: loaded 2 times (x 165B)
Class org.jetbrains.kotlin.gradle.plugin.KotlinPluginLifecycleImpl$launch$coroutine$1 : loaded 2 times (x 74B)
Class kotlin.jvm.functions.Function14                                                 : loaded 2 times (x 68B)
Class com.google.common.reflect.Types$JavaVersion$1                                   : loaded 2 times (x 81B)
Class com.google.common.collect.ImmutableMultimap$2                                   : loaded 2 times (x 79B)
Class org.jetbrains.kotlin.gradle.tasks.KotlinCompile$disableMultiModuleIC$2$1        : loaded 2 times (x 73B)
Class com.google.common.collect.AbstractIterator$State                                : loaded 2 times (x 77B)
Class org.jetbrains.kotlin.gradle.tasks.DefaultKotlinJavaToolchain$javaExecutable$1   : loaded 2 times (x 73B)
Class org.jetbrains.kotlin.build.report.metrics.BuildAttribute                        : loaded 2 times (x 77B)
Class org.jetbrains.kotlin.gradle.internal.transforms.BuildToolsApiClasspathEntrySnapshotTransform$Inject1: loaded 2 times (x 111B)
Class org.jetbrains.kotlin.gradle.plugin.mpp.compilationImpl.KotlinCompilationRegisterInSourceSetsConfigurator: loaded 2 times (x 72B)
Class org.jetbrains.kotlin.gradle.plugin.mpp.compilationImpl.factory.DefaultKotlinCompilationTaskNamesContainerFactory: loaded 2 times (x 72B)
Class com.google.common.collect.RegularImmutableBiMap                                 : loaded 2 times (x 146B)
Class org.jetbrains.kotlin.gradle.targets.native.internal.CommonizerTasksKt           : loaded 2 times (x 69B)
Class [Lorg.jetbrains.kotlin.gradle.targets.js.npm.NpmDependency$Scope;               : loaded 2 times (x 67B)
Class org.jetbrains.kotlin.gradle.plugin.KotlinCompilerPluginSupportPlugin            : loaded 2 times (x 68B)
Class org.jetbrains.kotlin.gradle.plugin.mpp.AbstractKotlinTarget$components$2        : loaded 2 times (x 77B)
Class org.jetbrains.kotlin.gradle.plugin.mpp.KotlinUsages$setupAttributesMatchingStrategy$1: loaded 2 times (x 72B)
Class org.jetbrains.kotlin.gradle.utils.AndroidPluginIdsKt                            : loaded 2 times (x 69B)
Class com.google.common.cache.LocalCache$ValueReference                               : loaded 2 times (x 68B)
Class org.jetbrains.kotlin.gradle.plugin.KotlinBasePlugin                             : loaded 2 times (x 68B)
Class org.jetbrains.kotlin.psi.KtStringTemplateEntryWithExpression                    : loaded 2 times (x 442B)
Class org.jetbrains.kotlin.psi.stubs.impl.KotlinTypeBean                              : loaded 2 times (x 68B)
Class [Lorg.jetbrains.kotlin.psi.KtDeclarationContainer;                              : loaded 2 times (x 67B)
Class com.intellij.psi.StubBasedPsiElement                                            : loaded 2 times (x 68B)
Class org.jetbrains.kotlin.cli.common.localfs.KotlinLocalVirtualFile                  : loaded 2 times (x 152B)
Class org.jetbrains.kotlin.platform.TargetPlatformKt                                  : loaded 2 times (x 69B)
Class org.jetbrains.kotlin.platform.SimplePlatform                                    : loaded 2 times (x 73B)
Class kotlinx.serialization.descriptors.PrimitiveKind$STRING                          : loaded 2 times (x 69B)
Class org.jetbrains.kotlin.gradle.internal.KotlinDomApiDependencyManagementKt         : loaded 2 times (x 69B)
Class com.intellij.openapi.util.NotNullLazyKey                                        : loaded 2 times (x 75B)
Class com.intellij.util.containers.ConcurrentWeakKeySoftValueHashMap                  : loaded 2 times (x 147B)
Class com.intellij.psi.scope.processor.MethodCandidatesProcessor                      : loaded 2 times (x 112B)
Class com.intellij.openapi.project.DumbUtil                                           : loaded 2 times (x 68B)
Class com.intellij.openapi.extensions.ExtensionPointAndAreaListener                   : loaded 2 times (x 68B)
Class com.intellij.codeInsight.folding.CodeFoldingSettings                            : loaded 2 times (x 69B)
Class com.intellij.ide.plugins.DisabledPluginsState$Companion                         : loaded 2 times (x 69B)
Class it.unimi.dsi.fastutil.ints.AbstractInt2ObjectMap                                : loaded 2 times (x 213B)
Class com.intellij.util.containers.MultiMap                                           : loaded 2 times (x 74B)
Class com.android.tools.lint.checks.UseKtxDetector$Issues                             : loaded 2 times (x 69B)
Class com.android.tools.lint.checks.RtlDetector                                       : loaded 2 times (x 177B)
Class com.android.tools.lint.checks.RecyclerViewDetector                              : loaded 2 times (x 167B)
Class org.jetbrains.kotlin.gradle.tasks.CInteropProcess                               : loaded 2 times (x 345B)
Class com.android.tools.lint.checks.ManifestPermissionAttributeDetector               : loaded 2 times (x 151B)
Class com.android.tools.lint.checks.DeletedProviderDetector                           : loaded 2 times (x 167B)
Class com.android.tools.lint.checks.ChildInNonViewGroupDetector                       : loaded 2 times (x 151B)
Class com.android.tools.lint.detector.api.Location$Companion                          : loaded 2 times (x 69B)
Class org.jetbrains.kotlin.gradle.plugin.mpp.KotlinVariantWithCoordinates             : loaded 2 times (x 106B)
Class com.google.common.collect.SortedSetMultimap                                     : loaded 2 times (x 68B)
Class com.google.common.io.FileWriteMode                                              : loaded 2 times (x 77B)
Class [Lcom.google.common.collect.MapMakerInternalMap$Segment;                        : loaded 2 times (x 67B)
Class com.android.tools.lint.client.api.LintClient$Companion                          : loaded 2 times (x 69B)
Class kotlin.jvm.functions.Function15                                                 : loaded 2 times (x 68B)
Class com.google.common.reflect.Types$JavaVersion$2                                   : loaded 2 times (x 81B)
Class com.google.common.reflect.Types                                                 : loaded 2 times (x 69B)
Class com.google.common.hash.PrimitiveSink                                            : loaded 2 times (x 68B)
Class org.jetbrains.kotlin.gradle.tasks.internal.KotlinJvmOptionsCompat               : loaded 2 times (x 101B)
Class org.jetbrains.kotlin.cli.common.arguments.CommonToolArguments                   : loaded 2 times (x 71B)
Class com.google.common.base.PatternCompiler                                          : loaded 2 times (x 68B)
Class org.jetbrains.kotlin.gradle.utils.FutureKt                                      : loaded 2 times (x 69B)
Class org.jetbrains.kotlin.gradle.logging.GradleLoggingUtilsKt                        : loaded 2 times (x 69B)
Class com.google.common.util.concurrent.AbstractFuture$Failure                        : loaded 2 times (x 70B)
Class com.google.common.base.Equivalence$Equals                                       : loaded 2 times (x 80B)
Class org.jetbrains.kotlin.gradle.plugin.KotlinAndroidPluginWrapper                   : loaded 2 times (x 84B)
Class [Lcom.intellij.openapi.util.io.FileAttributes$CaseSensitivity;                  : loaded 2 times (x 67B)
Class org.jetbrains.kotlin.psi.stubs.elements.KtConstantExpressionElementType         : loaded 2 times (x 98B)
Class com.google.common.cache.LocalCache$ValueIterator                                : loaded 2 times (x 84B)
Class com.intellij.openapi.vfs.VirtualFileWithAssignedFileType                        : loaded 2 times (x 68B)
Class kotlinx.coroutines.CoroutineName$Key                                            : loaded 2 times (x 69B)
Class kotlin.reflect.jvm.internal.impl.builtins.CompanionObjectMapping                : loaded 2 times (x 69B)
Class com.intellij.openapi.command.CommandEvent                                       : loaded 2 times (x 80B)
Class com.intellij.psi.PsiReferenceServiceImpl                                        : loaded 2 times (x 71B)
Class com.intellij.openapi.vfs.VirtualFileEvent                                       : loaded 2 times (x 80B)
Class com.intellij.serviceContainer.AlreadyDisposedException                          : loaded 2 times (x 80B)
Class com.intellij.util.concurrency.SynchronizedClearableLazy                         : loaded 2 times (x 73B)
Class com.android.tools.lint.checks.ViewHolderDetector$ViewAdapterVisitor             : loaded 2 times (x 125B)
Class com.android.tools.lint.checks.MergeRootFrameLayoutDetector$Companion            : loaded 2 times (x 69B)
Class com.android.tools.lint.checks.IconDetector                                      : loaded 2 times (x 177B)
Class com.android.tools.lint.checks.CutPasteDetector                                  : loaded 2 times (x 168B)
Class com.android.tools.lint.checks.ActivityIconColorDetector$Companion               : loaded 2 times (x 69B)
Class com.android.tools.lint.checks.ChildInNonViewGroupDetector$Issues                : loaded 2 times (x 69B)
Class com.android.tools.lint.detector.api.NotLibraryProject                           : loaded 2 times (x 70B)
Class com.android.tools.lint.checks.InternalInsetResourceDetector                     : loaded 2 times (x 167B)
Class kotlin.jvm.functions.Function16                                                 : loaded 2 times (x 68B)
Class [Lorg.apache.commons.io.file.DeleteOption;                                      : loaded 2 times (x 67B)
Class com.google.common.reflect.Types$JavaVersion$3                                   : loaded 2 times (x 81B)
Class com.google.common.collect.ImmutableSetMultimap                                  : loaded 2 times (x 178B)
Class com.google.common.io.CharSink                                                   : loaded 2 times (x 77B)
Class com.google.common.collect.ByFunctionOrdering                                    : loaded 2 times (x 113B)
Class org.jetbrains.kotlin.compilerRunner.GradleCompilerRunner$Companion              : loaded 2 times (x 69B)
Class [Lorg.jetbrains.kotlin.gradle.dsl.PlatformSourceSetConventionsChecker$CheckedPlatformInfo;: loaded 2 times (x 67B)
Class org.jetbrains.kotlin.gradle.plugin.diagnostics.KotlinGradleProjectCheckerContext: loaded 2 times (x 70B)
Class org.jetbrains.kotlin.gradle.plugin.diagnostics.checkers.DuplicateSourceSetChecker: loaded 2 times (x 72B)
Class org.jetbrains.kotlin.gradle.plugin.diagnostics.ToolingDiagnosticFactory         : loaded 2 times (x 71B)
Class org.jetbrains.kotlin.gradle.targets.KotlinTargetSideEffect                      : loaded 2 times (x 68B)
Class org.jetbrains.kotlin.gradle.dsl.KotlinTargetContainerWithNativeShortcuts        : loaded 2 times (x 68B)
Class org.jetbrains.kotlin.gradle.plugin.DefaultKotlinBasePlugin$setupAttributeMatchingStrategy$1$1: loaded 2 times (x 77B)
Class org.jetbrains.kotlin.statistics.metrics.NumericalMetrics$Companion              : loaded 2 times (x 69B)
Class [Lorg.jetbrains.kotlin.statistics.metrics.NumberAnonymizationPolicy;            : loaded 2 times (x 67B)
Class org.jetbrains.kotlin.statistics.metrics.NumberOverridePolicy$OVERRIDE           : loaded 2 times (x 83B)
Class org.jetbrains.kotlin.gradle.internal.properties.PropertiesBuildService$property$1: loaded 2 times (x 77B)
Class com.google.common.base.Joiner$1                                                 : loaded 2 times (x 78B)
Class org.objectweb.asm.Label                                                         : loaded 2 times (x 71B)
Class org.objectweb.asm.CurrentFrame                                                  : loaded 2 times (x 71B)
Class org.objectweb.asm.ClassTooLargeException                                        : loaded 2 times (x 81B)
Class com.google.common.collect.PeekingIterator                                       : loaded 2 times (x 68B)
Class com.intellij.util.io.UnsyncByteArrayInputStream                                 : loaded 2 times (x 91B)
Class [Lorg.jetbrains.kotlin.psi.KtStatementExpression;                               : loaded 2 times (x 67B)
Class org.jetbrains.kotlin.psi.stubs.KotlinStubWithFqName                             : loaded 2 times (x 68B)
Class [Lcom.intellij.psi.tree.TokenSet;                                               : loaded 2 times (x 67B)
Class com.intellij.psi.AbstractFileViewProvider$Content                               : loaded 2 times (x 68B)
Class com.intellij.mock.MockDumbService                                               : loaded 2 times (x 93B)
Class com.intellij.pom.java.InternalPersistentJavaLanguageLevelReaderService$DefaultImpl: loaded 2 times (x 72B)
Class org.jetbrains.kotlin.load.kotlin.KotlinBinaryClassCache$cache$1                 : loaded 2 times (x 81B)
Class com.fasterxml.aalto.in.FixedNsContext                                           : loaded 2 times (x 75B)
Class com.intellij.lexer.DelegateLexer                                                : loaded 2 times (x 82B)
Class com.intellij.psi.impl.source.tree.java.PsiFragmentImpl                          : loaded 2 times (x 625B)
Class com.intellij.util.pico.CachingConstructorInjectionComponentAdapter              : loaded 2 times (x 75B)
Class com.intellij.util.messages.MessageBusConnection                                 : loaded 2 times (x 68B)
Class org.jetbrains.kotlin.config.MavenComparableVersion$Item                         : loaded 2 times (x 68B)
Class com.intellij.openapi.util.Condition                                             : loaded 2 times (x 68B)
Class com.android.tools.lint.checks.ThreadDetector$Companion                          : loaded 2 times (x 69B)
Class com.intellij.lang.jvm.types.JvmType                                             : loaded 2 times (x 68B)
Class com.android.tools.lint.checks.SslCertificateSocketFactoryDetector               : loaded 2 times (x 167B)
Class com.android.tools.lint.checks.ResourceCycleDetector$Companion                   : loaded 2 times (x 69B)
Class com.android.tools.lint.checks.RegisterReceiverFlagDetector$Companion            : loaded 2 times (x 69B)
Class com.android.tools.lint.checks.MonochromeLauncherIconDetector$Companion          : loaded 2 times (x 69B)
Class com.android.tools.lint.checks.LayoutInflationDetector                           : loaded 2 times (x 177B)
Class com.android.tools.lint.checks.IconDetector$NotificationFinder                   : loaded 2 times (x 125B)
Class com.android.tools.lint.checks.DiscouragedDetector$Companion                     : loaded 2 times (x 69B)
Class com.android.tools.lint.checks.LocaleConfigDetector$Companion                    : loaded 2 times (x 69B)
Class com.android.tools.lint.detector.api.Detector$UastScanner                        : loaded 2 times (x 68B)
Class com.android.tools.lint.checks.AppLinksValidDetector                             : loaded 2 times (x 151B)
Class com.android.tools.lint.checks.AlwaysShowActionDetector                          : loaded 2 times (x 177B)
Class com.android.tools.lint.checks.ActionsXmlDetector$Companion                      : loaded 2 times (x 69B)
Class com.android.tools.lint.detector.api.Platform                                    : loaded 2 times (x 77B)
Class com.android.tools.lint.checks.SQLiteDetector                                    : loaded 2 times (x 167B)
Class org.jetbrains.kotlin.config.CompilerConfigurationKey                            : loaded 2 times (x 70B)
Class it.unimi.dsi.fastutil.objects.Reference2ObjectMap                               : loaded 2 times (x 68B)
Class com.intellij.util.containers.FastUtilHashingStrategies                          : loaded 2 times (x 69B)
Class com.intellij.openapi.vfs.VirtualFilePropertyEvent                               : loaded 2 times (x 83B)
Class com.intellij.psi.impl.source.CharTableImpl                                      : loaded 2 times (x 74B)
Class kotlin.jvm.functions.Function17                                                 : loaded 2 times (x 68B)
Class org.jetbrains.kotlin.cli.common.messages.MessageCollector$Companion$NONE$1      : loaded 2 times (x 74B)
Class com.google.common.reflect.Types$JavaVersion$4                                   : loaded 2 times (x 81B)
Class com.google.common.io.ByteSource$AsCharSource                                    : loaded 2 times (x 84B)
Class com.google.common.collect.MapMakerInternalMap$InternalEntryHelper               : loaded 2 times (x 68B)
Class com.google.common.collect.Table                                                 : loaded 2 times (x 68B)
Class com.google.common.collect.Maps$IteratorBasedAbstractMap                         : loaded 2 times (x 123B)
Class org.jetbrains.kotlin.gradle.tasks.configuration.AbstractKotlinCompileConfig$2$2$1: loaded 2 times (x 73B)
Class org.jetbrains.kotlin.build.report.metrics.BuildAttributes$Companion             : loaded 2 times (x 69B)
Class org.jetbrains.kotlin.gradle.tasks.KotlinCompilationTask                         : loaded 2 times (x 68B)
Class org.jetbrains.kotlin.gradle.plugin.mpp.compilationImpl.factory.KotlinCompilationImplFactory$ProcessResourcesTaskNameFactory: loaded 2 times (x 68B)
Class com.google.common.collect.RangeGwtSerializationDependencies                     : loaded 2 times (x 69B)
Class org.jetbrains.kotlin.gradle.internal.properties.PropertiesBuildService$property$2: loaded 2 times (x 77B)
Class org.jetbrains.kotlin.gradle.internal.KotlinDependenciesManagementKt             : loaded 2 times (x 69B)
Class org.jetbrains.kotlin.gradle.plugin.DefaultKotlinBasePlugin$setupAttributeMatchingStrategy$1$2: loaded 2 times (x 77B)
Class org.jetbrains.kotlin.gradle.plugin.statistics.KotlinBuildStatsLoggerService     : loaded 2 times (x 70B)
Class org.jetbrains.kotlin.gradle.plugin.internal.CustomPropertiesFileValueSource$Inject: loaded 2 times (x 111B)
Class com.google.common.base.Joiner$2                                                 : loaded 2 times (x 77B)
Class org.objectweb.asm.Frame                                                         : loaded 2 times (x 71B)
Class org.objectweb.asm.MethodVisitor                                                 : loaded 2 times (x 103B)
Class com.google.common.cache.LocalCache$EntryFactory$1                               : loaded 2 times (x 81B)
Class [Lcom.google.common.cache.RemovalListener;                                      : loaded 2 times (x 67B)
Class com.intellij.openapi.vfs.impl.ZipEntryMap                                       : loaded 2 times (x 121B)
Class [Lorg.jetbrains.kotlin.psi.KtSimpleNameStringTemplateEntry;                     : loaded 2 times (x 67B)
Class com.intellij.ide.plugins.ReadModuleContext                                      : loaded 2 times (x 68B)
Class com.intellij.psi.search.GlobalSearchScope$LazyFilesScope                        : loaded 2 times (x 106B)
Class com.intellij.psi.PsiTreeChangeEvent                                             : loaded 2 times (x 83B)
Class com.intellij.util.CachedValuesFactory                                           : loaded 2 times (x 68B)
Class kotlinx.coroutines.scheduling.TaskContextImpl                                   : loaded 2 times (x 73B)
Class com.intellij.util.graph.GraphAlgorithms                                         : loaded 2 times (x 80B)
Class com.intellij.openapi.util.text.StringUtil                                       : loaded 2 times (x 69B)
Class com.intellij.psi.impl.source.tree.LazyParseableElement                          : loaded 2 times (x 236B)
Class com.intellij.openapi.editor.impl.RangeMarkerTree                                : loaded 2 times (x 151B)
Class com.intellij.openapi.editor.event.DocumentListener                              : loaded 2 times (x 68B)
Class com.intellij.openapi.extensions.AreaInstance                                    : loaded 2 times (x 68B)
Class com.android.tools.lint.checks.WearableConfigurationActionDetector$Issues        : loaded 2 times (x 69B)
Class com.android.tools.lint.checks.RangeDetector                                     : loaded 2 times (x 167B)
Class com.android.tools.lint.checks.DiffUtilDetector$Companion                        : loaded 2 times (x 69B)
Class com.android.tools.lint.checks.AppCompatResourceDetector                         : loaded 2 times (x 151B)
Class kotlinx.coroutines.BuildersKt                                                   : loaded 2 times (x 69B)
Class kotlinx.coroutines.CoroutineContextKt$hasCopyableElements$1                     : loaded 2 times (x 76B)
Class kotlin.jvm.functions.Function18                                                 : loaded 2 times (x 68B)
Class com.google.common.reflect.Types$JavaVersion$5                                   : loaded 2 times (x 69B)
Class [Lcom.google.common.reflect.Types$ClassOwnership;                               : loaded 2 times (x 67B)
Class org.jetbrains.kotlin.gradle.plugin.mpp.InternalKotlinTargetKt$special$$inlined$extrasStoredFuture$1: loaded 2 times (x 77B)
Class org.jetbrains.kotlin.compilerRunner.UsesCompilerSystemPropertiesService         : loaded 2 times (x 68B)
Class org.jetbrains.kotlin.gradle.plugin.mpp.compilationImpl.KotlinCompilationSourceSetInclusion$Companion: loaded 2 times (x 69B)
Class com.google.common.collect.RangeSet                                              : loaded 2 times (x 68B)
Class org.jetbrains.kotlin.konan.target.KonanTarget$WATCHOS_DEVICE_ARM64              : loaded 2 times (x 76B)
Class org.jetbrains.kotlin.gradle.plugin.diagnostics.checkers.MissingNativeStdlibChecker$runChecks$1: loaded 2 times (x 86B)
Class [Lorg.jetbrains.kotlin.gradle.plugin.sources.android.AndroidVariantType;        : loaded 2 times (x 67B)
Class org.jetbrains.kotlin.gradle.plugin.sources.android.AndroidVariantType           : loaded 2 times (x 77B)
Class org.jetbrains.kotlin.gradle.plugin.mpp.KotlinTargetSoftwareComponent            : loaded 2 times (x 87B)
Class org.jetbrains.kotlin.gradle.plugin.mpp.KotlinVariant                            : loaded 2 times (x 99B)
Class org.jetbrains.kotlin.gradle.targets.native.ConfigureFrameworkExportSideEffectKt : loaded 2 times (x 69B)
Class org.jetbrains.kotlin.gradle.utils.WhenPluginEnabledKt                           : loaded 2 times (x 69B)
Class org.jetbrains.kotlin.tooling.core.ExtrasProperty                                : loaded 2 times (x 68B)
Class org.jetbrains.kotlin.gradle.plugin.VariantImplementationFactories               : loaded 2 times (x 73B)
Class com.google.common.cache.LocalCache$EntryFactory$2                               : loaded 2 times (x 81B)
Class org.gradle.api.internal.classpath.GlobalCacheRootsProvider                      : loaded 2 times (x 68B)
Class [Lcom.intellij.psi.PsiLanguageInjectionHost;                                    : loaded 2 times (x 67B)
Class com.intellij.psi.impl.source.tree.ICodeFragmentElementType                      : loaded 2 times (x 82B)
Class [Lorg.jetbrains.kotlin.psi.KtClassLikeDeclaration;                              : loaded 2 times (x 67B)
Class kotlin.reflect.KMutableProperty$Setter                                          : loaded 2 times (x 68B)
Class com.intellij.psi.controlFlow.ControlFlowFactory$1                               : loaded 2 times (x 76B)
Class com.intellij.psi.impl.source.resolve.JavaResolveCache                           : loaded 2 times (x 72B)
Class com.intellij.psi.JVMElementFactory                                              : loaded 2 times (x 68B)
Class com.intellij.testFramework.LightVirtualFile                                     : loaded 2 times (x 170B)
Class com.intellij.openapi.roots.PackageIndex                                         : loaded 2 times (x 73B)
Class com.intellij.psi.impl.smartPointers.PsiClassReferenceTypePointerFactory         : loaded 2 times (x 72B)
Class com.intellij.ide.plugins.KotlinK2ModeCompatibilityCheckerKt                     : loaded 2 times (x 69B)
Class kotlinx.coroutines.internal.SoftLimitedParallelism                              : loaded 2 times (x 68B)
Class com.intellij.psi.search.searches.ExtensibleQueryFactory                         : loaded 2 times (x 75B)
Class com.intellij.openapi.extensions.SortingException                                : loaded 2 times (x 80B)
Class com.intellij.openapi.progress.ProgressIndicator                                 : loaded 2 times (x 68B)
Class com.intellij.psi.impl.source.CharTableImpl$StringHashToCharSequencesMap         : loaded 2 times (x 220B)
Class com.intellij.psi.impl.source.tree.TreeElement                                   : loaded 2 times (x 209B)
Class com.intellij.util.KeyedLazyInstance                                             : loaded 2 times (x 68B)
Class com.intellij.util.messages.MessageBusFactory                                    : loaded 2 times (x 70B)
Class com.android.tools.lint.checks.WrongCommentTypeDetector                          : loaded 2 times (x 167B)
Class com.intellij.psi.PsiPrimitiveType                                               : loaded 2 times (x 108B)
Class org.objectweb.asm.tree.MethodInsnNode                                           : loaded 2 times (x 78B)
Class com.android.tools.lint.checks.ScrollViewChildDetector                           : loaded 2 times (x 151B)
Class com.android.tools.lint.checks.NotificationTrampolineDetector$Issues             : loaded 2 times (x 69B)
Class com.android.ide.common.gradle.Component$Companion                               : loaded 2 times (x 69B)
Class com.android.tools.lint.detector.api.Constraint                                  : loaded 2 times (x 70B)
Class com.android.tools.lint.checks.BinderGetCallingInMainThreadDetector              : loaded 2 times (x 169B)
Class kotlinx.coroutines.internal.ThreadContextKt                                     : loaded 2 times (x 69B)
Class com.intellij.psi.impl.PsiDocumentManagerBase                                    : loaded 2 times (x 134B)
Class com.intellij.psi.impl.PsiElementFactoryImpl$1                                   : loaded 2 times (x 76B)
Class com.intellij.core.CoreJavaCodeStyleManager$1CancelException                     : loaded 2 times (x 80B)
Class kotlin.jvm.functions.Function19                                                 : loaded 2 times (x 68B)
Class org.jetbrains.kotlin.tooling.core.Extras$Entry$Companion                        : loaded 2 times (x 69B)
Class com.google.common.collect.CollectCollectors                                     : loaded 2 times (x 69B)
Class org.jetbrains.kotlin.gradle.targets.js.dsl.KotlinWasmWasiTargetDsl              : loaded 2 times (x 68B)
Class org.jetbrains.kotlin.gradle.plugin.diagnostics.checkers.DisabledNativeTargetsChecker: loaded 2 times (x 72B)
Class org.jetbrains.kotlin.gradle.plugin.mpp.compilationImpl.KotlinCreateSourcesJarTaskSideEffectKt$KotlinCreateSourcesJarTaskSideEffect$1: loaded 2 times (x 72B)
Class org.jetbrains.kotlin.gradle.internal.CompilerArgumentAware                      : loaded 2 times (x 68B)
Class org.jetbrains.kotlin.gradle.utils.ReportUtilsKt                                 : loaded 2 times (x 69B)
Class org.jetbrains.kotlin.gradle.utils.StoredLazyProperty                            : loaded 2 times (x 73B)
Class org.objectweb.asm.ModuleWriter                                                  : loaded 2 times (x 80B)
Class com.google.common.cache.LocalCache$EntryFactory$3                               : loaded 2 times (x 81B)
Class com.google.common.base.Ticker$1                                                 : loaded 2 times (x 70B)
Class com.google.common.collect.ImmutableMapEntrySet$RegularEntrySet                  : loaded 2 times (x 149B)
Class org.jetbrains.kotlin.psi.KtDoubleColonExpression                                : loaded 2 times (x 68B)
Class [Lorg.jetbrains.kotlin.psi.KtFunctionType;                                      : loaded 2 times (x 67B)
Class org.jetbrains.kotlin.psi.stubs.KotlinBackingFieldStub                           : loaded 2 times (x 68B)
Class org.jetbrains.kotlin.psi.stubs.elements.KtPropertyAccessorElementType           : loaded 2 times (x 101B)
Class org.jetbrains.kotlin.cli.jvm.compiler.JavaLanguageLevelKt                       : loaded 2 times (x 69B)
Class com.intellij.psi.controlFlow.ControlFlow                                        : loaded 2 times (x 68B)
Class com.intellij.testFramework.LightVirtualFileBase                                 : loaded 2 times (x 163B)
Class com.intellij.openapi.util.Factory                                               : loaded 2 times (x 68B)
Class com.intellij.openapi.project.DumbService$Companion                              : loaded 2 times (x 69B)
Class org.jetbrains.kotlin.psi.KtEnumEntry                                            : loaded 2 times (x 1099B)
Class kotlinx.coroutines.Incomplete                                                   : loaded 2 times (x 68B)
Class com.intellij.util.graph.OutboundSemiGraph                                       : loaded 2 times (x 68B)
Class com.intellij.openapi.command.impl.CoreCommandProcessor$1                        : loaded 2 times (x 84B)
Class com.intellij.psi.stubs.ObjectStubTree                                           : loaded 2 times (x 77B)
Class com.intellij.psi.impl.source.resolve.reference.ReferenceProvidersRegistryImpl$2 : loaded 2 times (x 73B)
Class org.jetbrains.kotlin.psi.KtDynamicType                                          : loaded 2 times (x 504B)
Class [Lcom.intellij.pom.java.LanguageLevel;                                          : loaded 2 times (x 67B)
Class com.android.tools.lint.checks.RequiredFeatureDetector$Companion                 : loaded 2 times (x 69B)
Class com.android.tools.lint.checks.NfcTechListDetector                               : loaded 2 times (x 151B)
Class com.android.tools.lint.checks.LeanbackWifiUsageDetector$Companion               : loaded 2 times (x 69B)
Class com.android.tools.lint.checks.DosLineEndingDetector                             : loaded 2 times (x 151B)
Class com.android.tools.lint.checks.ChromeOsSourceDetector                            : loaded 2 times (x 167B)
Class com.android.tools.lint.checks.AlarmDetector$Issues                              : loaded 2 times (x 69B)
Class com.android.tools.lint.checks.AccessibilityViewScrollActionsDetector$Companion  : loaded 2 times (x 69B)
Class com.android.tools.lint.checks.AccessibilityForceFocusDetector$Companion         : loaded 2 times (x 69B)
Class com.android.tools.lint.checks.BuiltinIssueRegistry$Companion                    : loaded 2 times (x 69B)
Class com.android.tools.lint.detector.api.ApiConstraint$SdkApiConstraint$Companion    : loaded 2 times (x 69B)
Class org.gradle.internal.classloader.FilteringClassLoader                            : loaded 2 times (x 103B)
Class com.google.common.collect.RegularImmutableMap$KeySet                            : loaded 2 times (x 148B)
Class com.google.common.base.PairwiseEquivalence                                      : loaded 2 times (x 81B)
Class Native_plugin_loader_gradle$NativePluginLoader                                  : loaded 2 times (x 70B)
Class com.google.common.collect.CollectSpliterators$1                                 : loaded 2 times (x 88B)
Class org.jetbrains.kotlin.gradle.tasks.K2MultiplatformStructure_Decorated            : loaded 2 times (x 133B)
Class org.jetbrains.kotlin.compilerRunner.GradleCompilerRunner                        : loaded 2 times (x 71B)
Class org.jetbrains.kotlin.gradle.plugin.statistics.KotlinBuildStatisticsUtilsKt      : loaded 2 times (x 69B)
Class com.google.common.collect.SetMultimap                                           : loaded 2 times (x 68B)
Class org.jetbrains.kotlin.gradle.dsl.AndroidMainSourceSetConventionsChecker$runChecks$1: loaded 2 times (x 86B)
Class org.jetbrains.kotlin.gradle.plugin.sources.FragmentConsistencyChecks            : loaded 2 times (x 70B)
Class org.jetbrains.kotlin.gradle.plugin.mpp.InternalKotlinTargetComponent            : loaded 2 times (x 91B)
Class org.jetbrains.kotlin.gradle.targets.CreateDefaultTestRunSideEffectKt$special$$inlined$KotlinTargetSideEffect$1: loaded 2 times (x 72B)
Class org.jetbrains.kotlin.gradle.utils.ProviderApiUtilsKt                            : loaded 2 times (x 69B)
Class org.jetbrains.kotlin.gradle.internal.properties.NativePropertiesLoader$forceDisableRunningInProcess$1: loaded 2 times (x 73B)
Class org.jetbrains.kotlin.gradle.utils.PersistentCachesKt                            : loaded 2 times (x 69B)
Class org.jetbrains.kotlin.gradle.internal.tasks.TaskWithLocalState                   : loaded 2 times (x 68B)
Class org.jetbrains.kotlin.statistics.metrics.BooleanMetrics                          : loaded 2 times (x 78B)
Class org.jetbrains.kotlin.gradle.internal.properties.PropertiesBuildService$Params   : loaded 2 times (x 68B)
Class com.google.common.cache.LocalCache$EntryFactory$4                               : loaded 2 times (x 81B)
Class org.jetbrains.kotlin.psi.stubs.elements.KtAnnotationEntryElementType            : loaded 2 times (x 102B)
Class com.android.tools.lint.UastEnvironment$Module$Variant$Companion                 : loaded 2 times (x 69B)
Class com.intellij.psi.JvmPsiConversionHelper                                         : loaded 2 times (x 68B)
Class com.intellij.psi.codeStyle.JavaCodeStyleManager                                 : loaded 2 times (x 96B)
Class com.intellij.psi.PsiJavaParserFacade                                            : loaded 2 times (x 68B)
Class com.intellij.psi.SmartPointerManager                                            : loaded 2 times (x 75B)
Class com.intellij.psi.impl.source.resolve.ResolveCache                               : loaded 2 times (x 82B)
Class kotlinx.coroutines.CoroutineName                                                : loaded 2 times (x 87B)
Class org.jetbrains.kotlin.analysis.api.standalone.base.declarations.KotlinFakeClsStubsCache: loaded 2 times (x 70B)
Class com.google.common.base.Equivalence$Identity                                     : loaded 2 times (x 80B)
Class org.codehaus.stax2.ri.typed.ValueDecoderFactory$DoubleDecoder                   : loaded 2 times (x 82B)
Class kotlinx.coroutines.AbstractTimeSourceKt                                         : loaded 2 times (x 69B)
Class com.intellij.openapi.util.registry.RegistryValueListener                        : loaded 2 times (x 68B)
Class com.intellij.lang.java.lexer.JavaTypeEscapeLexer                                : loaded 2 times (x 85B)
Class com.intellij.psi.impl.source.tree.JavaASTFactory                                : loaded 2 times (x 73B)
Class com.intellij.openapi.command.impl.CoreCommandProcessor$2                        : loaded 2 times (x 74B)
Class it.unimi.dsi.fastutil.objects.Reference2ObjectFunction                          : loaded 2 times (x 68B)
Class it.unimi.dsi.fastutil.ints.AbstractInt2ObjectFunction                           : loaded 2 times (x 119B)
Class com.android.tools.lint.UastEnvironmentKt                                        : loaded 2 times (x 69B)
Class com.android.tools.lint.checks.WearSplashScreenDetector$Issues                   : loaded 2 times (x 69B)
Class com.android.tools.lint.checks.ResourceCycleDetector                             : loaded 2 times (x 152B)
Class com.android.tools.lint.checks.PreferenceActivityDetector$Companion              : loaded 2 times (x 69B)
Class com.android.tools.lint.checks.NoOpDetector                                      : loaded 2 times (x 167B)
Class com.android.tools.lint.checks.NonInternationalizedSmsDetector                   : loaded 2 times (x 167B)
Class com.android.tools.lint.checks.NetworkSecurityConfigDetector                     : loaded 2 times (x 152B)
Class com.android.tools.lint.checks.MissingClassDetector$Companion                    : loaded 2 times (x 69B)
Class com.android.tools.lint.checks.CipherGetInstanceDetector$Companion               : loaded 2 times (x 69B)
Class com.android.tools.lint.checks.CipherGetInstanceDetector                         : loaded 2 times (x 167B)
Class com.intellij.openapi.util.Iconable                                              : loaded 2 times (x 68B)
Class com.google.common.io.ByteStreams$1                                              : loaded 2 times (x 83B)
Class com.google.common.collect.ReverseOrdering                                       : loaded 2 times (x 113B)
Class org.jetbrains.kotlin.gradle.plugin.sources.KotlinDependencyScopeKt$WhenMappings : loaded 2 times (x 69B)
Class org.jetbrains.kotlin.gradle.tasks.K2MultiplatformCompilationTask                : loaded 2 times (x 68B)
Class org.jetbrains.kotlin.gradle.plugin.diagnostics.checkers.OverriddenKotlinNativeHomeChecker$StdlibExistenceCheckerValueSource$Inject: loaded 2 times (x 107B)
Class org.jetbrains.kotlin.gradle.utils.ConfigurationsKt$maybeCreateDependencyScope$1 : loaded 2 times (x 76B)
Class org.jetbrains.kotlin.gradle.plugin.sources.FragmentConsistencyChecks$languageVersionCheck$1: loaded 2 times (x 77B)
Class org.jetbrains.kotlin.gradle.plugin.mpp.DecoratedKotlinCompilation               : loaded 2 times (x 189B)
Class org.jetbrains.kotlin.gradle.plugin.diagnostics.checkers.ExperimentalTryNextUsageChecker: loaded 2 times (x 72B)
Class [Lorg.jetbrains.kotlin.gradle.plugin.diagnostics.ToolingDiagnostic$Severity;    : loaded 2 times (x 67B)
Class [Lorg.jetbrains.kotlin.gradle.plugin.KotlinPlatformType;                        : loaded 2 times (x 67B)
Class org.jetbrains.kotlin.gradle.plugin.statistics.UsesBuildFusService               : loaded 2 times (x 68B)
Class org.jetbrains.kotlin.gradle.plugin.statistics.old.Pre232IdeaKotlinBuildStatsBeanService: loaded 2 times (x 93B)
Class org.jetbrains.kotlin.statistics.metrics.NumberOverridePolicy$AVERAGE            : loaded 2 times (x 83B)
Class org.jetbrains.kotlin.gradle.plugin.VariantImplementationFactories$Parameters$Inject: loaded 2 times (x 104B)
Class com.google.common.cache.LocalCache$EntryFactory$5                               : loaded 2 times (x 81B)
Class org.jetbrains.kotlin.psi.stubs.KotlinPlaceHolderStub                            : loaded 2 times (x 68B)
Class org.jetbrains.kotlin.psi.stubs.KotlinCallableStubBase                           : loaded 2 times (x 68B)
Class com.intellij.extapi.psi.PsiFileBase                                             : loaded 2 times (x 724B)
Class com.intellij.util.containers.ConcurrentWeakKeySoftValueHashMap$SoftValue        : loaded 2 times (x 85B)
Class org.jetbrains.kotlin.gradle.plugin.KotlinGradleBuildServices$Inject             : loaded 2 times (x 98B)
Class com.fasterxml.aalto.in.PNameN                                                   : loaded 2 times (x 82B)
Class com.fasterxml.aalto.in.Utf32Reader                                              : loaded 2 times (x 93B)
Class com.intellij.psi.PsiRecursiveVisitor                                            : loaded 2 times (x 68B)
Class com.intellij.openapi.extensions.LoadingOrder$Orderable                          : loaded 2 times (x 68B)
Class com.intellij.psi.impl.source.javadoc.PsiDocTokenImpl                            : loaded 2 times (x 394B)
Class com.intellij.openapi.diagnostic.RuntimeExceptionWithAttachments                 : loaded 2 times (x 85B)
Class com.intellij.psi.tree.ILazyParseableElementType                                 : loaded 2 times (x 82B)
Class com.intellij.openapi.util.TextRange                                             : loaded 2 times (x 94B)
Class com.android.tools.lint.detector.api.LintModelModuleProjectKt                    : loaded 2 times (x 69B)
Class com.android.tools.lint.checks.WebViewDetector                                   : loaded 2 times (x 151B)
Class com.android.tools.lint.checks.LeakDetector                                      : loaded 2 times (x 167B)
Class com.android.tools.lint.checks.AppCompatCallDetector                             : loaded 2 times (x 167B)
Class com.android.tools.lint.checks.AnnotationDetector                                : loaded 2 times (x 168B)
Class com.android.tools.lint.checks.AddJavascriptInterfaceDetector                    : loaded 2 times (x 167B)
Class org.jetbrains.kotlin.gradle.utils.Completable$await$1                           : loaded 2 times (x 86B)
Class org.jetbrains.kotlin.compilerRunner.CompilerSystemPropertiesService$Companion   : loaded 2 times (x 69B)
Class build_8noy3lfegld2r0s3xeebtlwum$_run_closure1                                   : loaded 2 times (x 137B)
Class org.apache.commons.io.output.AppendableWriter                                   : loaded 2 times (x 98B)
Class com.google.common.collect.HashMultimap                                          : loaded 2 times (x 172B)
Class org.jetbrains.kotlin.gradle.plugin.mpp.MppSourcesJarKt$sourcesJarTaskNamed$result$1: loaded 2 times (x 77B)
Class org.jetbrains.kotlin.gradle.tasks.configuration.BaseKotlinCompileConfig$1       : loaded 2 times (x 77B)
Class org.jetbrains.kotlin.gradle.plugin.UsesBuildFinishedListenerService             : loaded 2 times (x 68B)
Class org.jetbrains.kotlin.gradle.plugin.mpp.compilationImpl.factory.ConfigurationNaming$Default: loaded 2 times (x 73B)
Class org.jetbrains.kotlin.gradle.plugin.mpp.compilationImpl.KotlinCompilationSourceSetInclusion: loaded 2 times (x 70B)
Class org.jetbrains.kotlin.gradle.targets.jvm.KotlinJvmTarget                         : loaded 2 times (x 170B)
Class org.jetbrains.kotlin.gradle.targets.js.dsl.KotlinWasmJsTargetDsl                : loaded 2 times (x 68B)
Class org.jetbrains.kotlin.gradle.plugin.diagnostics.checkers.DisabledNativeTargetsChecker$runChecks$1: loaded 2 times (x 86B)
Class org.jetbrains.kotlin.gradle.plugin.KotlinPluginLifecycleImpl$await$2$1          : loaded 2 times (x 77B)
Class org.jetbrains.kotlin.gradle.plugin.sources.DefaultLanguageSettingsBuilder       : loaded 2 times (x 98B)
Class org.jetbrains.kotlin.gradle.plugin.sources.FragmentConsistencyChecks$languageVersionCheck$2: loaded 2 times (x 76B)
Class org.jetbrains.kotlin.gradle.targets.CreateTargetConfigurationsSideEffectKt$CreateTargetConfigurationsSideEffect$1: loaded 2 times (x 72B)
Class org.jetbrains.kotlin.gradle.dsl.KotlinTargetContainerWithPresetFunctions        : loaded 2 times (x 68B)
Class org.jetbrains.kotlin.gradle.utils.GradleConfigurationUtilsKt                    : loaded 2 times (x 69B)
Class org.jetbrains.kotlin.gradle.plugin.StatisticsBuildFlowManager$subscribeForBuildResult$1: loaded 2 times (x 73B)
Class org.jetbrains.kotlin.gradle.plugin.internal.CustomPropertiesFileValueSource$Parameters: loaded 2 times (x 68B)
Class com.google.common.cache.LocalCache$EntryFactory$6                               : loaded 2 times (x 81B)
Class org.gradle.internal.installation.CurrentGradleInstallationLocator               : loaded 2 times (x 69B)
Class com.intellij.util.text.CharSequenceReader                                       : loaded 2 times (x 91B)
Class org.jetbrains.kotlin.analysis.project.structure.builder.KtSourceModuleBuilder   : loaded 2 times (x 71B)
Class [Lorg.jetbrains.kotlin.psi.KtCollectionLiteralExpression;                       : loaded 2 times (x 67B)
Class [Lorg.jetbrains.kotlin.psi.KtValueArgumentName;                                 : loaded 2 times (x 67B)
Class [Lorg.jetbrains.kotlin.psi.KtIntersectionType;                                  : loaded 2 times (x 67B)
Class org.jetbrains.kotlin.psi.stubs.KotlinAnnotationUseSiteTargetStub                : loaded 2 times (x 68B)
Class org.jetbrains.kotlin.psi.stubs.elements.KtParameterElementType                  : loaded 2 times (x 102B)
Class org.jetbrains.kotlin.psi.stubs.elements.KtModifierListElementType               : loaded 2 times (x 101B)
Class org.jetbrains.kotlin.cli.jvm.compiler.KotlinCliJavaFileManagerImpl$Companion    : loaded 2 times (x 69B)
Class org.jetbrains.kotlin.analysis.decompiler.psi.BuiltinsVirtualFileProvider        : loaded 2 times (x 71B)
Class kotlinx.coroutines.internal.OpDescriptor                                        : loaded 2 times (x 71B)
Class kotlinx.coroutines.Empty                                                        : loaded 2 times (x 73B)
Class com.intellij.psi.util.MethodSignature                                           : loaded 2 times (x 68B)
Class com.intellij.openapi.fileTypes.PlainTextParserDefinition$1                      : loaded 2 times (x 82B)
Class com.intellij.psi.PsiWhiteSpace                                                  : loaded 2 times (x 68B)
Class com.intellij.util.messages.impl.MessageBusConnectionImpl                        : loaded 2 times (x 96B)
Class com.intellij.openapi.vfs.impl.VirtualFileManagerImpl                            : loaded 2 times (x 104B)
Class com.intellij.openapi.vfs.VirtualFileManager                                     : loaded 2 times (x 93B)
Class it.unimi.dsi.fastutil.ints.Int2IntFunction                                      : loaded 2 times (x 68B)
Class com.intellij.util.pico.DefaultPicoContainer$InstanceComponentAdapter            : loaded 2 times (x 75B)
Class com.intellij.openapi.util.text.CharSequenceWithStringHash                       : loaded 2 times (x 68B)
Class com.intellij.util.containers.ConcurrentRefHashMap$1                             : loaded 2 times (x 75B)
Class com.android.tools.lint.detector.api.LintModelModuleProject$getGeneratedSourceFolders$1: loaded 2 times (x 76B)
Class com.android.tools.lint.LintCliClient$analyzeOnly$1                              : loaded 2 times (x 77B)
Class com.android.tools.lint.checks.WrongLocationDetector$Issues                      : loaded 2 times (x 69B)
Class com.android.tools.lint.checks.TypoDetector                                      : loaded 2 times (x 152B)
Class com.intellij.psi.PsiMethod                                                      : loaded 2 times (x 68B)
Class com.android.tools.lint.checks.CredentialManagerMisuseDetector                   : loaded 2 times (x 167B)
Class com.intellij.pom.PomTarget                                                      : loaded 2 times (x 68B)
Class com.google.common.io.LineReader                                                 : loaded 2 times (x 70B)
Class com.android.tools.lint.checks.AccessibilityWindowStateChangedDetector$Companion : loaded 2 times (x 69B)
Class com.intellij.psi.PsiJavaDocumentedElement                                       : loaded 2 times (x 68B)
Class com.android.tools.lint.checks.DeprecatedSinceApiDetector                        : loaded 2 times (x 167B)
Class org.apache.commons.io.output.ThresholdingOutputStream                           : loaded 2 times (x 93B)
Class com.google.common.collect.ImmutableMultimap$Builder                             : loaded 2 times (x 81B)
Class com.google.common.io.ByteSource$SlicedByteSource                                : loaded 2 times (x 83B)
Class org.jetbrains.kotlin.gradle.tasks.DefaultKotlinJavaToolchain$getToolsJarFromJvm$1: loaded 2 times (x 73B)
Class org.jetbrains.kotlin.build.report.metrics.GcMetrics                             : loaded 2 times (x 70B)
Class org.jetbrains.kotlin.gradle.plugin.diagnostics.UsesKotlinToolingDiagnosticsKt   : loaded 2 times (x 69B)
Class org.jetbrains.kotlin.gradle.tasks.configuration.BaseKotlinCompileConfig$2       : loaded 2 times (x 77B)
Class org.jetbrains.kotlin.gradle.plugin.BuildFinishedListenerService$Companion$registerIfAbsent$2$1$1: loaded 2 times (x 73B)
Class com.google.common.collect.Maps$KeySet                                           : loaded 2 times (x 135B)
Class org.jetbrains.kotlin.konan.target.KonanTarget$IOS_X64                           : loaded 2 times (x 76B)
Class org.jetbrains.kotlin.gradle.plugin.mpp.InternalKotlinCompilation                : loaded 2 times (x 68B)
Class org.jetbrains.kotlin.gradle.utils.WhenEvaluatedKt                               : loaded 2 times (x 69B)
Class org.jetbrains.kotlin.gradle.targets.native.internal.AddKotlinPlatformIntegersSupportLibraryKt: loaded 2 times (x 69B)
Class org.jetbrains.kotlin.gradle.plugin.AbstractKotlinJsPluginWrapper                : loaded 2 times (x 84B)
Class org.jetbrains.kotlin.gradle.plugin.KotlinPluginWrapperKt                        : loaded 2 times (x 69B)
Class com.google.common.cache.LocalCache$EntryFactory$7                               : loaded 2 times (x 81B)
Class org.gradle.internal.service.DefaultServiceLocator                               : loaded 2 times (x 81B)
Class com.intellij.psi.PsiJavaFile                                                    : loaded 2 times (x 68B)
Class [Lorg.jetbrains.kotlin.psi.KtNameReferenceExpression;                           : loaded 2 times (x 67B)
Class org.jetbrains.kotlin.psi.KtSecondaryConstructor                                 : loaded 2 times (x 1272B)
Class [Lorg.jetbrains.kotlin.psi.KtTypeParameterListOwner;                            : loaded 2 times (x 67B)
Class com.android.tools.lint.checks.WakelockDetector$Companion                        : loaded 2 times (x 69B)
Class com.android.tools.lint.checks.WearRecentsDetector                               : loaded 2 times (x 176B)
Class com.intellij.lang.jvm.facade.JvmFacade                                          : loaded 2 times (x 68B)
Class com.intellij.psi.impl.smartPointers.SmartPointerManagerImpl                     : loaded 2 times (x 79B)
Class com.intellij.openapi.vfs.VirtualFileSet                                         : loaded 2 times (x 68B)
Class org.jetbrains.kotlin.psi.stubs.elements.KtFileElementType                       : loaded 2 times (x 109B)
Class com.intellij.ide.plugins.EssentialPluginMissingException                        : loaded 2 times (x 80B)
Class com.intellij.ide.plugins.RawPluginDescriptor                                    : loaded 2 times (x 70B)
Class com.intellij.util.containers.ContainerUtil$ImmutableListBackedByList            : loaded 2 times (x 197B)
Class com.intellij.lang.ASTFactory                                                    : loaded 2 times (x 72B)
Class com.intellij.openapi.extensions.ExtensionPointName$Companion                    : loaded 2 times (x 69B)
Class org.jetbrains.kotlin.cli.jvm.compiler.KotlinCoreApplicationEnvironmentMode$Production: loaded 2 times (x 69B)
Class com.intellij.util.messages.MessageBusOwner                                      : loaded 2 times (x 68B)
Class com.android.tools.lint.client.api.LintDriver$Companion                          : loaded 2 times (x 69B)
Class com.android.tools.lint.LintCliClient$analyzeOnly$2                              : loaded 2 times (x 77B)
Class com.android.tools.lint.checks.ToastDetector                                     : loaded 2 times (x 167B)
Class [Lcom.intellij.lang.jvm.types.JvmPrimitiveType;                                 : loaded 2 times (x 67B)
Class com.android.tools.lint.checks.PrivateApiDetector$Issues                         : loaded 2 times (x 69B)
Class com.android.tools.lint.checks.PluralsDetector$Companion                         : loaded 2 times (x 69B)
Class org.jetbrains.kotlin.name.FqName$Companion                                      : loaded 2 times (x 69B)
Class com.intellij.openapi.editor.ex.DocumentEx                                       : loaded 2 times (x 68B)
Class com.android.tools.lint.checks.ExtraTextDetector$Issues                          : loaded 2 times (x 69B)
Class com.android.tools.lint.checks.DataBindingDetector$Companion                     : loaded 2 times (x 69B)
Class com.android.tools.lint.checks.CanvasSizeDetector$Companion                      : loaded 2 times (x 69B)
Class com.android.tools.lint.checks.BatteryDetector$Issues                            : loaded 2 times (x 69B)
Class com.intellij.psi.PsiMember                                                      : loaded 2 times (x 68B)
Class com.google.common.collect.ImmutableMultimap$EntryCollection                     : loaded 2 times (x 125B)
Class com.google.common.collect.Maps$EntrySet                                         : loaded 2 times (x 134B)
Class org.jetbrains.kotlin.gradle.tasks.KotlinCompile$scriptExtensions$1              : loaded 2 times (x 77B)
Class org.jetbrains.kotlin.gradle.tasks.K2MultiplatformStructure$Fragment             : loaded 2 times (x 70B)
Class org.jetbrains.kotlin.compilerRunner.CompilerSystemPropertiesService$Companion$registerIfAbsent$1: loaded 2 times (x 73B)
Class org.jetbrains.kotlin.util.capitalizeDecapitalize.CapitalizeDecapitalizeKt       : loaded 2 times (x 69B)
Class org.jetbrains.kotlin.gradle.plugin.diagnostics.checkers.WasmJsEnvironmentChecker: loaded 2 times (x 74B)
Class org.jetbrains.kotlin.gradle.plugin.diagnostics.checkers.AndroidPluginWithoutAndroidTargetChecker: loaded 2 times (x 72B)
Class org.jetbrains.kotlin.statistics.metrics.NumberOverridePolicy                    : loaded 2 times (x 83B)
Class org.jetbrains.kotlin.statistics.metrics.StringAnonymizationPolicy$AllowedListAnonymizer$Companion: loaded 2 times (x 69B)
Class org.jetbrains.kotlin.gradle.plugin.internal.DefaultProjectIsolationStartParameterAccessor_Decorated: loaded 2 times (x 123B)
Class org.jetbrains.kotlin.gradle.plugin.internal.ProjectIsolationStartParameterAccessorKt: loaded 2 times (x 69B)
Class org.jetbrains.kotlin.gradle.testing.internal.KotlinTestsRegistry                : loaded 2 times (x 70B)
Class com.google.common.cache.LocalCache$EntryFactory$8                               : loaded 2 times (x 81B)
Class org.gradle.internal.installation.CurrentGradleInstallation                      : loaded 2 times (x 71B)
Class [Lorg.jetbrains.kotlin.psi.KtFunctionTypeReceiver;                              : loaded 2 times (x 67B)
Class org.jetbrains.kotlin.psi.KtNullableType                                         : loaded 2 times (x 508B)
Class org.jetbrains.kotlin.psi.stubs.KotlinTypeAliasStub                              : loaded 2 times (x 68B)
Class [Lorg.jetbrains.kotlin.psi.KtProperty;                                          : loaded 2 times (x 67B)
Class [Lcom.intellij.psi.impl.PsiElementBase;                                         : loaded 2 times (x 67B)
Class com.intellij.openapi.vfs.limits.FileSizeLimit$Companion                         : loaded 2 times (x 69B)
Class com.android.tools.lint.detector.api.GraphUtils                                  : loaded 2 times (x 69B)
Class com.intellij.openapi.vfs.impl.VirtualFileManagerImpl$LoggingListener            : loaded 2 times (x 91B)
Class com.intellij.openapi.util.RecursionManager                                      : loaded 2 times (x 69B)
Class kotlinx.coroutines.scheduling.Task                                              : loaded 2 times (x 74B)
Class com.intellij.openapi.extensions.LoadingOrder                                    : loaded 2 times (x 70B)
Class kotlinx.coroutines.BlockingCoroutine                                            : loaded 2 times (x 142B)
Class [Lcom.intellij.openapi.util.ModificationTracker;                                : loaded 2 times (x 67B)
Class com.intellij.platform.diagnostic.telemetry.IJNoopTracer                         : loaded 2 times (x 75B)
Class it.unimi.dsi.fastutil.ints.Int2IntMap                                           : loaded 2 times (x 68B)
Class com.intellij.openapi.vfs.impl.ArchiveHandler                                    : loaded 2 times (x 82B)
Class com.android.tools.lint.LintCliClient$pickBuildTarget$1                          : loaded 2 times (x 76B)
Class com.android.tools.lint.client.api.LintDriver$LintClientWrapper                  : loaded 2 times (x 154B)
Class [Lcom.intellij.psi.PsiPrimitiveType;                                            : loaded 2 times (x 67B)
Class com.android.tools.lint.checks.SecureRandomDetector                              : loaded 2 times (x 167B)
Class com.android.tools.lint.checks.RestrictedEnvironmentBlockedCallDetector          : loaded 2 times (x 168B)
Class com.android.tools.lint.checks.RequiresFeatureDetector$Companion                 : loaded 2 times (x 69B)
Class com.android.tools.lint.checks.MissingResourcesPropertiesDetector$Companion      : loaded 2 times (x 69B)
Class com.android.tools.lint.checks.MissingPrefixDetector$Issues                      : loaded 2 times (x 69B)
Class com.android.tools.lint.checks.LogDetector$Issues                                : loaded 2 times (x 69B)
Class com.android.tools.lint.checks.BuildListDetector                                 : loaded 2 times (x 167B)
Class com.android.tools.lint.detector.api.BinaryResourceScanner                       : loaded 2 times (x 68B)
Class com.intellij.psi.JavaDirectoryService                                           : loaded 2 times (x 83B)
Class kotlinx.coroutines.internal.ResizableAtomicArray                                : loaded 2 times (x 70B)
Class kotlin.jvm.internal.Ref$BooleanRef                                              : loaded 2 times (x 69B)
Class com.google.common.collect.ForwardingObject                                      : loaded 2 times (x 70B)
Class org.jetbrains.kotlin.gradle.tasks.KotlinCompilerExecutionStrategy               : loaded 2 times (x 77B)
Class org.jetbrains.kotlin.gradle.plugin.mpp.InternalKotlinCompilationKt$awaitAllKotlinSourceSets$1: loaded 2 times (x 86B)
Class org.jetbrains.kotlin.gradle.plugin.statistics.FusMetrics                        : loaded 2 times (x 68B)
Class org.jetbrains.kotlin.gradle.plugin.sources.DefaultKotlinSourceSet$special$$inlined$Iterable$1: loaded 2 times (x 77B)
Class org.jetbrains.kotlin.gradle.plugin.mpp.compilationImpl.factory.KotlinCompilationImplFactory$KotlinCompilerOptionsFactory$Options: loaded 2 times (x 70B)
Class org.jetbrains.kotlin.gradle.plugin.KotlinCompilation                            : loaded 2 times (x 68B)
Class org.jetbrains.kotlin.gradle.plugin.KotlinTargetConfiguratorKt                   : loaded 2 times (x 69B)
Class org.jetbrains.kotlin.tooling.core.Extras$Type$Companion                         : loaded 2 times (x 69B)
Class com.google.common.cache.CacheLoader$1                                           : loaded 2 times (x 73B)
Class com.google.common.collect.ImmutableList$SubList                                 : loaded 2 times (x 206B)
Class org.gradle.util.internal.GUtil                                                  : loaded 2 times (x 69B)
Class com.intellij.util.Processor                                                     : loaded 2 times (x 68B)
Class org.jetbrains.kotlin.psi.KtModifierListOwnerStub                                : loaded 2 times (x 579B)
Class org.jetbrains.kotlin.psi.KtFile                                                 : loaded 2 times (x 941B)
Class com.fasterxml.aalto.in.XmlScanner                                               : loaded 2 times (x 135B)
Class org.jetbrains.kotlin.platform.TargetPlatformVersion                             : loaded 2 times (x 68B)
Class org.codehaus.stax2.typed.TypedXMLStreamReader                                   : loaded 2 times (x 68B)
Class com.intellij.psi.impl.source.PsiFileWithStubSupport                             : loaded 2 times (x 68B)
Class kotlinx.coroutines.internal.LockFreeTaskQueue                                   : loaded 2 times (x 70B)
Class kotlinx.coroutines.scheduling.DefaultScheduler                                  : loaded 2 times (x 110B)
Class kotlinx.coroutines.Dispatchers                                                  : loaded 2 times (x 69B)
Class com.intellij.openapi.vfs.encoding.EncodingRegistry                              : loaded 2 times (x 76B)
Class com.intellij.openapi.extensions.PluginId                                        : loaded 2 times (x 73B)
Class com.intellij.util.ObjectUtils                                                   : loaded 2 times (x 69B)
Class com.intellij.util.containers.IntObjectMap                                       : loaded 2 times (x 68B)
Class com.android.tools.lint.LintCliClient$pickBuildTarget$2                          : loaded 2 times (x 76B)
Class com.android.tools.lint.checks.ViewTypeDetector                                  : loaded 2 times (x 178B)
Class com.android.tools.lint.checks.PermissionDetector                                : loaded 2 times (x 168B)
Class com.android.tools.lint.checks.ForegroundServiceTypesDetector$Companion          : loaded 2 times (x 69B)
Class com.android.tools.lint.checks.DiffUtilDetector                                  : loaded 2 times (x 167B)
Class com.android.tools.lint.client.api.UElementHandler                               : loaded 2 times (x 124B)
Class com.android.tools.lint.detector.api.Intervals$Span                              : loaded 2 times (x 82B)
Class com.intellij.psi.util.JavaClassSupers                                           : loaded 2 times (x 71B)
Class com.intellij.psi.search.impl.VirtualFileEnumerationAware                        : loaded 2 times (x 68B)
Class com.intellij.openapi.util.RecursionManager$CalculationStack                     : loaded 2 times (x 70B)
Class org.jetbrains.kotlin.gradle.plugin.mpp.InternalKotlinTargetKt$isSourcesPublishableFuture$2: loaded 2 times (x 93B)
Class org.jetbrains.kotlin.gradle.plugin.mpp.KotlinCompilationFactory                 : loaded 2 times (x 68B)
Class org.jetbrains.kotlin.gradle.dsl.IosSourceSetConventionChecker$runChecks$1       : loaded 2 times (x 86B)
Class org.jetbrains.kotlin.gradle.plugin.mpp.AbstractKotlinCompilation                : loaded 2 times (x 189B)
Class org.jetbrains.kotlin.gradle.plugin.diagnostics.checkers.UnusedSourceSetsChecker : loaded 2 times (x 72B)
Class org.jetbrains.kotlin.gradle.utils.Future                                        : loaded 2 times (x 68B)
Class org.jetbrains.kotlin.gradle.plugin.BuildFinishFlowAction$Parameters             : loaded 2 times (x 68B)
Class org.jetbrains.kotlin.gradle.plugin.statistics.KotlinBuildStatsConfiguration$Companion: loaded 2 times (x 69B)
Class com.google.common.util.concurrent.AbstractFuture$SetFuture                      : loaded 2 times (x 73B)
Class com.google.common.cache.AbstractCache$StatsCounter                              : loaded 2 times (x 68B)
Class [Lorg.jetbrains.kotlin.psi.KtStringTemplateExpression;                          : loaded 2 times (x 67B)
Class org.jetbrains.kotlin.psi.KtTypeCodeFragmentType                                 : loaded 2 times (x 82B)
Class org.jetbrains.kotlin.psi.KtNamedFunction                                        : loaded 2 times (x 1341B)
Class org.jetbrains.kotlin.psi.KtNamedDeclaration                                     : loaded 2 times (x 68B)
Class kotlin.collections.GroupingKt__GroupingJVMKt                                    : loaded 2 times (x 69B)
Class com.intellij.util.xml.dom.XmlElementBuilder                                     : loaded 2 times (x 70B)
Class com.intellij.psi.impl.source.BasicJavaDummyElement                              : loaded 2 times (x 283B)
Class com.intellij.psi.controlFlow.ControlFlowFactory                                 : loaded 2 times (x 73B)
Class kotlinx.coroutines.intrinsics.CancellableKt                                     : loaded 2 times (x 69B)
Class com.intellij.navigation.ItemPresentation                                        : loaded 2 times (x 68B)
Class com.intellij.openapi.extensions.impl.ExtensionComponentAdapter                  : loaded 2 times (x 78B)
Class com.intellij.lexer.MergingLexerAdapterBase                                      : loaded 2 times (x 85B)
Class com.intellij.psi.PsiKeyword                                                     : loaded 2 times (x 68B)
Class com.intellij.util.ConcurrentLongObjectHashMap$CollectionView                    : loaded 2 times (x 110B)
Class com.intellij.util.messages.SimpleMessageBusConnection                           : loaded 2 times (x 68B)
Class kotlinx.collections.immutable.PersistentCollection                              : loaded 2 times (x 68B)
Class com.intellij.openapi.vfs.local.CoreLocalVirtualFile                             : loaded 2 times (x 154B)
Class org.jetbrains.kotlin.psi.stubs.elements.KtImportDirectiveElementType            : loaded 2 times (x 101B)
Class com.android.tools.lint.checks.UnusedResourceDetector$Companion                  : loaded 2 times (x 69B)
Class com.android.tools.lint.checks.TileServiceActivityDetector                       : loaded 2 times (x 167B)
Class com.android.tools.lint.checks.ScrollViewChildDetector$Companion                 : loaded 2 times (x 69B)
Class com.android.tools.lint.checks.NonConstantResourceIdDetector                     : loaded 2 times (x 167B)
Class org.jetbrains.kotlin.psi.stubs.KotlinImportAliasStub                            : loaded 2 times (x 68B)
Class com.android.tools.lint.checks.NestedScrollingWidgetDetector                     : loaded 2 times (x 151B)
Class org.jetbrains.kotlin.psi.stubs.KotlinEnumEntrySuperclassReferenceExpressionStub : loaded 2 times (x 68B)
Class org.jetbrains.kotlin.psi.KtLiteralStringTemplateEntry                           : loaded 2 times (x 442B)
Class [Lorg.jetbrains.kotlin.psi.KtLiteralStringTemplateEntry;                        : loaded 2 times (x 67B)
Class com.android.tools.lint.Main                                                     : loaded 2 times (x 73B)
Class kotlin.reflect.jvm.internal.RuntimeTypeMapper                                   : loaded 2 times (x 69B)
Class com.google.common.reflect.Types$TypeVariableImpl                                : loaded 2 times (x 70B)
Class com.google.common.io.LineBuffer                                                 : loaded 2 times (x 73B)
Class com.google.common.collect.MapMakerInternalMap$1                                 : loaded 2 times (x 81B)
Class org.jetbrains.kotlin.gradle.plugin.mpp.KotlinTargetSoftwareComponentImplKt      : loaded 2 times (x 69B)
Class org.jetbrains.kotlin.gradle.targets.js.dsl.KotlinJsSubTargetContainerDsl        : loaded 2 times (x 68B)
Class org.jetbrains.kotlin.tooling.core.MutableExtrasImpl$Companion                   : loaded 2 times (x 69B)
Class org.jetbrains.kotlin.gradle.plugin.KotlinGradleBuildServices$Companion$registerIfAbsent$1: loaded 2 times (x 73B)
Class org.jetbrains.kotlin.statistics.fileloggers.MetricsContainer                    : loaded 2 times (x 75B)
Class org.jetbrains.kotlin.gradle.plugin.internal.ProjectIsolationStartParameterAccessor: loaded 2 times (x 68B)
Class org.jetbrains.kotlin.gradle.utils.StoredProperty                                : loaded 2 times (x 68B)
Class com.google.common.collect.Iterators$MergingIterator                             : loaded 2 times (x 79B)
Class org.gradle.internal.installation.GradleInstallation                             : loaded 2 times (x 73B)
Class [Lcom.intellij.util.containers.LinkedCustomHashMap$Entry;                       : loaded 2 times (x 67B)
Class org.jetbrains.kotlin.psi.KtBlockStringTemplateEntry                             : loaded 2 times (x 442B)
Class org.jetbrains.kotlin.psi.stubs.KotlinClassLiteralExpressionStub                 : loaded 2 times (x 68B)
Class com.intellij.util.CachedValueBase                                               : loaded 2 times (x 84B)
Class com.fasterxml.aalto.in.ReaderConfig                                             : loaded 2 times (x 76B)
Class kotlinx.coroutines.internal.ThreadContextKt$updateState$1                       : loaded 2 times (x 76B)
Class com.intellij.psi.codeStyle.JavaFileCodeStyleFacadeFactory                       : loaded 2 times (x 68B)
Class com.intellij.psi.stubs.StubOutputStream                                         : loaded 2 times (x 106B)
Class com.intellij.psi.javadoc.PsiSnippetAttributeValue                               : loaded 2 times (x 68B)
Class io.opentelemetry.api.trace.DefaultTracer                                        : loaded 2 times (x 72B)
Class com.intellij.openapi.editor.impl.event.DocumentEventImpl                        : loaded 2 times (x 86B)
Class com.intellij.util.pico.DefaultPicoContainer$LinkedHashSetWrapper                : loaded 2 times (x 70B)
Class com.android.tools.lint.checks.UnsafeIntentLaunchDetector$Companion              : loaded 2 times (x 69B)
Class com.android.tools.lint.checks.LintDetectorDetector$Companion                    : loaded 2 times (x 69B)
Class com.intellij.lang.jvm.JvmTypeDeclaration                                        : loaded 2 times (x 68B)
Class com.android.tools.lint.detector.api.ResourceFolderScanner                       : loaded 2 times (x 68B)
Class com.android.tools.lint.detector.api.Category$Companion                          : loaded 2 times (x 69B)
Class [Lcom.android.utils.StdLogger$Level;                                            : loaded 2 times (x 67B)
Class com.intellij.util.CachedValueBase$Data                                          : loaded 2 times (x 79B)
Class org.jetbrains.kotlin.analysis.project.structure.builder.KtModuleBuilder         : loaded 2 times (x 71B)
Class com.android.tools.lint.detector.api.LintModelModuleJavaLibraryProject           : loaded 2 times (x 154B)
Class kotlin.reflect.jvm.internal.impl.builtins.PrimitiveType$$Lambda$0               : loaded 2 times (x 74B)
Class com.google.common.collect.ForwardingCollection                                  : loaded 2 times (x 128B)
Class com.google.common.collect.LexicographicalOrdering                               : loaded 2 times (x 113B)
Class org.jetbrains.kotlin.gradle.dsl.KotlinJvmCompile$DefaultImpls                   : loaded 2 times (x 69B)
Class com.google.common.collect.ElementTypesAreNonnullByDefault                       : loaded 2 times (x 68B)
Class org.jetbrains.kotlin.gradle.plugin.mpp.compilationImpl.factory.KotlinCompilationImplFactory$create$1: loaded 2 times (x 73B)
Class org.jetbrains.kotlin.gradle.tasks.KotlinJavaToolchain                           : loaded 2 times (x 68B)
Class org.jetbrains.kotlin.gradle.plugin.BuildFinishFlowAction                        : loaded 2 times (x 72B)
Class org.jetbrains.kotlin.statistics.metrics.BooleanMetrics$Companion                : loaded 2 times (x 69B)
Class org.jetbrains.kotlin.gradle.plugin.internal.CompatibilityConventionRegistrar    : loaded 2 times (x 68B)
Class com.google.common.collect.Iterables                                             : loaded 2 times (x 69B)
Class com.intellij.psi.util.CachedValueProvider$Result                                : loaded 2 times (x 70B)
Class com.intellij.psi.PsiClassOwner                                                  : loaded 2 times (x 68B)
Class com.intellij.psi.PsiInferenceHelper                                             : loaded 2 times (x 68B)
Class com.fasterxml.aalto.util.NameTable                                              : loaded 2 times (x 71B)
Class kotlinx.coroutines.JobSupportKt                                                 : loaded 2 times (x 69B)
Class kotlinx.coroutines.ExecutorCoroutineDispatcher$Key                              : loaded 2 times (x 70B)
Class com.intellij.ide.plugins.PluginXmlPathResolver$Companion                        : loaded 2 times (x 69B)
Class com.intellij.ide.plugins.PluginXmlPathResolver                                  : loaded 2 times (x 77B)
Class com.intellij.psi.search.searches.SuperMethodsSearch                             : loaded 2 times (x 75B)
Class com.intellij.lang.jvm.JvmParameter                                              : loaded 2 times (x 68B)
Class com.intellij.psi.presentation.java.FieldPresentationProvider                    : loaded 2 times (x 72B)
Class com.intellij.openapi.vfs.impl.ZipHandlerBase$InputStreamWrapper                 : loaded 2 times (x 90B)
Class com.intellij.psi.stubs.StubElement                                              : loaded 2 times (x 68B)
Class com.intellij.ide.highlighter.JavaFileType                                       : loaded 2 times (x 94B)
Class com.intellij.lang.MetaLanguage                                                  : loaded 2 times (x 107B)
Class com.intellij.util.EventDispatcher                                               : loaded 2 times (x 70B)
Class com.android.tools.lint.checks.WearPasswordInputDetector$Issues                  : loaded 2 times (x 69B)
Class com.android.tools.lint.checks.ReturnThisDetector                                : loaded 2 times (x 167B)
Class com.android.tools.lint.checks.RestrictedEnvironmentBlockedCallDetector$Companion: loaded 2 times (x 69B)
Class com.android.tools.lint.checks.MissingPrefixDetector                             : loaded 2 times (x 151B)
Class com.android.tools.lint.checks.LogDetector                                       : loaded 2 times (x 167B)
Class com.android.tools.lint.checks.HardcodedDebugModeDetector                        : loaded 2 times (x 151B)
Class com.google.common.reflect.TypeResolver$TypeTable$1                              : loaded 2 times (x 71B)
Class com.android.tools.lint.detector.api.XmlScanner                                  : loaded 2 times (x 68B)
Class com.android.tools.lint.LintCliClient$syncConfigOptions$configs$1                : loaded 2 times (x 77B)
Class com.intellij.util.text.ImmutableText                                            : loaded 2 times (x 102B)
Class kotlin.reflect.jvm.internal.impl.builtins.PrimitiveType$$Lambda$1               : loaded 2 times (x 74B)
Class build_8noy3lfegld2r0s3xeebtlwum                                                 : loaded 2 times (x 178B)
Class org.jetbrains.kotlin.gradle.plugin.mpp.KotlinJvmCompilation                     : loaded 2 times (x 198B)
Class org.jetbrains.kotlin.gradle.plugin.KotlinCompilation$Companion                  : loaded 2 times (x 69B)
Class com.google.common.collect.Lists$RandomAccessReverseList                         : loaded 2 times (x 198B)
Class org.jetbrains.kotlin.konan.target.KonanTarget$WATCHOS_ARM64                     : loaded 2 times (x 76B)
Class org.jetbrains.kotlin.konan.target.KonanTarget$MACOS_ARM64                       : loaded 2 times (x 76B)
Class org.jetbrains.kotlin.gradle.plugin.diagnostics.checkers.OverriddenKotlinNativeHomeChecker: loaded 2 times (x 72B)
Class org.jetbrains.kotlin.gradle.artifacts.KotlinJvmJarArtifactKt$KotlinJvmJarArtifact$1: loaded 2 times (x 72B)
Class org.jetbrains.kotlin.gradle.artifacts.KotlinLegacyCompatibilityMetadataArtifactKt: loaded 2 times (x 69B)
Class org.jetbrains.kotlin.gradle.targets.native.SetupEmbedAndSignAppleFrameworkTaskSideEffectKt: loaded 2 times (x 69B)
Class org.jetbrains.kotlin.gradle.plugin.KotlinProjectSetupActionKt$KotlinProjectSetupCoroutine$1: loaded 2 times (x 73B)
Class org.jetbrains.kotlin.gradle.dsl.ToolchainSupport$Companion                      : loaded 2 times (x 69B)
Class org.jetbrains.kotlin.gradle.plugin.KotlinSourceSet                              : loaded 2 times (x 68B)

---------------  S Y S T E M  ---------------

OS:
 Windows 11 , 64 bit Build 26100 (10.0.26100.8697)
OS uptime: 0 days 4:29 hours
Hyper-V role detected

CPU: total 12 (initial active 12) (6 cores per cpu, 2 threads per core) family 6 model 154 stepping 4 microcode 0x43b, cx8, cmov, fxsr, ht, mmx, 3dnowpref, sse, sse2, sse3, ssse3, sse4.1, sse4.2, popcnt, lzcnt, tsc, tscinvbit, avx, avx2, aes, erms, clmul, bmi1, bmi2, adx, sha, fma, vzeroupper, clflush, clflushopt, clwb, hv, serialize, rdtscp, rdpid, fsrm, f16c, cet_ibt, cet_ss
Processor Information for processor 0
  Max Mhz: 1700, Current Mhz: 1700, Mhz Limit: 1700
Processor Information for processor 1
  Max Mhz: 1700, Current Mhz: 1700, Mhz Limit: 1700
Processor Information for processor 2
  Max Mhz: 1700, Current Mhz: 1700, Mhz Limit: 1700
Processor Information for processor 3
  Max Mhz: 1700, Current Mhz: 1700, Mhz Limit: 1700
Processor Information for processor 4
  Max Mhz: 1700, Current Mhz: 1700, Mhz Limit: 1700
Processor Information for processor 5
  Max Mhz: 1700, Current Mhz: 1700, Mhz Limit: 1700
Processor Information for processor 6
  Max Mhz: 1700, Current Mhz: 1700, Mhz Limit: 1700
Processor Information for processor 7
  Max Mhz: 1700, Current Mhz: 1558, Mhz Limit: 1700
Processor Information for processor 8
  Max Mhz: 1700, Current Mhz: 1558, Mhz Limit: 1700
Processor Information for processor 9
  Max Mhz: 1700, Current Mhz: 1558, Mhz Limit: 1700
Processor Information for processor 10
  Max Mhz: 1700, Current Mhz: 1700, Mhz Limit: 1700
Processor Information for processor 11
  Max Mhz: 1700, Current Mhz: 1558, Mhz Limit: 1700

Memory: 4k page, system-wide physical 7876M (367M free)
TotalPageFile size 20286M (AvailPageFile size 5M)
current process WorkingSet (physical memory assigned to process): 506M, peak: 766M
current process commit charge ("private bytes"): 2980M, peak: 3003M

vm_info: OpenJDK 64-Bit Server VM (21.0.7+-13880790-b1038.58) for windows-amd64 JRE (21.0.7+-13880790-b1038.58), built on 2025-08-04T20:56:21Z by "builder" with MS VC++ 16.10 / 16.11 (VS2019)

END.
